id,storage,target,kind,storage_alignment,range_result,terminator
ascii_loader_2158,00002158,08C18000,other_declared_pointer,0,ROM,NOT_A_TEXT_ASSERTION
ascii_loader_21D4,000021D4,08C18000,other_declared_pointer,0,ROM,NOT_A_TEXT_ASSERTION
D00000,000091FC,088046E2,full_text,0,PASS,PASS
D00001,0000924C,088046E9,full_text,0,PASS,PASS
D00002,00009298,088046EF,full_text,0,PASS,PASS
D00003,000092AC,088046EC,full_text,0,PASS,PASS
D00003,000092C8,088046EC,full_text,0,PASS,PASS
UI_000092EC_pointer,000092EC,08C0D672,other_declared_pointer,0,ROM,NOT_A_TEXT_ASSERTION
UI_00009780_pointer,00009780,08C0D676,other_declared_pointer,0,ROM,NOT_A_TEXT_ASSERTION
D00004,00009784,08C0F1CE,full_text,0,PASS,PASS
UI_00009788_pointer,00009788,08C0D680,other_declared_pointer,0,ROM,NOT_A_TEXT_ASSERTION
D00005,0000978C,08C0F1D5,full_text,0,PASS,PASS
D00006,0000A514,08C20000,full_text,0,PASS,PASS
D00007,0000A518,08C2002B,full_text,0,PASS,PASS
D00008,0000A530,08C20051,full_text,0,PASS,PASS
D00009,0000A5D8,08804783,full_text,0,PASS,PASS
UI_0000B3C4_pointer,0000B3C4,08C0D687,other_declared_pointer,0,ROM,NOT_A_TEXT_ASSERTION
D00010,0000B538,08C2007D,full_text,0,PASS,PASS
D00011,0000B83C,088048A7,full_text,0,PASS,PASS
D00012,0000B884,08C200B7,full_text,0,PASS,PASS
D00013,0000B9D8,0880491D,full_text,0,PASS,PASS
D00014,0000B9DC,0880495A,full_text,0,PASS,PASS
D00015,0000BE6C,08804C49,full_text,0,PASS,PASS
D00016,0000BEC0,08C200E8,full_text,0,PASS,PASS
D00017,0000BF5C,08804C9C,full_text,0,PASS,PASS
UI_0000D524_pointer,0000D524,08C0D698,other_declared_pointer,0,ROM,NOT_A_TEXT_ASSERTION
D00018,0000D528,08C0F2F3,full_text,0,PASS,PASS
D00019,0000D52C,08C70000,full_text,0,PASS,PASS
D00020,0000D530,08C20163,full_text,0,PASS,PASS
D00021,0000D534,08804EEA,full_text,0,PASS,PASS
D00022,0000D538,08C201B4,full_text,0,PASS,PASS
D00023,0000D53C,08804F3C,full_text,0,PASS,PASS
UI_0000D540_pointer,0000D540,08C0D6A6,other_declared_pointer,0,ROM,NOT_A_TEXT_ASSERTION
D00024,0000D544,08C7002D,full_text,0,PASS,PASS
D00025,0000D548,08C20230,full_text,0,PASS,PASS
D00026,0000D54C,08C20260,full_text,0,PASS,PASS
D00027,0000D550,08805023,full_text,0,PASS,PASS
UI_0000D5B8_pointer,0000D5B8,08C0D6B0,other_declared_pointer,0,ROM,NOT_A_TEXT_ASSERTION
D00028,0000D5BC,08C70080,full_text,0,PASS,PASS
D00029,0000D5C0,08C2029D,full_text,0,PASS,PASS
D00030,0000D5C4,08C202D0,full_text,0,PASS,PASS
D00031,0000D5C8,08C700BD,full_text,0,PASS,PASS
D00032,0000D5CC,0880510C,full_text,0,PASS,PASS
D00033,0000D5D0,08C700E8,full_text,0,PASS,PASS
D00034,0000D5D4,08C20338,full_text,0,PASS,PASS
UI_0000D630_pointer,0000D630,08C0D6B7,other_declared_pointer,0,ROM,NOT_A_TEXT_ASSERTION
D00035,0000D634,08C20369,full_text,0,PASS,PASS
D00036,0000D638,08C20398,full_text,0,PASS,PASS
D00037,0000D63C,08C203E7,full_text,0,PASS,PASS
D00038,0000D640,08C20416,full_text,0,PASS,PASS
D00039,0000D644,088052A3,full_text,0,PASS,PASS
UI_0000D6F4_pointer,0000D6F4,08C0D6C4,other_declared_pointer,0,ROM,NOT_A_TEXT_ASSERTION
D00040,0000D6F8,08C20443,full_text,0,PASS,PASS
D00041,0000D6FC,0880531B,full_text,0,PASS,PASS
D00042,0000D700,08C20486,full_text,0,PASS,PASS
D00043,0000D704,08C204C7,full_text,0,PASS,PASS
UI_0000D708_pointer,0000D708,08C0D6CE,other_declared_pointer,0,ROM,NOT_A_TEXT_ASSERTION
D00044,0000D70C,08C20508,full_text,0,PASS,PASS
D00045,0000D710,08805435,full_text,0,PASS,PASS
D00046,0000D714,08C2054F,full_text,0,PASS,PASS
D00047,0000D718,08C205A0,full_text,0,PASS,PASS
D00048,0000D71C,08C205DF,full_text,0,PASS,PASS
D00049,0000D720,08C70129,full_text,0,PASS,PASS
UI_0000D774_pointer,0000D774,08C0D6D2,other_declared_pointer,0,ROM,NOT_A_TEXT_ASSERTION
D00050,0000D778,08C7015E,full_text,0,PASS,PASS
D00051,0000D77C,08C2066E,full_text,0,PASS,PASS
D00052,0000D780,08C206BF,full_text,0,PASS,PASS
D00053,0000D784,08C206FE,full_text,0,PASS,PASS
UI_0000D85C_pointer,0000D85C,08C0D6DF,other_declared_pointer,0,ROM,NOT_A_TEXT_ASSERTION
D00054,0000D860,08C20737,full_text,0,PASS,PASS
UI_0000D864_pointer,0000D864,08C0D6E6,other_declared_pointer,0,ROM,NOT_A_TEXT_ASSERTION
D00055,0000D868,088056DC,full_text,0,PASS,PASS
D00056,0000D86C,088056FB,full_text,0,PASS,PASS
D00057,0000D870,08805730,full_text,0,PASS,PASS
D00058,0000D874,08C70193,full_text,0,PASS,PASS
D00059,0000D878,08C20785,full_text,0,PASS,PASS
D00060,0000D87C,08C701B6,full_text,0,PASS,PASS
D00061,0000D880,088057DF,full_text,0,PASS,PASS
D00062,0000D884,088057FC,full_text,0,PASS,PASS
UI_0000D948_pointer,0000D948,08C0D6ED,other_declared_pointer,0,ROM,NOT_A_TEXT_ASSERTION
D00063,0000D94C,08805823,full_text,0,PASS,PASS
UI_0000D950_pointer,0000D950,08C0D6F4,other_declared_pointer,0,ROM,NOT_A_TEXT_ASSERTION
D00064,0000D954,0880584A,full_text,0,PASS,PASS
D00065,0000D958,08C207B5,full_text,0,PASS,PASS
D00066,0000D95C,08805898,full_text,0,PASS,PASS
D00067,0000D960,08C207F8,full_text,0,PASS,PASS
D00068,0000D964,088058DE,full_text,0,PASS,PASS
UI_0000D9C0_pointer,0000D9C0,08C0D6FB,other_declared_pointer,0,ROM,NOT_A_TEXT_ASSERTION
D00069,0000D9C4,08C20821,full_text,0,PASS,PASS
D00070,0000D9C8,08C701DD,full_text,0,PASS,PASS
D00071,0000D9CC,088059BF,full_text,0,PASS,PASS
D00072,0000D9D0,08805A04,full_text,0,PASS,PASS
D00073,0000D9D4,08805A27,full_text,0,PASS,PASS
UI_0000DACC_pointer,0000DACC,08C0D708,other_declared_pointer,0,ROM,NOT_A_TEXT_ASSERTION
D00074,0000DAD0,08805A3E,full_text,0,PASS,PASS
UI_0000DAD4_pointer,0000DAD4,08C0D712,other_declared_pointer,0,ROM,NOT_A_TEXT_ASSERTION
D00075,0000DAD8,08805A5B,full_text,0,PASS,PASS
D00076,0000DADC,08C0F562,full_text,0,PASS,PASS
D00077,0000DAE0,08805AA0,full_text,0,PASS,PASS
D00078,0000DAE4,08C20862,full_text,0,PASS,PASS
D00079,0000DAE8,08C2087F,full_text,0,PASS,PASS
D00080,0000DAEC,08C0F59C,full_text,0,PASS,PASS
D00081,0000DAF0,08805B64,full_text,0,PASS,PASS
D00082,0000DAF4,08C208B8,full_text,0,PASS,PASS
D00083,0000DAF8,08C70218,full_text,0,PASS,PASS
D00084,0000DAFC,08C0F64B,full_text,0,PASS,PASS
UI_0000DB90_pointer,0000DB90,08C0D719,other_declared_pointer,0,ROM,NOT_A_TEXT_ASSERTION
D00085,0000DB94,08805C0A,full_text,0,PASS,PASS
D00086,0000DB98,08C208E5,full_text,0,PASS,PASS
D00087,0000DB9C,08C7023F,full_text,0,PASS,PASS
D00088,0000DBA0,08C70264,full_text,0,PASS,PASS
D00089,0000DBA4,08C2092A,full_text,0,PASS,PASS
UI_0000DBFC_pointer,0000DBFC,08C0D720,other_declared_pointer,0,ROM,NOT_A_TEXT_ASSERTION
D00090,0000DC00,08805CDB,full_text,0,PASS,PASS
D00091,0000DC04,08805CEC,full_text,0,PASS,PASS
D00092,0000DC08,08C20963,full_text,0,PASS,PASS
D00093,0000E6E8,08C2099D,full_text,0,PASS,PASS
D00094,0000EB90,08805D71,full_text,0,PASS,PASS
D00095,0000EB94,08C209CF,full_text,0,PASS,PASS
FIXED_UI_0000ED40_pointer,0000ED40,08C0F2D7,other_declared_pointer,0,ROM,NOT_A_TEXT_ASSERTION
FIXED_UI_0000EFB4_pointer,0000EFB4,08C0F2E5,other_declared_pointer,0,ROM,NOT_A_TEXT_ASSERTION
D00096,0000F660,08805D99,full_text,0,PASS,PASS
D00097,0000F6C4,08805DB3,full_text,0,PASS,PASS
D00098,0000FAE8,08C209E6,full_text,0,PASS,PASS
D00099,0000FB14,08805DE5,full_text,0,PASS,PASS
D00100,0000FB48,08805DF4,full_text,0,PASS,PASS
D00101,0000FD84,08805E0E,full_text,0,PASS,PASS
D00102,0000FD9C,08C209F9,full_text,0,PASS,PASS
D00103,0000FDE4,08805E4A,full_text,0,PASS,PASS
D00104,0000FE30,08C20A16,full_text,0,PASS,PASS
UI_00010380_pointer,00010380,08C0D727,other_declared_pointer,0,ROM,NOT_A_TEXT_ASSERTION
D00105,00010464,08805E79,full_text,0,PASS,PASS
D00106,00010480,08C20A34,full_text,0,PASS,PASS
D00107,0001049C,08805EAF,full_text,0,PASS,PASS
D00108,0001054C,08C20A51,full_text,0,PASS,PASS
D00109,00010554,08805EE5,full_text,0,PASS,PASS
UI_00010A70_pointer,00010A70,08C0D73E,other_declared_pointer,0,ROM,NOT_A_TEXT_ASSERTION
UI_00010D54_pointer,00010D54,08C0D76B,other_declared_pointer,0,ROM,NOT_A_TEXT_ASSERTION
UI_00010DD4_pointer,00010DD4,08C0D77D,other_declared_pointer,0,ROM,NOT_A_TEXT_ASSERTION
UI_0001128C_pointer,0001128C,08C0D788,other_declared_pointer,0,ROM,NOT_A_TEXT_ASSERTION
UI_000112B0_pointer,000112B0,08C0D795,other_declared_pointer,0,ROM,NOT_A_TEXT_ASSERTION
D00110,00011C2C,08806181,full_text,0,PASS,PASS
D00111,00011C8C,08C20A68,full_text,0,PASS,PASS
UI_00011E3C_pointer,00011E3C,08C0D7A1,other_declared_pointer,0,ROM,NOT_A_TEXT_ASSERTION
D00112,00012140,088061B1,full_text,0,PASS,PASS
UI_00012768_pointer,00012768,08C0D7A9,other_declared_pointer,0,ROM,NOT_A_TEXT_ASSERTION
D00113,0001290C,08C70271,full_text,0,PASS,PASS
D00114,00012B0C,088066A0,full_text,0,PASS,PASS
D00115,00012B4C,088066BC,full_text,0,PASS,PASS
UI_00012B7C_pointer,00012B7C,08C0D7B0,other_declared_pointer,0,ROM,NOT_A_TEXT_ASSERTION
D00116,00012C30,08C20A80,full_text,0,PASS,PASS
D00117,00012C38,08C20AB1,full_text,0,PASS,PASS
D00118,00012C48,08C20AD1,full_text,0,PASS,PASS
UI_00012CD8_pointer,00012CD8,08C64E42,other_declared_pointer,0,ROM,NOT_A_TEXT_ASSERTION
UI_00012CEC_pointer,00012CEC,08C0D7E3,other_declared_pointer,0,ROM,NOT_A_TEXT_ASSERTION
UI_00012CFC_pointer,00012CFC,08C0D7F7,other_declared_pointer,0,ROM,NOT_A_TEXT_ASSERTION
UI_00012D64_pointer,00012D64,08C0D802,other_declared_pointer,0,ROM,NOT_A_TEXT_ASSERTION
UI_00012D7C_pointer,00012D7C,08C0D81E,other_declared_pointer,0,ROM,NOT_A_TEXT_ASSERTION
D00112,0001324C,08806753,full_text,0,PASS,PASS
D00112,00013A04,08806753,full_text,0,PASS,PASS
D00119,00013D48,08C20AEF,full_text,0,PASS,PASS
D00120,00013D64,08C20B28,full_text,0,PASS,PASS
D00121,00013D7C,088067D4,full_text,0,PASS,PASS
D00122,00013E30,088067E9,full_text,0,PASS,PASS
D00123,00013E34,088067F9,full_text,0,PASS,PASS
UI_000140B4_pointer,000140B4,08C0D839,other_declared_pointer,0,ROM,NOT_A_TEXT_ASSERTION
UI_00014620_pointer,00014620,08C0D847,other_declared_pointer,0,ROM,NOT_A_TEXT_ASSERTION
UI_00014624_pointer,00014624,08C0D859,other_declared_pointer,0,ROM,NOT_A_TEXT_ASSERTION
UI_00014628_pointer,00014628,08C0D86B,other_declared_pointer,0,ROM,NOT_A_TEXT_ASSERTION
UI_0001462C_pointer,0001462C,08C0D87C,other_declared_pointer,0,ROM,NOT_A_TEXT_ASSERTION
UI_00014630_pointer,00014630,08C0D88E,other_declared_pointer,0,ROM,NOT_A_TEXT_ASSERTION
UI_00014634_pointer,00014634,08C0D8A0,other_declared_pointer,0,ROM,NOT_A_TEXT_ASSERTION
UI_0001463C_pointer,0001463C,08C0D8B2,other_declared_pointer,0,ROM,NOT_A_TEXT_ASSERTION
UI_0001465C_pointer,0001465C,08C0D8D9,other_declared_pointer,0,ROM,NOT_A_TEXT_ASSERTION
UI_000146F8_pointer,000146F8,08C0D8EE,other_declared_pointer,0,ROM,NOT_A_TEXT_ASSERTION
UI_00014704_pointer,00014704,08C0D902,other_declared_pointer,0,ROM,NOT_A_TEXT_ASSERTION
UI_000159E8_pointer,000159E8,08C0D90C,other_declared_pointer,0,ROM,NOT_A_TEXT_ASSERTION
UI_00015A0C_pointer,00015A0C,08C0D92A,other_declared_pointer,0,ROM,NOT_A_TEXT_ASSERTION
D00124,00015C58,0880685E,full_text,0,PASS,PASS
UI_00015D54_pointer,00015D54,08C0D947,other_declared_pointer,0,ROM,NOT_A_TEXT_ASSERTION
UI_00015D58_pointer,00015D58,08C0D958,other_declared_pointer,0,ROM,NOT_A_TEXT_ASSERTION
UI_00015D5C_pointer,00015D5C,08C0D967,other_declared_pointer,0,ROM,NOT_A_TEXT_ASSERTION
D00125,00015E28,0880686F,full_text,0,PASS,PASS
D00126,00015E6C,0880688C,full_text,0,PASS,PASS
D00127,00015E9C,088068A5,full_text,0,PASS,PASS
D00127,000160BC,088068A5,full_text,0,PASS,PASS
UI_00016708_pointer,00016708,08C0D96E,other_declared_pointer,0,ROM,NOT_A_TEXT_ASSERTION
UI_00016710_pointer,00016710,08C0D97B,other_declared_pointer,0,ROM,NOT_A_TEXT_ASSERTION
D00128,00016C2C,08C20B54,full_text,0,PASS,PASS
D00129,00016C30,088069B3,full_text,0,PASS,PASS
UI_00016D64_pointer,00016D64,08C0D988,other_declared_pointer,0,ROM,NOT_A_TEXT_ASSERTION
UI_00016D68_pointer,00016D68,08C0D999,other_declared_pointer,0,ROM,NOT_A_TEXT_ASSERTION
UI_00016D6C_pointer,00016D6C,08C0D9A0,other_declared_pointer,0,ROM,NOT_A_TEXT_ASSERTION
D00130,00016E74,088069D4,full_text,0,PASS,PASS
D00131,00016EB4,088069E9,full_text,0,PASS,PASS
D00132,00016EB8,08C20B69,full_text,0,PASS,PASS
D00133,00017054,08C702AC,full_text,0,PASS,PASS
D00131,000170F8,088069E9,full_text,0,PASS,PASS
D00134,00017354,08806A45,full_text,0,PASS,PASS
D00130,00017378,088069D4,full_text,0,PASS,PASS
D00135,000173A4,08C20BB5,full_text,0,PASS,PASS
D00136,000173D0,08806A73,full_text,0,PASS,PASS
D00137,000175A8,08C20BD2,full_text,0,PASS,PASS
UI_000176F4_pointer,000176F4,08C0D9AE,other_declared_pointer,0,ROM,NOT_A_TEXT_ASSERTION
UI_000176FC_pointer,000176FC,08C0D9BB,other_declared_pointer,0,ROM,NOT_A_TEXT_ASSERTION
UI_00018AA4_pointer,00018AA4,08C0D9C8,other_declared_pointer,0,ROM,NOT_A_TEXT_ASSERTION
UI_00018AB0_pointer,00018AB0,08C0D9DD,other_declared_pointer,0,ROM,NOT_A_TEXT_ASSERTION
UI_00018AB4_pointer,00018AB4,08C0D9EF,other_declared_pointer,0,ROM,NOT_A_TEXT_ASSERTION
UI_00018AB8_pointer,00018AB8,08C0DA01,other_declared_pointer,0,ROM,NOT_A_TEXT_ASSERTION
UI_00018ABC_pointer,00018ABC,08C0DA12,other_declared_pointer,0,ROM,NOT_A_TEXT_ASSERTION
D00138,00018E10,08C20C0C,full_text,0,PASS,PASS
D00139,00018F38,08806F03,full_text,0,PASS,PASS
D00140,000192C8,08C20C2A,full_text,0,PASS,PASS
D00141,000192DC,0880775C,full_text,0,PASS,PASS
UI_00019564_pointer,00019564,08C0DA23,other_declared_pointer,0,ROM,NOT_A_TEXT_ASSERTION
UI_000197F0_pointer,000197F0,08C0DA2E,other_declared_pointer,0,ROM,NOT_A_TEXT_ASSERTION
UI_000197F4_pointer,000197F4,08C0DA40,other_declared_pointer,0,ROM,NOT_A_TEXT_ASSERTION
UI_000197F8_pointer,000197F8,08C0DA52,other_declared_pointer,0,ROM,NOT_A_TEXT_ASSERTION
UI_000197FC_pointer,000197FC,08C0DA63,other_declared_pointer,0,ROM,NOT_A_TEXT_ASSERTION
UI_00019800_pointer,00019800,08C0DA75,other_declared_pointer,0,ROM,NOT_A_TEXT_ASSERTION
UI_00019818_pointer,00019818,08C0DA86,other_declared_pointer,0,ROM,NOT_A_TEXT_ASSERTION
UI_00019880_pointer,00019880,08C0DA98,other_declared_pointer,0,ROM,NOT_A_TEXT_ASSERTION
UI_00019884_pointer,00019884,08C0DAAC,other_declared_pointer,0,ROM,NOT_A_TEXT_ASSERTION
UI_00019888_pointer,00019888,08C0DAC0,other_declared_pointer,0,ROM,NOT_A_TEXT_ASSERTION
UI_0001988C_pointer,0001988C,08C0DAD3,other_declared_pointer,0,ROM,NOT_A_TEXT_ASSERTION
UI_00019994_pointer,00019994,08C0DAE7,other_declared_pointer,0,ROM,NOT_A_TEXT_ASSERTION
UI_00019998_pointer,00019998,08C0DAEF,other_declared_pointer,0,ROM,NOT_A_TEXT_ASSERTION
UI_0001999C_pointer,0001999C,08C0DAFA,other_declared_pointer,0,ROM,NOT_A_TEXT_ASSERTION
UI_00019BA4_pointer,00019BA4,08C0DB01,other_declared_pointer,0,ROM,NOT_A_TEXT_ASSERTION
D00142,00023488,08808E9C,full_text,0,PASS,PASS
UI_00025FC8_pointer,00025FC8,08C0DB1C,other_declared_pointer,0,ROM,NOT_A_TEXT_ASSERTION
UI_00025FD0_pointer,00025FD0,08C0DB26,other_declared_pointer,0,ROM,NOT_A_TEXT_ASSERTION
UI_00025FD4_pointer,00025FD4,08C0DB30,other_declared_pointer,0,ROM,NOT_A_TEXT_ASSERTION
D00143,00047FE0,08808EAF,full_text,0,PASS,PASS
D00144,00048B1C,08C20C3C,full_text,0,PASS,PASS
D00145,00049908,08808EC5,full_text,0,PASS,PASS
D00146,0004A6F8,08808ED4,full_text,0,PASS,PASS
D00147,0004B020,08C20C4B,full_text,0,PASS,PASS
D00148,0004B3E4,08808EEA,full_text,0,PASS,PASS
D00145,0004B80C,08808EF7,full_text,0,PASS,PASS
D00149,0004B91C,08808F06,full_text,0,PASS,PASS
D00150,0004BD9C,08808F11,full_text,0,PASS,PASS
D00151,0004D074,08808F18,full_text,0,PASS,PASS
D00152,0004E890,08808F25,full_text,0,PASS,PASS
D00153,0004E930,08C20C54,full_text,0,PASS,PASS
D00154,0004EB34,08808F3F,full_text,0,PASS,PASS
D00155,0004ED30,08808F4E,full_text,0,PASS,PASS
D00156,0006AC14,08C702D7,full_text,0,PASS,PASS
D00156,0006ADBC,08C702D7,full_text,0,PASS,PASS
D00156,0006C90C,08C702D7,full_text,0,PASS,PASS
D00157,00075D2C,08808F77,full_text,0,PASS,PASS
D00158,00078740,08808F84,full_text,0,PASS,PASS
D00159,00078760,08C20C61,full_text,0,PASS,PASS
D00160,00078784,08808F94,full_text,0,PASS,PASS
D00161,000787AC,08808FA1,full_text,0,PASS,PASS
D00162,000787C4,08C20C6C,full_text,0,PASS,PASS
D00163,0007E488,08C20C77,full_text,0,PASS,PASS
D00164,0007E4B0,08C20C9A,full_text,0,PASS,PASS
D00165,0007E4C8,0880900A,full_text,0,PASS,PASS
D00166,0007EC08,0880904D,full_text,0,PASS,PASS
D00167,0007EC34,08C20CC0,full_text,0,PASS,PASS
D00168,0007EC4C,0880908D,full_text,0,PASS,PASS
D00169,0007ED38,08C20CE5,full_text,0,PASS,PASS
D00170,0007ED88,088090E3,full_text,0,PASS,PASS
D00171,0007EDE8,08C20CFE,full_text,0,PASS,PASS
D00172,0007F0A4,08809132,full_text,0,PASS,PASS
D00173,0007F0D8,08809145,full_text,0,PASS,PASS
D00174,0007F1C0,0880915C,full_text,0,PASS,PASS
D00175,000803BC,08C20D34,full_text,0,PASS,PASS
D00176,0008050C,08C20DE0,full_text,0,PASS,PASS
D00177,00080534,08C20E0D,full_text,0,PASS,PASS
D00178,00080554,08C20E42,full_text,0,PASS,PASS
D00179,000808C8,08809B94,full_text,0,PASS,PASS
D00180,00080928,08C20E79,full_text,0,PASS,PASS
D00181,00080C6C,08809E7C,full_text,0,PASS,PASS
UI_00081438_pointer,00081438,08C0DB3A,other_declared_pointer,0,ROM,NOT_A_TEXT_ASSERTION
D00182,0008143C,08C20EA0,full_text,0,PASS,PASS
D00183,00081F34,08C20EB5,full_text,0,PASS,PASS
D00184,00082198,08C20ED0,full_text,0,PASS,PASS
D00185,000821A0,08809EF5,full_text,0,PASS,PASS
D00186,00082260,08C20EED,full_text,0,PASS,PASS
D00187,00082578,0880B975,full_text,0,PASS,PASS
D00188,00082F98,08C20F18,full_text,0,PASS,PASS
UI_00082FF8_pointer,00082FF8,08C0DB4B,other_declared_pointer,0,ROM,NOT_A_TEXT_ASSERTION
UI_00082FFC_pointer,00082FFC,08C0DB74,other_declared_pointer,0,ROM,NOT_A_TEXT_ASSERTION
UI_00083000_pointer,00083000,08C0DB8F,other_declared_pointer,0,ROM,NOT_A_TEXT_ASSERTION
UI_00083050_pointer,00083050,08C0DBB0,other_declared_pointer,0,ROM,NOT_A_TEXT_ASSERTION
UI_00083054_pointer,00083054,08C0DBD8,other_declared_pointer,0,ROM,NOT_A_TEXT_ASSERTION
UI_00083058_pointer,00083058,08C0DBF2,other_declared_pointer,0,ROM,NOT_A_TEXT_ASSERTION
UI_0008305C_pointer,0008305C,08C0DBFA,other_declared_pointer,0,ROM,NOT_A_TEXT_ASSERTION
UI_00083060_pointer,00083060,08C0DC0F,other_declared_pointer,0,ROM,NOT_A_TEXT_ASSERTION
D00189,00083360,0880BBA3,full_text,0,PASS,PASS
D00190,0008388C,08C20F4B,full_text,0,PASS,PASS
D00191,00083DBC,08C20F96,full_text,0,PASS,PASS
D00192,00083DC8,08C20FDF,full_text,0,PASS,PASS
D00193,00083DD4,08C2102C,full_text,0,PASS,PASS
D00194,00083DDC,08815F3C,full_text,0,PASS,PASS
D00195,0008470C,08815F9D,full_text,0,PASS,PASS
D00196,0008472C,08C2109B,full_text,0,PASS,PASS
D00197,00084754,08C702EE,full_text,0,PASS,PASS
UI_000848B0_pointer,000848B0,08C0DC34,other_declared_pointer,0,ROM,NOT_A_TEXT_ASSERTION
D00198,000848B8,08C2110D,full_text,0,PASS,PASS
D00199,000848BC,0881605B,full_text,0,PASS,PASS
D00200,000848E0,08816098,full_text,0,PASS,PASS
D00201,000848E4,088160B5,full_text,0,PASS,PASS
D00202,00084958,088160CA,full_text,0,PASS,PASS
D00203,0008495C,08816113,full_text,0,PASS,PASS
D00204,00084960,08C70327,full_text,0,PASS,PASS
D00205,00084964,08C7035B,full_text,0,PASS,PASS
D00206,00084968,088161B3,full_text,0,PASS,PASS
D00207,0008499C,08C2116E,full_text,0,PASS,PASS
D00208,000849B0,08C211B5,full_text,0,PASS,PASS
D00209,000849D4,08C211FC,full_text,0,PASS,PASS
D00210,00084B04,088162C1,full_text,0,PASS,PASS
D00211,00084B20,08C21227,full_text,0,PASS,PASS
D00212,000855A4,08816309,full_text,0,PASS,PASS
D00213,000855C0,08C21250,full_text,0,PASS,PASS
D00214,00085D80,08C21277,full_text,0,PASS,PASS
D00215,00085E00,08C212A4,full_text,0,PASS,PASS
D00216,000868E0,088163B9,full_text,0,PASS,PASS
D00217,000883A8,088163E6,full_text,0,PASS,PASS
D00218,0008870C,08816409,full_text,0,PASS,PASS
D00219,00088710,08C212F1,full_text,0,PASS,PASS
D00220,00088714,0881644D,full_text,0,PASS,PASS
D00221,0008871C,08C2131E,full_text,0,PASS,PASS
D00222,00088720,088164D8,full_text,0,PASS,PASS
D00223,000887D0,08816504,full_text,0,PASS,PASS
D00224,000887D4,0881651D,full_text,0,PASS,PASS
D00225,00088888,0881653F,full_text,0,PASS,PASS
D00226,0008888C,08816579,full_text,0,PASS,PASS
D00217,00089C00,08816591,full_text,0,PASS,PASS
D00217,00089ECC,088165B4,full_text,0,PASS,PASS
D00227,0008B4A8,08816719,full_text,0,PASS,PASS
D00228,0008B54C,08816732,full_text,0,PASS,PASS
D00229,0008BE2C,08C703A0,full_text,0,PASS,PASS
D00230,0008BE44,08816775,full_text,0,PASS,PASS
D00231,0008BF2C,08816788,full_text,0,PASS,PASS
D00232,0008BF30,088167A7,full_text,0,PASS,PASS
D00233,0008BF68,088167C3,full_text,0,PASS,PASS
D00234,0008BF70,088167D8,full_text,0,PASS,PASS
D00235,0008BF90,08C2138B,full_text,0,PASS,PASS
D00236,0008BFF8,08C213AC,full_text,0,PASS,PASS
D00237,0008C06C,08C213D1,full_text,0,PASS,PASS
D00238,0008C070,08C213F0,full_text,0,PASS,PASS
D00239,00090348,08C2143D,full_text,0,PASS,PASS
D00240,00090580,08C703CA,full_text,0,PASS,PASS
D00241,00090854,08C703E8,full_text,0,PASS,PASS
D00242,00090954,08C7040C,full_text,0,PASS,PASS
D00243,00090DE4,08C7041F,full_text,0,PASS,PASS
UI_00090E78_pointer,00090E78,08C0DC3B,other_declared_pointer,0,ROM,NOT_A_TEXT_ASSERTION
D00244,00090E98,08816A47,full_text,0,PASS,PASS
D00245,00090E9C,08816A78,full_text,0,PASS,PASS
D00246,00090EA0,08816AB7,full_text,0,PASS,PASS
D00247,00090EBC,08C21482,full_text,0,PASS,PASS
D00248,00090F44,08816B29,full_text,0,PASS,PASS
D00249,00091050,08C214A1,full_text,0,PASS,PASS
UI_00091058_pointer,00091058,08C0DC45,other_declared_pointer,0,ROM,NOT_A_TEXT_ASSERTION
D00250,0009105C,08C214C8,full_text,0,PASS,PASS
UI_00091060_pointer,00091060,08C0DC4E,other_declared_pointer,0,ROM,NOT_A_TEXT_ASSERTION
D00251,00091064,08C70445,full_text,0,PASS,PASS
D00252,00091068,08C214FB,full_text,0,PASS,PASS
D00253,0009106C,08C0F668,full_text,0,PASS,PASS
D00254,00091244,08C70460,full_text,0,PASS,PASS
D00255,0009137C,08C7046F,full_text,0,PASS,PASS
D00256,00091710,08C70493,full_text,0,PASS,PASS
D00257,00091714,08C2153A,full_text,0,PASS,PASS
D00258,00094BE0,08816C9C,full_text,0,PASS,PASS
D00259,00094BE4,08816CCF,full_text,0,PASS,PASS
D00260,00094BE8,08816CE8,full_text,0,PASS,PASS
D00261,00094BEC,08816D05,full_text,0,PASS,PASS
D00262,00094BF0,08C2155D,full_text,0,PASS,PASS
D00263,00094BF4,08816D6E,full_text,0,PASS,PASS
D00264,00094BF8,08C215A5,full_text,0,PASS,PASS
D00265,00094BFC,08816DB4,full_text,0,PASS,PASS
D00266,00094C00,08C215DC,full_text,0,PASS,PASS
D00267,00094C04,08816E33,full_text,0,PASS,PASS
D00268,00094C08,08816E50,full_text,0,PASS,PASS
D00269,00094C0C,08C2161A,full_text,0,PASS,PASS
D00270,00094C10,08C2163F,full_text,0,PASS,PASS
D00271,00094C14,08C21676,full_text,0,PASS,PASS
D00272,00094C18,08816F20,full_text,0,PASS,PASS
D00273,00094C1C,08816F58,full_text,0,PASS,PASS
D00274,00094C20,08C216B1,full_text,0,PASS,PASS
D00275,00094C24,08816F84,full_text,0,PASS,PASS
D00276,00094C28,08816FA1,full_text,0,PASS,PASS
D00277,00094C2C,08816FC6,full_text,0,PASS,PASS
D00278,00094C70,08C216CE,full_text,0,PASS,PASS
D00276,00094C74,08816FA1,full_text,0,PASS,PASS
D00277,00094C78,08816FC6,full_text,0,PASS,PASS
D00279,000953C0,08817010,full_text,0,PASS,PASS
D00280,000958D0,08817049,full_text,0,PASS,PASS
D00280,00095D7C,0881705F,full_text,0,PASS,PASS
D00281,00096FF8,08817075,full_text,0,PASS,PASS
UI_000988DC_pointer,000988DC,08C0DC5A,other_declared_pointer,0,ROM,NOT_A_TEXT_ASSERTION
UI_000988E4_pointer,000988E4,08C0DC6A,other_declared_pointer,0,ROM,NOT_A_TEXT_ASSERTION
UI_000988EC_pointer,000988EC,08C0DC78,other_declared_pointer,0,ROM,NOT_A_TEXT_ASSERTION
UI_000988F4_pointer,000988F4,08C0DC86,other_declared_pointer,0,ROM,NOT_A_TEXT_ASSERTION
UI_000988FC_pointer,000988FC,08C0DC93,other_declared_pointer,0,ROM,NOT_A_TEXT_ASSERTION
UI_00098904_pointer,00098904,08C0DCA0,other_declared_pointer,0,ROM,NOT_A_TEXT_ASSERTION
UI_0009890C_pointer,0009890C,08C0DCB5,other_declared_pointer,0,ROM,NOT_A_TEXT_ASSERTION
UI_00098914_pointer,00098914,08C0DC86,other_declared_pointer,0,ROM,NOT_A_TEXT_ASSERTION
UI_0009891C_pointer,0009891C,08C0DC93,other_declared_pointer,0,ROM,NOT_A_TEXT_ASSERTION
D00282,0009C67C,08C216ED,full_text,0,PASS,PASS
D00283,0009C680,08C21700,full_text,0,PASS,PASS
D00284,0009C684,08C2171C,full_text,0,PASS,PASS
D00285,0009C688,08C704B7,full_text,0,PASS,PASS
D00286,0009C68C,088414DF,full_text,0,PASS,PASS
D00287,0009C690,088414F0,full_text,0,PASS,PASS
D00288,0009C694,08C21768,full_text,0,PASS,PASS
D00289,0009C698,08C704FC,full_text,0,PASS,PASS
D00290,0009C69C,08C2178F,full_text,0,PASS,PASS
D00291,0009C6A0,088415AC,full_text,0,PASS,PASS
D00292,0009C6A4,088415C8,full_text,0,PASS,PASS
D00293,0009C6A8,08C217C6,full_text,0,PASS,PASS
D00294,0009C6AC,08C217ED,full_text,0,PASS,PASS
D00295,0009C6B0,08841619,full_text,0,PASS,PASS
D00296,0009C6B4,08C217FE,full_text,0,PASS,PASS
D00297,0009C6B8,08C21817,full_text,0,PASS,PASS
D00298,0009C6BC,08C70531,full_text,0,PASS,PASS
D00299,0009C7E8,08C21841,full_text,0,PASS,PASS
D00300,0009C7EC,088416FA,full_text,0,PASS,PASS
D00301,0009C7F0,0884171B,full_text,0,PASS,PASS
D00302,0009C7F4,08841734,full_text,0,PASS,PASS
D00303,0009C7F8,08C2188D,full_text,0,PASS,PASS
D00304,0009C7FC,08C218AE,full_text,0,PASS,PASS
D00305,0009C800,0884179B,full_text,0,PASS,PASS
D00306,0009C804,08C218D7,full_text,0,PASS,PASS
D00307,0009C808,08C21901,full_text,0,PASS,PASS
D00308,0009C888,0884182C,full_text,0,PASS,PASS
D00309,0009C88C,08C7054E,full_text,0,PASS,PASS
D00310,0009C890,08C2193B,full_text,0,PASS,PASS
D00311,0009C894,08C21968,full_text,0,PASS,PASS
D00312,0009C928,08C7058A,full_text,0,PASS,PASS
D00313,0009CD14,08C219CA,full_text,0,PASS,PASS
D00314,0009CD18,08C219F7,full_text,0,PASS,PASS
D00315,0009CD1C,08C0F696,full_text,0,PASS,PASS
D00316,0009CD20,08841963,full_text,0,PASS,PASS
D00317,0009CD24,08C21A29,full_text,0,PASS,PASS
D00318,0009CD28,088419CE,full_text,0,PASS,PASS
D00319,0009CD2C,08C21A58,full_text,0,PASS,PASS
D00320,0009CD30,08C0F6BC,full_text,0,PASS,PASS
D00321,0009CD34,08C21A6D,full_text,0,PASS,PASS
D00322,0009CD38,08C21A9C,full_text,0,PASS,PASS
D00323,0009CD3C,08C21AB7,full_text,0,PASS,PASS
D00324,0009CD40,08C21AD8,full_text,0,PASS,PASS
D00325,0009CD44,08841A98,full_text,0,PASS,PASS
D00326,0009CD48,08C21AEF,full_text,0,PASS,PASS
D00327,0009CD4C,08C21B16,full_text,0,PASS,PASS
D00328,0009CD50,08C21B4C,full_text,0,PASS,PASS
D00329,0009CD54,08C21B6D,full_text,0,PASS,PASS
D00330,0009CD58,08841B82,full_text,0,PASS,PASS
D00331,0009CD5C,08C705B3,full_text,0,PASS,PASS
D00332,0009CD60,08C21BCE,full_text,0,PASS,PASS
D00333,0009CD64,08C705DD,full_text,0,PASS,PASS
D00334,0009CD68,08841C47,full_text,0,PASS,PASS
D00335,0009CD6C,08C0F72D,full_text,0,PASS,PASS
D00336,0009CD70,08841CA0,full_text,0,PASS,PASS
D00337,0009CD74,08841CAD,full_text,0,PASS,PASS
D00338,0009CD78,08841CD5,full_text,0,PASS,PASS
D00339,0009CD7C,08841CF8,full_text,0,PASS,PASS
D00340,0009CD80,08C0F773,full_text,0,PASS,PASS
D00341,0009CF08,08C21C41,full_text,0,PASS,PASS
D00342,0009CF0C,08841DB0,full_text,0,PASS,PASS
D00343,0009CF10,08841DCD,full_text,0,PASS,PASS
D00344,0009CF14,08C21C7F,full_text,0,PASS,PASS
D00345,0009CF18,08C21CC5,full_text,0,PASS,PASS
D00346,0009CF1C,08841E5D,full_text,0,PASS,PASS
D00347,0009CF20,08C0F82E,full_text,0,PASS,PASS
D00348,0009CF24,08841E91,full_text,0,PASS,PASS
D00349,0009CF28,08841EBF,full_text,0,PASS,PASS
D00350,0009CFE4,08841EE5,full_text,0,PASS,PASS
D00351,0009CFE8,08841EFD,full_text,0,PASS,PASS
D00352,0009CFEC,08C21CF3,full_text,0,PASS,PASS
D00353,0009CFF0,08841F84,full_text,0,PASS,PASS
D00354,0009CFF4,08841F8F,full_text,0,PASS,PASS
D00355,0009CFF8,08841F9C,full_text,0,PASS,PASS
D00356,0009D090,08C21D38,full_text,0,PASS,PASS
D00357,0009D470,08841FF5,full_text,0,PASS,PASS
D00358,0009D474,08842016,full_text,0,PASS,PASS
D00359,0009D478,08C7061A,full_text,0,PASS,PASS
D00360,0009D47C,08C70635,full_text,0,PASS,PASS
D00361,0009D480,08842053,full_text,0,PASS,PASS
D00362,0009D484,08C70644,full_text,0,PASS,PASS
D00363,0009D488,08842085,full_text,0,PASS,PASS
D00364,0009D48C,08C70651,full_text,0,PASS,PASS
D00365,0009D490,088420B9,full_text,0,PASS,PASS
D00336,0009D494,088420D8,full_text,0,PASS,PASS
D00366,0009D498,088420E5,full_text,0,PASS,PASS
D00367,0009D49C,088420F4,full_text,0,PASS,PASS
D00368,0009D4A0,08C21D5B,full_text,0,PASS,PASS
D00369,0009D4A4,08C21D80,full_text,0,PASS,PASS
D00370,0009D4A8,08C21DCB,full_text,0,PASS,PASS
D00371,0009D4AC,088421AA,full_text,0,PASS,PASS
D00372,0009D4B0,088421CB,full_text,0,PASS,PASS
D00373,0009D4B4,08C21DFF,full_text,0,PASS,PASS
D00374,0009D4B8,08842210,full_text,0,PASS,PASS
D00375,0009D4BC,08842235,full_text,0,PASS,PASS
D00376,0009D4C0,0884225E,full_text,0,PASS,PASS
D00377,0009D4C4,08842271,full_text,0,PASS,PASS
D00378,0009D4C8,08842294,full_text,0,PASS,PASS
D00379,0009D4CC,088422C1,full_text,0,PASS,PASS
D00380,0009D4D0,088422CC,full_text,0,PASS,PASS
D00381,0009D4D4,08C21E33,full_text,0,PASS,PASS
D00379,0009D4D8,08842312,full_text,0,PASS,PASS
D00382,0009D4DC,0884231D,full_text,0,PASS,PASS
D00383,0009D4E0,08C21E66,full_text,0,PASS,PASS
D00384,0009D4E4,08C21E9B,full_text,0,PASS,PASS
D00385,0009D4E8,08C21EB8,full_text,0,PASS,PASS
D00386,0009D4EC,088423D6,full_text,0,PASS,PASS
D00387,0009D614,08C21EE3,full_text,0,PASS,PASS
D00388,0009D618,08842430,full_text,0,PASS,PASS
D00389,0009D61C,08C21F30,full_text,0,PASS,PASS
D00386,0009D620,088423D6,full_text,0,PASS,PASS
D00390,0009D624,08C21F64,full_text,0,PASS,PASS
D00391,0009D628,08C21F94,full_text,0,PASS,PASS
D00392,0009D62C,08C21FB3,full_text,0,PASS,PASS
D00393,0009D630,08842512,full_text,0,PASS,PASS
D00394,0009D634,08C21FE1,full_text,0,PASS,PASS
D00395,0009D638,08842568,full_text,0,PASS,PASS
D00396,0009D6BC,088425B3,full_text,0,PASS,PASS
D00397,0009D6C0,08C22022,full_text,0,PASS,PASS
D00398,0009D6C4,08842604,full_text,0,PASS,PASS
D00399,0009D6C8,0884264A,full_text,0,PASS,PASS
D00400,0009D6CC,08C22060,full_text,0,PASS,PASS
D00401,0009D9EC,08C2208F,full_text,0,PASS,PASS
D00402,0009D9F0,08C220CC,full_text,0,PASS,PASS
D00403,0009D9F4,0884274B,full_text,0,PASS,PASS
D00404,0009D9F8,08842756,full_text,0,PASS,PASS
D00405,0009D9FC,08C220EF,full_text,0,PASS,PASS
D00406,0009DA00,088427C6,full_text,0,PASS,PASS
D00407,0009DA04,088427FB,full_text,0,PASS,PASS
D00408,0009DA08,08842814,full_text,0,PASS,PASS
D00336,0009DA0C,08842828,full_text,0,PASS,PASS
D00409,0009DA10,08C22138,full_text,0,PASS,PASS
D00410,0009DA14,08842870,full_text,0,PASS,PASS
D00411,0009DBA0,08C2216B,full_text,0,PASS,PASS
D00412,0009DBA4,088428B9,full_text,0,PASS,PASS
D00413,0009DBA8,088428D8,full_text,0,PASS,PASS
D00414,0009DBAC,08C2219E,full_text,0,PASS,PASS
D00415,0009DBB0,08C221CB,full_text,0,PASS,PASS
D00416,0009DBB4,08842948,full_text,0,PASS,PASS
D00417,0009DBB8,08C221E7,full_text,0,PASS,PASS
D00418,0009DBBC,088429B1,full_text,0,PASS,PASS
D00419,0009DBC0,088429C8,full_text,0,PASS,PASS
D00420,0009DBC4,088429F3,full_text,0,PASS,PASS
D00421,0009DBC8,08842A10,full_text,0,PASS,PASS
D00403,0009DBCC,0884274B,full_text,0,PASS,PASS
D00422,0009DBD0,08C2221F,full_text,0,PASS,PASS
D00423,0009DBD4,08842A6B,full_text,0,PASS,PASS
D00424,0009DBD8,08842A7A,full_text,0,PASS,PASS
D00425,0009DC6C,08842A9B,full_text,0,PASS,PASS
D00426,0009DC70,08842AB6,full_text,0,PASS,PASS
D00427,0009DC74,08842ACB,full_text,0,PASS,PASS
D00428,0009DC78,08842AD2,full_text,0,PASS,PASS
D00429,0009DC7C,08C22257,full_text,0,PASS,PASS
D00430,0009DF6C,08842B47,full_text,0,PASS,PASS
D00431,0009DF70,08842B54,full_text,0,PASS,PASS
D00432,0009DF74,08842B75,full_text,0,PASS,PASS
D00433,0009DF78,08C22282,full_text,0,PASS,PASS
D00434,0009DF7C,08842BB2,full_text,0,PASS,PASS
D00435,0009DF80,08C2229D,full_text,0,PASS,PASS
D00436,0009DF84,08842C33,full_text,0,PASS,PASS
D00437,0009DF88,08842C6D,full_text,0,PASS,PASS
D00438,0009DF8C,08C222E3,full_text,0,PASS,PASS
D00439,0009DF90,08842CB2,full_text,0,PASS,PASS
D00440,0009DF94,08C22308,full_text,0,PASS,PASS
D00441,0009DF98,08C2233E,full_text,0,PASS,PASS
D00442,0009DF9C,08842D46,full_text,0,PASS,PASS
D00443,0009DFA0,08C22368,full_text,0,PASS,PASS
D00444,0009DFA4,08C2239E,full_text,0,PASS,PASS
D00445,0009DFA8,08C70668,full_text,0,PASS,PASS
D00446,0009E010,08842DEA,full_text,0,PASS,PASS
D00447,0009E348,08842E2E,full_text,0,PASS,PASS
D00448,0009E34C,08842E5E,full_text,0,PASS,PASS
D00449,0009E350,08C223CE,full_text,0,PASS,PASS
D00450,0009E354,08842EA0,full_text,0,PASS,PASS
D00451,0009E358,08842EC6,full_text,0,PASS,PASS
D00452,0009E35C,08C223FA,full_text,0,PASS,PASS
D00453,0009E360,08C22432,full_text,0,PASS,PASS
D00454,0009E364,08842F5A,full_text,0,PASS,PASS
D00455,0009E368,08842F91,full_text,0,PASS,PASS
D00456,0009E36C,08842FBC,full_text,0,PASS,PASS
D00457,0009E370,08842FF6,full_text,0,PASS,PASS
D00458,0009E374,08C2244D,full_text,0,PASS,PASS
D00459,0009E378,08843041,full_text,0,PASS,PASS
D00460,0009E37C,08C2247F,full_text,0,PASS,PASS
D00461,0009E380,08843096,full_text,0,PASS,PASS
D00462,0009E384,088430D6,full_text,0,PASS,PASS
D00463,0009E388,08C224B1,full_text,0,PASS,PASS
D00464,0009E38C,08843111,full_text,0,PASS,PASS
D00465,0009E390,0884313B,full_text,0,PASS,PASS
D00466,0009E394,08C224D4,full_text,0,PASS,PASS
D00467,0009E398,08843191,full_text,0,PASS,PASS
D00468,0009E39C,08C2250D,full_text,0,PASS,PASS
D00469,0009E3A0,08C2255E,full_text,0,PASS,PASS
D00470,0009E3A4,08C225AB,full_text,0,PASS,PASS
D00471,0009E3A8,08C70671,full_text,0,PASS,PASS
D00472,0009E51C,088432C6,full_text,0,PASS,PASS
D00473,0009E520,08C7068A,full_text,0,PASS,PASS
D00474,0009E524,088432E4,full_text,0,PASS,PASS
D00475,0009E528,08843306,full_text,0,PASS,PASS
D00476,0009E52C,08C225CA,full_text,0,PASS,PASS
D00477,0009E530,08843372,full_text,0,PASS,PASS
D00478,0009E534,088433B9,full_text,0,PASS,PASS
D00479,0009E538,08C225EF,full_text,0,PASS,PASS
D00480,0009E53C,0884340B,full_text,0,PASS,PASS
D00481,0009E540,08C2260D,full_text,0,PASS,PASS
D00482,0009E544,08C2263A,full_text,0,PASS,PASS
D00483,0009E548,08C2266B,full_text,0,PASS,PASS
D00425,0009E5F4,08843495,full_text,0,PASS,PASS
D00484,0009E5F8,088434B0,full_text,0,PASS,PASS
D00485,0009E5FC,08C22688,full_text,0,PASS,PASS
D00486,0009E600,08C2269F,full_text,0,PASS,PASS
D00487,0009E604,0884353B,full_text,0,PASS,PASS
D00488,0009E608,08843573,full_text,0,PASS,PASS
D00489,0009E60C,08C226D7,full_text,0,PASS,PASS
UI_0009EF80_pointer,0009EF80,08C0DCBF,other_declared_pointer,0,ROM,NOT_A_TEXT_ASSERTION
D00490,0009F100,08C226FD,full_text,0,PASS,PASS
D00491,0009F104,0884F91B,full_text,0,PASS,PASS
D00492,0009F190,08C706A4,full_text,0,PASS,PASS
D00493,0009F1F8,08C22718,full_text,0,PASS,PASS
D00494,0009F384,08C227CB,full_text,0,PASS,PASS
D00495,0009F38C,08C22808,full_text,0,PASS,PASS
D00496,0009F398,08C2284B,full_text,0,PASS,PASS
D00497,0009F3D0,0884FAC8,full_text,0,PASS,PASS
D00498,0009F3D4,08C22884,full_text,0,PASS,PASS
D00499,0009F3D8,0884FB18,full_text,0,PASS,PASS
D00500,0009F3DC,08C228B9,full_text,0,PASS,PASS
D00501,0009F3E0,08C228E6,full_text,0,PASS,PASS
D00502,0009F3E4,08C22903,full_text,0,PASS,PASS
D00503,0009F3F4,0884FBA6,full_text,0,PASS,PASS
UI_0009F438_pointer,0009F438,08C0DCC9,other_declared_pointer,0,ROM,NOT_A_TEXT_ASSERTION
UI_0009F480_pointer,0009F480,08C0DCD9,other_declared_pointer,0,ROM,NOT_A_TEXT_ASSERTION
UI_0009F4BC_pointer,0009F4BC,08C0DCF8,other_declared_pointer,0,ROM,NOT_A_TEXT_ASSERTION
D00504,0009F600,08C2292C,full_text,0,PASS,PASS
D00505,0009F7BC,08850116,full_text,0,PASS,PASS
D00506,0009F7CC,08C706C1,full_text,0,PASS,PASS
D00507,000A001C,08C2296D,full_text,0,PASS,PASS
D00508,000A0024,08C22990,full_text,0,PASS,PASS
D00509,000A0028,08852920,full_text,0,PASS,PASS
D00510,000A002C,08C22A17,full_text,0,PASS,PASS
D00511,000A0030,08852982,full_text,0,PASS,PASS
D00512,000A0034,08C22A58,full_text,0,PASS,PASS
D00513,000A0038,08C22A7F,full_text,0,PASS,PASS
D00514,000A003C,08C22AD7,full_text,0,PASS,PASS
D00515,000A0040,08852A74,full_text,0,PASS,PASS
D00516,000A033C,08852EDF,full_text,0,PASS,PASS
D00517,000A0340,08C706E9,full_text,0,PASS,PASS
D00518,000A0344,08852F2C,full_text,0,PASS,PASS
D00519,000A0468,08C22B28,full_text,0,PASS,PASS
D00520,000A046C,08852F64,full_text,0,PASS,PASS
D00521,000A0470,08C22B4F,full_text,0,PASS,PASS
D00522,000A0484,08852F9A,full_text,0,PASS,PASS
D00523,000A0488,08C22B6A,full_text,0,PASS,PASS
D00524,000A052C,08C70717,full_text,0,PASS,PASS
D00525,000A0530,08852FE5,full_text,0,PASS,PASS
D00526,000A0534,08853024,full_text,0,PASS,PASS
D00527,000A0538,08C70726,full_text,0,PASS,PASS
D00528,000A0F28,08854AC4,full_text,0,PASS,PASS
D00529,000A0F30,08C22B93,full_text,0,PASS,PASS
D00530,000A0F38,08C22BC0,full_text,0,PASS,PASS
D00531,000A0F40,08854B20,full_text,0,PASS,PASS
D00532,000A0F5C,08854B3F,full_text,0,PASS,PASS
D00533,000A0FA4,08854B5A,full_text,0,PASS,PASS
UI_000A1058_pointer,000A1058,08C0DD04,other_declared_pointer,0,ROM,NOT_A_TEXT_ASSERTION
D00534,000A1244,088569D0,full_text,0,PASS,PASS
UI_000A2670_pointer,000A2670,08C0DD12,other_declared_pointer,0,ROM,NOT_A_TEXT_ASSERTION
D00535,000A3DF8,0885EFAB,full_text,0,PASS,PASS
D00536,000A3E00,0885EFC7,full_text,0,PASS,PASS
UI_000A3E1C_pointer,000A3E1C,08C0DD1C,other_declared_pointer,0,ROM,NOT_A_TEXT_ASSERTION
D00537,000A4000,08C22BE3,full_text,0,PASS,PASS
D00537,000A406C,08C22BE3,full_text,0,PASS,PASS
D00538,000A4100,08C22C11,full_text,0,PASS,PASS
D00539,000A4180,0885F03B,full_text,0,PASS,PASS
D00540,000A41C8,08C22C4F,full_text,0,PASS,PASS
D00541,000A42B0,08C22C7B,full_text,0,PASS,PASS
D00542,000A42D0,08C22C96,full_text,0,PASS,PASS
D00543,000A42D4,08C22CB6,full_text,0,PASS,PASS
D00544,000A42E0,08C22CD7,full_text,0,PASS,PASS
D00545,000A42F4,08C22CF6,full_text,0,PASS,PASS
D00546,000A42F8,0885F11A,full_text,0,PASS,PASS
D00547,000A4308,0885F13D,full_text,0,PASS,PASS
D00099,000A432C,0885F158,full_text,0,PASS,PASS
D00548,000A4394,0885F167,full_text,0,PASS,PASS
D00549,000A4918,08373760,pointer_table,0,PASS,POINTER_TABLE
D08035,000A4B30,08C64DD9,full_text,0,PASS,PASS
D00099,000A4E48,0885F248,full_text,0,PASS,PASS
UI_000A51B0_pointer,000A51B0,08C0DD29,other_declared_pointer,0,ROM,NOT_A_TEXT_ASSERTION
UI_000A51B4_pointer,000A51B4,08C0DD38,other_declared_pointer,0,ROM,NOT_A_TEXT_ASSERTION
UI_000A51B8_pointer,000A51B8,08C0DD47,other_declared_pointer,0,ROM,NOT_A_TEXT_ASSERTION
UI_000A51BC_pointer,000A51BC,08C0DD55,other_declared_pointer,0,ROM,NOT_A_TEXT_ASSERTION
UI_000A5220_pointer,000A5220,08C0DD63,other_declared_pointer,0,ROM,NOT_A_TEXT_ASSERTION
UI_000A5290_pointer,000A5290,08C0DD6E,other_declared_pointer,0,ROM,NOT_A_TEXT_ASSERTION
D00550,000A5B58,0885F257,full_text,0,PASS,PASS
D00551,000A5B5C,08C22D45,full_text,0,PASS,PASS
D00117,000A5B60,08C20AB1,full_text,0,PASS,PASS
D08036,000A5B78,08C11647,full_text,0,PASS,PASS
D00552,000A5FF8,08C22D76,full_text,0,PASS,PASS
D00553,000A5FFC,08C22D97,full_text,0,PASS,PASS
D00554,000A6000,08C22DB0,full_text,0,PASS,PASS
D00555,000A6004,0885F31D,full_text,0,PASS,PASS
D00556,000A6008,0885F33E,full_text,0,PASS,PASS
D00557,000A600C,08C22DC7,full_text,0,PASS,PASS
D00558,000A6010,08C22DE6,full_text,0,PASS,PASS
D00559,000A6014,0885F38B,full_text,0,PASS,PASS
D00560,000A6018,0885F3A8,full_text,0,PASS,PASS
ITEM_000,002B2CAC,08C0A400,compact,0,PASS,PASS
D00561,002B2CBC,08801BD7,full_text,0,PASS,PASS
ITEM_001,002B2CC0,08C0A407,compact,0,PASS,PASS
D00562,002B2CD0,08801BBE,full_text,0,PASS,PASS
ITEM_002,002B2CD4,08C0A41B,compact,0,PASS,PASS
D00563,002B2CE4,08801B76,full_text,0,PASS,PASS
ITEM_003,002B2CE8,08C0A42C,compact,0,PASS,PASS
D00564,002B2CF8,08801B2E,full_text,0,PASS,PASS
ITEM_004,002B2CFC,08C0A440,compact,0,PASS,PASS
D00565,002B2D0C,08C22E07,full_text,0,PASS,PASS
ITEM_005,002B2D10,08C73215,compact,0,PASS,PASS
D00566,002B2D20,08801AC9,full_text,0,PASS,PASS
ITEM_006,002B2D24,08C0A468,compact,0,PASS,PASS
D00567,002B2D34,08801AA7,full_text,0,PASS,PASS
ITEM_007,002B2D38,08C0A476,compact,0,PASS,PASS
D00568,002B2D48,08C22E51,full_text,0,PASS,PASS
ITEM_008,002B2D4C,08C0A483,compact,0,PASS,PASS
D00569,002B2D5C,08C22E83,full_text,0,PASS,PASS
ITEM_009,002B2D60,08C0A491,compact,0,PASS,PASS
D00570,002B2D70,088019F9,full_text,0,PASS,PASS
ITEM_010,002B2D74,08C0A495,compact,0,PASS,PASS
D00571,002B2D84,088019E0,full_text,0,PASS,PASS
ITEM_011,002B2D88,08C0A4A3,compact,0,PASS,PASS
D00572,002B2D98,08C7075C,full_text,0,PASS,PASS
ITEM_012,002B2D9C,08C0A4B1,compact,0,PASS,PASS
D00573,002B2DAC,088019B6,full_text,0,PASS,PASS
ITEM_013,002B2DB0,08C0A4C1,compact,0,PASS,PASS
D00574,002B2DC0,0880196E,full_text,0,PASS,PASS
ITEM_014,002B2DC4,08C0A4D2,compact,0,PASS,PASS
D00575,002B2DD4,08C22ECD,full_text,0,PASS,PASS
ITEM_015,002B2DD8,08C0A4E3,compact,0,PASS,PASS
D00576,002B2DE8,08801904,full_text,0,PASS,PASS
ITEM_016,002B2DEC,08C0A4ED,compact,0,PASS,PASS
D00577,002B2DFC,08C7076D,full_text,0,PASS,PASS
ITEM_017,002B2E00,08C0A4FB,compact,0,PASS,PASS
D00578,002B2E10,08801888,full_text,0,PASS,PASS
ITEM_018,002B2E14,08C0A509,compact,0,PASS,PASS
D00579,002B2E24,08801840,full_text,0,PASS,PASS
ITEM_019,002B2E28,08C0A51D,compact,0,PASS,PASS
D00580,002B2E38,08C22F3F,full_text,0,PASS,PASS
ITEM_020,002B2E3C,08C0A524,compact,0,PASS,PASS
D00581,002B2E4C,088017D8,full_text,0,PASS,PASS
ITEM_021,002B2E50,08C0A52E,compact,0,PASS,PASS
D00582,002B2E60,088017B6,full_text,0,PASS,PASS
ITEM_022,002B2E64,08C0A53F,compact,0,PASS,PASS
D00583,002B2E74,08C22F6F,full_text,0,PASS,PASS
ITEM_023,002B2E78,08C0A54C,compact,0,PASS,PASS
D00584,002B2E88,08C22F99,full_text,0,PASS,PASS
ITEM_024,002B2E8C,08C0A55D,compact,0,PASS,PASS
D00585,002B2E9C,08C22FD9,full_text,0,PASS,PASS
ITEM_025,002B2EA0,08C0A56E,compact,0,PASS,PASS
D00586,002B2EB0,088016FB,full_text,0,PASS,PASS
ITEM_026,002B2EB4,08C0A575,compact,0,PASS,PASS
D00587,002B2EC4,08C2300D,full_text,0,PASS,PASS
ITEM_027,002B2EC8,08C0A582,compact,0,PASS,PASS
D00588,002B2ED8,088016CF,full_text,0,PASS,PASS
ITEM_028,002B2EDC,08C0A589,compact,0,PASS,PASS
D00589,002B2EEC,08C0E0D3,full_text,0,PASS,PASS
ITEM_029,002B2EF0,08C0A599,compact,0,PASS,PASS
D00590,002B2F00,08C2301C,full_text,0,PASS,PASS
ITEM_030,002B2F04,08C0A5A9,compact,0,PASS,PASS
D00591,002B2F14,08801627,full_text,0,PASS,PASS
ITEM_031,002B2F18,08C0A5B3,compact,0,PASS,PASS
D00592,002B2F28,08801602,full_text,0,PASS,PASS
ITEM_032,002B2F2C,08C0A5BA,compact,0,PASS,PASS
D00593,002B2F3C,08C23060,full_text,0,PASS,PASS
ITEM_033,002B2F40,08C0A5C1,compact,0,PASS,PASS
D00594,002B2F50,088015BE,full_text,0,PASS,PASS
ITEM_034,002B2F54,08C0A5CC,compact,0,PASS,PASS
D00595,002B2F64,088015A9,full_text,0,PASS,PASS
ITEM_035,002B2F68,08C0A5DA,compact,0,PASS,PASS
D00596,002B2F78,08801561,full_text,0,PASS,PASS
ITEM_036,002B2F7C,08C0A5EE,compact,0,PASS,PASS
D00597,002B2F8C,0880153F,full_text,0,PASS,PASS
ITEM_037,002B2F90,08C73229,compact,0,PASS,PASS
D00598,002B2FA0,08C707A5,full_text,0,PASS,PASS
ITEM_038,002B2FA4,08C0A5FC,compact,0,PASS,PASS
D00599,002B2FB4,088014EE,full_text,0,PASS,PASS
ITEM_039,002B2FB8,08C0A606,compact,0,PASS,PASS
D00600,002B2FC8,08C23085,full_text,0,PASS,PASS
ITEM_040,002B2FCC,08C0A61A,compact,0,PASS,PASS
D00601,002B2FDC,0880147D,full_text,0,PASS,PASS
ITEM_041,002B2FE0,08C0A62E,compact,0,PASS,PASS
D00602,002B2FF0,08C0E10D,full_text,0,PASS,PASS
ITEM_042,002B2FF4,08C0A642,compact,0,PASS,PASS
D00603,002B3004,08C230A2,full_text,0,PASS,PASS
ITEM_043,002B3008,08C0A653,compact,0,PASS,PASS
D00604,002B3018,08C230BD,full_text,0,PASS,PASS
ITEM_044,002B301C,08C0A65D,compact,0,PASS,PASS
D00605,002B302C,088013DA,full_text,0,PASS,PASS
ITEM_045,002B3030,08C0A66D,compact,0,PASS,PASS
D00606,002B3040,088013B4,full_text,0,PASS,PASS
ITEM_046,002B3044,08C0A67E,compact,0,PASS,PASS
D00607,002B3054,08C230DA,full_text,0,PASS,PASS
ITEM_047,002B3058,08C0A692,compact,0,PASS,PASS
D00608,002B3068,0880136F,full_text,0,PASS,PASS
ITEM_048,002B306C,08C0A69C,compact,0,PASS,PASS
D00609,002B307C,08C230F7,full_text,0,PASS,PASS
ITEM_049,002B3080,08C0A6A6,compact,0,PASS,PASS
D00610,002B3090,0880132B,full_text,0,PASS,PASS
ITEM_050,002B3094,08C0A6C0,compact,0,PASS,PASS
D00611,002B30A4,08C23119,full_text,0,PASS,PASS
ITEM_051,002B30A8,08C0A6CE,compact,0,PASS,PASS
D00612,002B30B8,08C707B4,full_text,0,PASS,PASS
ITEM_052,002B30BC,08C0A6DB,compact,0,PASS,PASS
D00613,002B30CC,08C23195,full_text,0,PASS,PASS
ITEM_053,002B30D0,08C0A6E9,compact,0,PASS,PASS
D00614,002B30E0,08801250,full_text,0,PASS,PASS
ITEM_054,002B30E4,08C0A6F0,compact,0,PASS,PASS
D00615,002B30F4,08801226,full_text,0,PASS,PASS
ITEM_055,002B30F8,08C0A6FA,compact,0,PASS,PASS
D00616,002B3108,08C231D7,full_text,0,PASS,PASS
ITEM_056,002B310C,08C0A705,compact,0,PASS,PASS
D00617,002B311C,088011D4,full_text,0,PASS,PASS
ITEM_057,002B3120,08C0A713,compact,0,PASS,PASS
D00618,002B3130,0880118E,full_text,0,PASS,PASS
ITEM_058,002B3134,08C0A724,compact,0,PASS,PASS
D00619,002B3144,08C23207,full_text,0,PASS,PASS
ITEM_059,002B3148,08C0A732,compact,0,PASS,PASS
D00620,002B3158,088010FE,full_text,0,PASS,PASS
ITEM_060,002B315C,08C0A743,compact,0,PASS,PASS
D00621,002B316C,088010DB,full_text,0,PASS,PASS
ITEM_061,002B3170,08C0A751,compact,0,PASS,PASS
D00622,002B3180,088010AF,full_text,0,PASS,PASS
ITEM_062,002B3184,08C0A761,compact,0,PASS,PASS
D00623,002B3194,08801094,full_text,0,PASS,PASS
ITEM_063,002B3198,08C0A76B,compact,0,PASS,PASS
D00624,002B31A8,08C23247,full_text,0,PASS,PASS
ITEM_064,002B31AC,08C0A77F,compact,0,PASS,PASS
D00625,002B31BC,0880103E,full_text,0,PASS,PASS
ITEM_065,002B31C0,08C0A789,compact,0,PASS,PASS
D00626,002B31D0,08C0E1AB,full_text,0,PASS,PASS
ITEM_066,002B31D4,08C0A793,compact,0,PASS,PASS
D00627,002B31E4,08800FFB,full_text,0,PASS,PASS
ITEM_067,002B31E8,08C0A79D,compact,0,PASS,PASS
D00628,002B31F8,08800FB3,full_text,0,PASS,PASS
ITEM_068,002B31FC,08C0A7B4,compact,0,PASS,PASS
D00629,002B320C,08C23265,full_text,0,PASS,PASS
ITEM_069,002B3210,08C0A7BE,compact,0,PASS,PASS
D00630,002B3220,08C2329F,full_text,0,PASS,PASS
ITEM_070,002B3224,08C0A7CC,compact,0,PASS,PASS
D00631,002B3234,08800F1C,full_text,0,PASS,PASS
ITEM_071,002B3238,08C0A7DC,compact,0,PASS,PASS
D00632,002B3248,08800EF4,full_text,0,PASS,PASS
ITEM_072,002B324C,08C0A7E3,compact,0,PASS,PASS
D00570,002B325C,088019F9,full_text,0,PASS,PASS
ITEM_073,002B3260,08C0A7EA,compact,0,PASS,PASS
D00633,002B3270,08C0E1C4,full_text,0,PASS,PASS
ITEM_074,002B3274,08C0A7F7,compact,0,PASS,PASS
D00634,002B3284,08C232DD,full_text,0,PASS,PASS
ITEM_075,002B3288,08C0A805,compact,0,PASS,PASS
D00632,002B3298,08800EF4,full_text,0,PASS,PASS
ITEM_076,002B329C,08C0A80C,compact,0,PASS,PASS
D00635,002B32AC,08C2330D,full_text,0,PASS,PASS
ITEM_077,002B32B0,08C0A81D,compact,0,PASS,PASS
D00636,002B32C0,08C23353,full_text,0,PASS,PASS
ITEM_078,002B32C4,08C0A827,compact,0,PASS,PASS
D00637,002B32D4,08C707F0,full_text,0,PASS,PASS
ITEM_079,002B32D8,08C0A835,compact,0,PASS,PASS
D00638,002B32E8,08C23376,full_text,0,PASS,PASS
ITEM_080,002B32EC,08C0A83F,compact,0,PASS,PASS
D00639,002B32FC,08C70838,full_text,0,PASS,PASS
ITEM_081,002B3300,08C0A84D,compact,0,PASS,PASS
D00640,002B3310,08C233B0,full_text,0,PASS,PASS
ITEM_082,002B3314,08C0A858,compact,0,PASS,PASS
D00641,002B3324,08800D30,full_text,0,PASS,PASS
ITEM_083,002B3328,08C0A862,compact,0,PASS,PASS
D00632,002B3338,08800EF4,full_text,0,PASS,PASS
ITEM_084,002B333C,08C0A869,compact,0,PASS,PASS
D00642,002B334C,08C233C1,full_text,0,PASS,PASS
ITEM_085,002B3350,08C0A877,compact,0,PASS,PASS
D00643,002B3360,08C0E1EC,full_text,0,PASS,PASS
ITEM_086,002B3364,08C0A887,compact,0,PASS,PASS
D00644,002B3374,08C2340B,full_text,0,PASS,PASS
ITEM_087,002B3378,08C0A898,compact,0,PASS,PASS
D00570,002B3388,088019F9,full_text,0,PASS,PASS
ITEM_088,002B338C,08C0A8A2,compact,0,PASS,PASS
D00645,002B339C,08C23455,full_text,0,PASS,PASS
ITEM_089,002B33A0,08C0A8AC,compact,0,PASS,PASS
D00646,002B33B0,08C23493,full_text,0,PASS,PASS
ITEM_090,002B33B4,08C0A8B6,compact,0,PASS,PASS
D00647,002B33C4,08800BDD,full_text,0,PASS,PASS
ITEM_091,002B33C8,08C0A8BD,compact,0,PASS,PASS
D00648,002B33D8,08800BC4,full_text,0,PASS,PASS
ITEM_092,002B33DC,08C0A8D1,compact,0,PASS,PASS
D00649,002B33EC,08C234C3,full_text,0,PASS,PASS
ITEM_093,002B33F0,08C0A8DE,compact,0,PASS,PASS
D00632,002B3400,08800EF4,full_text,0,PASS,PASS
ITEM_094,002B3404,08C0A8E5,compact,0,PASS,PASS
D00650,002B3414,08800B40,full_text,0,PASS,PASS
ITEM_095,002B3418,08C0A8FC,compact,0,PASS,PASS
D00651,002B3428,08C0F8B7,full_text,0,PASS,PASS
ITEM_096,002B342C,08C0A90F,compact,0,PASS,PASS
D00652,002B343C,08C23501,full_text,0,PASS,PASS
ITEM_097,002B3440,08C0A91C,compact,0,PASS,PASS
D00653,002B3450,08800AAF,full_text,0,PASS,PASS
ITEM_098,002B3454,08C0A92A,compact,0,PASS,PASS
D00654,002B3464,08800A85,full_text,0,PASS,PASS
ITEM_099,002B3468,08C0A934,compact,0,PASS,PASS
D00570,002B3478,088019F9,full_text,0,PASS,PASS
ITEM_100,002B347C,08C0A93E,compact,0,PASS,PASS
D00655,002B348C,08800A6B,full_text,0,PASS,PASS
ITEM_101,002B3490,08C0A952,compact,0,PASS,PASS
D00656,002B34A0,08C2351E,full_text,0,PASS,PASS
ITEM_102,002B34A4,08C0A95C,compact,0,PASS,PASS
D00657,002B34B4,08C23543,full_text,0,PASS,PASS
ITEM_103,002B34B8,08C0A963,compact,0,PASS,PASS
D00658,002B34C8,08C70872,full_text,0,PASS,PASS
ITEM_104,002B34CC,08C73234,compact,0,PASS,PASS
D00659,002B34DC,08C23587,full_text,0,PASS,PASS
ITEM_105,002B34E0,08C0A97E,compact,0,PASS,PASS
D00660,002B34F0,08C23598,full_text,0,PASS,PASS
ITEM_106,002B34F4,08C0A988,compact,0,PASS,PASS
D00661,002B3504,08800972,full_text,0,PASS,PASS
ITEM_107,002B3508,08C0A996,compact,0,PASS,PASS
D00662,002B3518,08C235DA,full_text,0,PASS,PASS
ITEM_108,002B351C,08C0A9A0,compact,0,PASS,PASS
D00663,002B352C,08C2360A,full_text,0,PASS,PASS
ITEM_109,002B3530,08C0A9AE,compact,0,PASS,PASS
D00664,002B3540,08800900,full_text,0,PASS,PASS
ITEM_110,002B3544,08C0A9BC,compact,0,PASS,PASS
D00665,002B3554,088008C4,full_text,0,PASS,PASS
ITEM_111,002B3558,08C0A9CA,compact,0,PASS,PASS
D00666,002B3568,08C23632,full_text,0,PASS,PASS
ITEM_112,002B356C,08C0A9D8,compact,0,PASS,PASS
D00667,002B357C,08C70885,full_text,0,PASS,PASS
ITEM_113,002B3580,08C0A9E2,compact,0,PASS,PASS
D00668,002B3590,08800828,full_text,0,PASS,PASS
ITEM_114,002B3594,08C0A9EF,compact,0,PASS,PASS
D00669,002B35A4,08C23660,full_text,0,PASS,PASS
ITEM_115,002B35A8,08C0AA00,compact,0,PASS,PASS
D00670,002B35B8,088007CF,full_text,0,PASS,PASS
ITEM_116,002B35BC,08C0AA10,compact,0,PASS,PASS
D00671,002B35CC,08C2369A,full_text,0,PASS,PASS
ITEM_117,002B35D0,08C0AA21,compact,0,PASS,PASS
D00672,002B35E0,08C236D8,full_text,0,PASS,PASS
ITEM_118,002B35E4,08C0AA2F,compact,0,PASS,PASS
D00673,002B35F4,08C708CD,full_text,0,PASS,PASS
ITEM_119,002B35F8,08C0AA43,compact,0,PASS,PASS
D00674,002B3608,08C2371A,full_text,0,PASS,PASS
ITEM_120,002B360C,08C0AA54,compact,0,PASS,PASS
D00632,002B361C,08800EF4,full_text,0,PASS,PASS
ITEM_121,002B3620,08C0AA58,compact,0,PASS,PASS
D00675,002B3630,08C23762,full_text,0,PASS,PASS
ITEM_122,002B3634,08C0AA69,compact,0,PASS,PASS
D00676,002B3644,08C2379C,full_text,0,PASS,PASS
ITEM_123,002B3648,08C0AA7D,compact,0,PASS,PASS
D00677,002B3658,08C237DC,full_text,0,PASS,PASS
ITEM_124,002B365C,08C0AA8E,compact,0,PASS,PASS
D00678,002B366C,088005DF,full_text,0,PASS,PASS
ITEM_125,002B3670,08C0AA9F,compact,0,PASS,PASS
D00679,002B3680,08C0F8FD,full_text,0,PASS,PASS
ITEM_126,002B3684,08C0AAAC,compact,0,PASS,PASS
D00680,002B3694,08C23816,full_text,0,PASS,PASS
ITEM_127,002B3698,08C0AABA,compact,0,PASS,PASS
D00681,002B36A8,08C23856,full_text,0,PASS,PASS
ITEM_128,002B36AC,08C0AAC8,compact,0,PASS,PASS
D00682,002B36BC,08C23877,full_text,0,PASS,PASS
ITEM_129,002B36C0,08C0AAD5,compact,0,PASS,PASS
D00683,002B36D0,08C238A5,full_text,0,PASS,PASS
ITEM_130,002B36D4,08C0AAE2,compact,0,PASS,PASS
D00684,002B36E4,088004A6,full_text,0,PASS,PASS
ITEM_131,002B36E8,08C0AAF0,compact,0,PASS,PASS
D00632,002B36F8,08800EF4,full_text,0,PASS,PASS
ITEM_132,002B36FC,08C0AAF7,compact,0,PASS,PASS
D00685,002B370C,08C238DF,full_text,0,PASS,PASS
ITEM_133,002B3710,08C0AB08,compact,0,PASS,PASS
D00686,002B3720,08800451,full_text,0,PASS,PASS
ITEM_134,002B3724,08C0AB19,compact,0,PASS,PASS
D00687,002B3734,08C23917,full_text,0,PASS,PASS
ITEM_135,002B3738,08C0AB26,compact,0,PASS,PASS
D00688,002B3748,08C0F947,full_text,0,PASS,PASS
ITEM_136,002B374C,08C0AB31,compact,0,PASS,PASS
D00689,002B375C,08C0E298,full_text,0,PASS,PASS
ITEM_137,002B3760,08C0AB38,compact,0,PASS,PASS
D00690,002B3770,08800382,full_text,0,PASS,PASS
ITEM_138,002B3774,08C0AB4C,compact,0,PASS,PASS
D00691,002B3784,0880035C,full_text,0,PASS,PASS
ITEM_139,002B3788,08C0AB5D,compact,0,PASS,PASS
D00692,002B3798,0880032E,full_text,0,PASS,PASS
ITEM_140,002B379C,08C0AB6B,compact,0,PASS,PASS
D00693,002B37AC,08800300,full_text,0,PASS,PASS
ITEM_141,002B37B0,08C0AB7C,compact,0,PASS,PASS
D00694,002B37C0,08C23934,full_text,0,PASS,PASS
ITEM_142,002B37C4,08C0AB8D,compact,0,PASS,PASS
D00695,002B37D4,0880028A,full_text,0,PASS,PASS
ITEM_143,002B37D8,08C0AB98,compact,0,PASS,PASS
D00632,002B37E8,08800EF4,full_text,0,PASS,PASS
ITEM_144,002B37EC,08C0ABA2,compact,0,PASS,PASS
D00696,002B37FC,08800250,full_text,0,PASS,PASS
ITEM_145,002B3800,08C73242,compact,0,PASS,PASS
D00697,002B3810,08C0F98B,full_text,0,PASS,PASS
ITEM_146,002B3814,08C0ABC3,compact,0,PASS,PASS
D00698,002B3824,08C0F9D3,full_text,0,PASS,PASS
ITEM_147,002B3828,08C0ABD4,compact,0,PASS,PASS
D00699,002B3838,08C708F5,full_text,0,PASS,PASS
ITEM_148,002B383C,08C0ABE2,compact,0,PASS,PASS
D00700,002B384C,08C2396E,full_text,0,PASS,PASS
ITEM_149,002B3850,08C0ABE9,compact,0,PASS,PASS
D00701,002B3860,08800128,full_text,0,PASS,PASS
ITEM_150,002B3864,08C0ABF3,compact,0,PASS,PASS
D00702,002B3874,08C239B4,full_text,0,PASS,PASS
ITEM_151,002B3878,08C0AC01,compact,0,PASS,PASS
D00703,002B3888,08C239F0,full_text,0,PASS,PASS
ITEM_152,002B388C,08C0AC12,compact,0,PASS,PASS
D00570,002B389C,088019F9,full_text,0,PASS,PASS
ITEM_153,002B38A0,08C0AC1C,compact,0,PASS,PASS
D00704,002B38B0,08800090,full_text,0,PASS,PASS
ITEM_154,002B38B4,08C0AC2A,compact,0,PASS,PASS
D00705,002B38C4,0880006B,full_text,0,PASS,PASS
ITEM_155,002B38C8,08C0AC37,compact,0,PASS,PASS
D00706,002B38D8,08800023,full_text,0,PASS,PASS
ITEM_156,002B38DC,08C0AC3E,compact,0,PASS,PASS
D00707,002B38EC,08C23A24,full_text,0,PASS,PASS
JOB_000_FULL_pointer,002B580C,08C0E30B,other_declared_pointer,0,ROM,NOT_A_TEXT_ASSERTION
JOB_000,002B5810,08C0AC48,compact,0,PASS,PASS
D00708,002B584C,08C0E310,full_text,0,PASS,PASS
JOB_001,002B5850,08C0AC4F,compact,0,PASS,PASS
D00709,002B588C,08C0E317,full_text,0,PASS,PASS
JOB_002,002B5890,08C0AC59,compact,0,PASS,PASS
D00710,002B58CC,08C0E31E,full_text,0,PASS,PASS
JOB_003,002B58D0,08C0AC63,compact,0,PASS,PASS
D00711,002B590C,08C0E323,full_text,0,PASS,PASS
JOB_004,002B5910,08C0AC6A,compact,0,PASS,PASS
D00712,002B594C,08C0E32A,full_text,0,PASS,PASS
JOB_005,002B5950,08C0AC74,compact,0,PASS,PASS
D00713,002B598C,08C0E32F,full_text,0,PASS,PASS
JOB_006,002B5990,08C0AC7B,compact,0,PASS,PASS
D00714,002B59CC,08C0E334,full_text,0,PASS,PASS
JOB_007,002B59D0,08C0AC82,compact,0,PASS,PASS
D00715,002B5A0C,08C0E339,full_text,0,PASS,PASS
JOB_008,002B5A10,08C0AC89,compact,0,PASS,PASS
D00716,002B5A4C,08C0E33E,full_text,0,PASS,PASS
JOB_009,002B5A50,08C0AC90,compact,0,PASS,PASS
D00717,002B5A8C,08C0E343,full_text,0,PASS,PASS
JOB_010,002B5A90,08C0AC97,compact,0,PASS,PASS
D00718,002B5ACC,08C0E34A,full_text,0,PASS,PASS
JOB_011,002B5AD0,08C0ACA1,compact,0,PASS,PASS
D00719,002B5B0C,08C0E353,full_text,0,PASS,PASS
JOB_012,002B5B10,08C0ACAE,compact,0,PASS,PASS
D00720,002B5B4C,08C0E358,full_text,0,PASS,PASS
JOB_013,002B5B50,08C0ACB5,compact,0,PASS,PASS
D00721,002B5B8C,08C0E35D,full_text,0,PASS,PASS
JOB_014,002B5B90,08C0ACBC,compact,0,PASS,PASS
D00722,002B5BCC,08C0E362,full_text,0,PASS,PASS
JOB_015,002B5BD0,08C0ACC3,compact,0,PASS,PASS
D00723,002B5C0C,08C0E367,full_text,0,PASS,PASS
JOB_016,002B5C10,08C0ACCA,compact,0,PASS,PASS
D00724,002B5C4C,08C0E36C,full_text,0,PASS,PASS
JOB_017,002B5C50,08C0ACD1,compact,0,PASS,PASS
D00725,002B5C8C,08C0E371,full_text,0,PASS,PASS
JOB_018,002B5C90,08C0ACD8,compact,0,PASS,PASS
D00726,002B5CCC,08C0E374,full_text,0,PASS,PASS
JOB_019,002B5CD0,08C0ACDC,compact,0,PASS,PASS
D00727,002B5D0C,08C0E37B,full_text,0,PASS,PASS
JOB_020,002B5D10,08C0ACE6,compact,0,PASS,PASS
D00728,002B5D4C,08C0E380,full_text,0,PASS,PASS
JOB_021,002B5D50,08C0ACED,compact,0,PASS,PASS
D00729,002B5D8C,08C0E385,full_text,0,PASS,PASS
JOB_022,002B5D90,08C0ACF4,compact,0,PASS,PASS
D00730,002B5DCC,08C0E38C,full_text,0,PASS,PASS
JOB_023,002B5DD0,08C0ACFE,compact,0,PASS,PASS
D00731,002B5E0C,08C0E393,full_text,0,PASS,PASS
JOB_024,002B5E10,08C0AD08,compact,0,PASS,PASS
D00732,002B5E4C,08C0E39A,full_text,0,PASS,PASS
JOB_025,002B5E50,08C0AD12,compact,0,PASS,PASS
D00733,002B5E8C,08C0E3A3,full_text,0,PASS,PASS
JOB_026,002B5E90,08C0AD1F,compact,0,PASS,PASS
D00734,002B5ECC,08C0E3AA,full_text,0,PASS,PASS
JOB_027,002B5ED0,08C0AD29,compact,0,PASS,PASS
D00735,002B5F0C,08C0E3AF,full_text,0,PASS,PASS
JOB_028,002B5F10,08C0AD30,compact,0,PASS,PASS
D00736,002B5F4C,08C0E3B6,full_text,0,PASS,PASS
JOB_029,002B5F50,08C0AD3A,compact,0,PASS,PASS
D00736,002B5F8C,08C0E3C1,full_text,0,PASS,PASS
JOB_030,002B5F90,08C0AD3A,compact,0,PASS,PASS
D00737,002B5FCC,08C0E3CC,full_text,0,PASS,PASS
JOB_031,002B5FD0,08C0AD4A,compact,0,PASS,PASS
D00737,002B600C,08C0E3D1,full_text,0,PASS,PASS
JOB_032,002B6010,08C0AD4A,compact,0,PASS,PASS
D00738,002B604C,08C0E3D6,full_text,0,PASS,PASS
JOB_033,002B6050,08C0AD51,compact,0,PASS,PASS
D00738,002B608C,08C0E3DD,full_text,0,PASS,PASS
JOB_034,002B6090,08C0AD51,compact,0,PASS,PASS
D00739,002B60CC,08C0E3E4,full_text,0,PASS,PASS
JOB_035,002B60D0,08C0AD5B,compact,0,PASS,PASS
D00739,002B610C,08C0E3E9,full_text,0,PASS,PASS
JOB_036,002B6110,08C0AD5B,compact,0,PASS,PASS
D00740,002B614C,08C0E3EE,full_text,0,PASS,PASS
JOB_037,002B6150,08C0AD62,compact,0,PASS,PASS
D00740,002B618C,08C0E3F5,full_text,0,PASS,PASS
JOB_038,002B6190,08C0AD62,compact,0,PASS,PASS
D00741,002B61CC,08C0E3FC,full_text,0,PASS,PASS
JOB_039,002B61D0,08C0AD6C,compact,0,PASS,PASS
D00741,002B620C,08C0E401,full_text,0,PASS,PASS
JOB_040,002B6210,08C0AD6C,compact,0,PASS,PASS
D00742,002B624C,08C0E406,full_text,0,PASS,PASS
JOB_041,002B6250,08C0AD73,compact,0,PASS,PASS
D00743,002B628C,08C0E40D,full_text,0,PASS,PASS
JOB_042,002B6290,08C0AD7D,compact,0,PASS,PASS
D00744,002B62CC,08C0E412,full_text,0,PASS,PASS
JOB_043,002B62D0,08C0AD84,compact,0,PASS,PASS
D00744,002B630C,08C0E417,full_text,0,PASS,PASS
JOB_044,002B6310,08C0AD84,compact,0,PASS,PASS
D00745,002B634C,08C0E41C,full_text,0,PASS,PASS
JOB_045,002B6350,08C0AD8B,compact,0,PASS,PASS
D00746,002B638C,08C0E423,full_text,0,PASS,PASS
JOB_046,002B6390,08C0AD95,compact,0,PASS,PASS
D00747,002B63CC,08C0E42A,full_text,0,PASS,PASS
JOB_047,002B63D0,08C0AD9F,compact,0,PASS,PASS
D00747,002B640C,08C0E433,full_text,0,PASS,PASS
JOB_048,002B6410,08C0AD9F,compact,0,PASS,PASS
D00748,002B644C,08C0E43C,full_text,0,PASS,PASS
JOB_049,002B6450,08C0ADAC,compact,0,PASS,PASS
D00748,002B648C,08C0E443,full_text,0,PASS,PASS
JOB_050,002B6490,08C0ADAC,compact,0,PASS,PASS
D00749,002B64CC,08C0E44A,full_text,0,PASS,PASS
JOB_051,002B64D0,08C0ADB6,compact,0,PASS,PASS
D00750,002B650C,08C0E44F,full_text,0,PASS,PASS
JOB_052,002B6510,08C0ADBD,compact,0,PASS,PASS
D00751,002B654C,08C0E454,full_text,0,PASS,PASS
JOB_053,002B6550,08C0ADC4,compact,0,PASS,PASS
D00751,002B658C,08C0E45B,full_text,0,PASS,PASS
JOB_054,002B6590,08C0ADC4,compact,0,PASS,PASS
D00752,002B65CC,08C0E462,full_text,0,PASS,PASS
JOB_055,002B65D0,08C0ADCE,compact,0,PASS,PASS
D00752,002B660C,08C0E467,full_text,0,PASS,PASS
JOB_056,002B6610,08C0ADCE,compact,0,PASS,PASS
D00753,002B664C,08C0E46C,full_text,0,PASS,PASS
JOB_057,002B6650,08C0ADD5,compact,0,PASS,PASS
D00753,002B668C,08C0E475,full_text,0,PASS,PASS
JOB_058,002B6690,08C0ADD5,compact,0,PASS,PASS
D00754,002B66CC,08C0E47E,full_text,0,PASS,PASS
JOB_059,002B66D0,08C0ADE2,compact,0,PASS,PASS
D00755,002B670C,08C0E485,full_text,0,PASS,PASS
JOB_060,002B6710,08C0ADEC,compact,0,PASS,PASS
D00756,002B674C,08C0E48A,full_text,0,PASS,PASS
JOB_061,002B6750,08C0ADF3,compact,0,PASS,PASS
D00757,002B678C,08C0E491,full_text,0,PASS,PASS
JOB_062,002B6790,08C0ADFD,compact,0,PASS,PASS
D00758,002B67CC,08C0E498,full_text,0,PASS,PASS
JOB_063,002B67D0,08C0AE07,compact,0,PASS,PASS
D00758,002B680C,08C0E49D,full_text,0,PASS,PASS
JOB_064,002B6810,08C0AE07,compact,0,PASS,PASS
D00759,002B684C,08C0E4A2,full_text,0,PASS,PASS
JOB_065,002B6850,08C0AE0E,compact,0,PASS,PASS
D00759,002B688C,08C0E4A9,full_text,0,PASS,PASS
JOB_066,002B6890,08C0AE0E,compact,0,PASS,PASS
D00760,002B68CC,08C0E4B0,full_text,0,PASS,PASS
JOB_067,002B68D0,08C0AE18,compact,0,PASS,PASS
D00760,002B690C,08C0E4B9,full_text,0,PASS,PASS
JOB_068,002B6910,08C0AE18,compact,0,PASS,PASS
D00761,002B694C,08C0E4C2,full_text,0,PASS,PASS
JOB_069,002B6950,08C0AE25,compact,0,PASS,PASS
D00761,002B698C,08C0E4CB,full_text,0,PASS,PASS
JOB_070,002B6990,08C0AE25,compact,0,PASS,PASS
D00762,002B69CC,08C0E4D4,full_text,0,PASS,PASS
JOB_071,002B69D0,08C0AE32,compact,0,PASS,PASS
D00763,002B6A0C,08C0E4DB,full_text,0,PASS,PASS
JOB_072,002B6A10,08C0AE3C,compact,0,PASS,PASS
D00764,002B6A4C,08C0E4E6,full_text,0,PASS,PASS
JOB_073,002B6A50,08C0AE4C,compact,0,PASS,PASS
D00764,002B6A8C,08C0E4EF,full_text,0,PASS,PASS
JOB_074,002B6A90,08C0AE4C,compact,0,PASS,PASS
D00765,002B6ACC,08C0E4F8,full_text,0,PASS,PASS
JOB_075,002B6AD0,08C0AE59,compact,0,PASS,PASS
D00765,002B6B0C,08C0E4FF,full_text,0,PASS,PASS
JOB_076,002B6B10,08C0AE59,compact,0,PASS,PASS
D00766,002B6B4C,08C0E506,full_text,0,PASS,PASS
JOB_077,002B6B50,08C0AE63,compact,0,PASS,PASS
D00766,002B6B8C,08C0E50D,full_text,0,PASS,PASS
JOB_078,002B6B90,08C0AE63,compact,0,PASS,PASS
D00767,002B6BCC,08C0E514,full_text,0,PASS,PASS
JOB_079,002B6BD0,08C0AE6D,compact,0,PASS,PASS
D00767,002B6C0C,08C0E519,full_text,0,PASS,PASS
JOB_080,002B6C10,08C0AE6D,compact,0,PASS,PASS
D00768,002B6C4C,08C0E51E,full_text,0,PASS,PASS
JOB_081,002B6C50,08C0AE74,compact,0,PASS,PASS
D00768,002B6C8C,08C0E527,full_text,0,PASS,PASS
JOB_082,002B6C90,08C0AE74,compact,0,PASS,PASS
D00769,002B6CCC,08C0E530,full_text,0,PASS,PASS
JOB_083,002B6CD0,08C0AE81,compact,0,PASS,PASS
D00769,002B6D0C,08C0E539,full_text,0,PASS,PASS
JOB_084,002B6D10,08C0AE81,compact,0,PASS,PASS
D00770,002B6D4C,08C0E542,full_text,0,PASS,PASS
JOB_085,002B6D50,08C0AE8E,compact,0,PASS,PASS
D00770,002B6D8C,08C0E54B,full_text,0,PASS,PASS
JOB_086,002B6D90,08C0AE8E,compact,0,PASS,PASS
D00771,002B6DCC,08C0E554,full_text,0,PASS,PASS
JOB_087,002B6DD0,08C0AE9B,compact,0,PASS,PASS
D00771,002B6E0C,08C0E55D,full_text,0,PASS,PASS
JOB_088,002B6E10,08C0AE9B,compact,0,PASS,PASS
D00772,002B6E4C,08C0E566,full_text,0,PASS,PASS
JOB_089,002B6E50,08C0AEA8,compact,0,PASS,PASS
D00772,002B6E8C,08C0E56F,full_text,0,PASS,PASS
JOB_090,002B6E90,08C0AEA8,compact,0,PASS,PASS
D00773,002B6ECC,08C0E578,full_text,0,PASS,PASS
JOB_091,002B6ED0,08C0AEB5,compact,0,PASS,PASS
D00773,002B6F0C,08C0E57D,full_text,0,PASS,PASS
JOB_092,002B6F10,08C0AEB5,compact,0,PASS,PASS
D00774,002B6F4C,08C0E582,full_text,0,PASS,PASS
JOB_093,002B6F50,08C0AEBC,compact,0,PASS,PASS
D00774,002B6F8C,08C0E587,full_text,0,PASS,PASS
JOB_094,002B6F90,08C0AEBC,compact,0,PASS,PASS
D00775,002B6FCC,08C0E58C,full_text,0,PASS,PASS
JOB_095,002B6FD0,08C0AEC3,compact,0,PASS,PASS
D00775,002B700C,08C0E591,full_text,0,PASS,PASS
JOB_096,002B7010,08C0AEC3,compact,0,PASS,PASS
D00776,002B704C,08C0E596,full_text,0,PASS,PASS
JOB_097,002B7050,08C0AECA,compact,0,PASS,PASS
D00776,002B708C,08C0E59B,full_text,0,PASS,PASS
JOB_098,002B7090,08C0AECA,compact,0,PASS,PASS
D00777,002B70CC,08C0E5A0,full_text,0,PASS,PASS
JOB_099,002B70D0,08C0AED1,compact,0,PASS,PASS
D00777,002B710C,08C0E5A9,full_text,0,PASS,PASS
JOB_100,002B7110,08C0AED1,compact,0,PASS,PASS
D00778,002B714C,08C0E5B2,full_text,0,PASS,PASS
JOB_101,002B7150,08C0AEDE,compact,0,PASS,PASS
D00779,002B718C,08C0E5B7,full_text,0,PASS,PASS
JOB_102,002B7190,08C0AEE5,compact,0,PASS,PASS
D00780,002B71CC,08C0E5C0,full_text,0,PASS,PASS
JOB_103,002B71D0,08C0AEF2,compact,0,PASS,PASS
D00780,002B720C,08C0E5C9,full_text,0,PASS,PASS
JOB_104,002B7210,08C0AEF2,compact,0,PASS,PASS
D00781,002B724C,08C0E5D2,full_text,0,PASS,PASS
JOB_105,002B7250,08C0AEFF,compact,0,PASS,PASS
D00782,002B728C,08C0E5D9,full_text,0,PASS,PASS
JOB_106,002B7290,08C0AF09,compact,0,PASS,PASS
D00783,002B72CC,08C0E5E4,full_text,0,PASS,PASS
JOB_107,002B72D0,08C0AF19,compact,0,PASS,PASS
D00783,002B730C,08C0E5ED,full_text,0,PASS,PASS
JOB_108,002B7310,08C0AF19,compact,0,PASS,PASS
D00784,002B734C,08C0E5F6,full_text,0,PASS,PASS
JOB_109,002B7350,08C0AF26,compact,0,PASS,PASS
D00784,002B738C,08C0E5FD,full_text,0,PASS,PASS
JOB_110,002B7390,08C0AF26,compact,0,PASS,PASS
D00785,002B73CC,08C0E604,full_text,0,PASS,PASS
JOB_111,002B73D0,08C0AF30,compact,0,PASS,PASS
D00785,002B740C,08C0E60B,full_text,0,PASS,PASS
JOB_112,002B7410,08C0AF30,compact,0,PASS,PASS
D00786,002B744C,08C0E612,full_text,0,PASS,PASS
JOB_113,002B7450,08C0AF3A,compact,0,PASS,PASS
D00786,002B748C,08C0E619,full_text,0,PASS,PASS
JOB_114,002B7490,08C0AF3A,compact,0,PASS,PASS
D00787,002B74CC,08C0E620,full_text,0,PASS,PASS
JOB_115,002B74D0,08C0AF44,compact,0,PASS,PASS
D00787,002B750C,08C0E627,full_text,0,PASS,PASS
JOB_116,002B7510,08C0AF44,compact,0,PASS,PASS
D00788,002B754C,08C0E62E,full_text,0,PASS,PASS
JOB_117,002B7550,08C0AF4E,compact,0,PASS,PASS
D00788,002B758C,08C0E635,full_text,0,PASS,PASS
JOB_118,002B7590,08C0AF4E,compact,0,PASS,PASS
D00789,002B75CC,08C0E63C,full_text,0,PASS,PASS
JOB_119,002B75D0,08C0AF58,compact,0,PASS,PASS
D00789,002B760C,08C0E645,full_text,0,PASS,PASS
JOB_120,002B7610,08C0AF58,compact,0,PASS,PASS
D00790,002B764C,08C0E64E,full_text,0,PASS,PASS
JOB_121,002B7650,08C0AF65,compact,0,PASS,PASS
D00791,002B768C,08C0E655,full_text,0,PASS,PASS
JOB_122,002B7690,08C0AF6F,compact,0,PASS,PASS
D00792,002B76CC,08C0E660,full_text,0,PASS,PASS
JOB_123,002B76D0,08C0AF7F,compact,0,PASS,PASS
D00793,002B770C,08C0E66B,full_text,0,PASS,PASS
JOB_124,002B7710,08C0AF8F,compact,0,PASS,PASS
D00794,002B774C,08C0E672,full_text,0,PASS,PASS
JOB_125,002B7750,08C0AF99,compact,0,PASS,PASS
D00794,002B778C,08C0E67B,full_text,0,PASS,PASS
JOB_126,002B7790,08C0AF99,compact,0,PASS,PASS
D00795,002B77CC,08C0E684,full_text,0,PASS,PASS
JOB_127,002B77D0,08C0AFA6,compact,0,PASS,PASS
D00796,002B780C,08C0E68D,full_text,0,PASS,PASS
JOB_128,002B7810,08C0AFB3,compact,0,PASS,PASS
D00797,002B784C,08C0E696,full_text,0,PASS,PASS
JOB_129,002B7850,08C0AFC0,compact,0,PASS,PASS
D00797,002B788C,08C0E69D,full_text,0,PASS,PASS
JOB_130,002B7890,08C0AFC0,compact,0,PASS,PASS
D00798,002B78CC,08C0E6A4,full_text,0,PASS,PASS
JOB_131,002B78D0,08C0AFCA,compact,0,PASS,PASS
D00798,002B790C,08C0E6A9,full_text,0,PASS,PASS
JOB_132,002B7910,08C0AFCA,compact,0,PASS,PASS
D00799,002B794C,08C0E6AE,full_text,0,PASS,PASS
JOB_133,002B7950,08C0AFD1,compact,0,PASS,PASS
D00799,002B798C,08C0E6B9,full_text,0,PASS,PASS
JOB_134,002B7990,08C0AFD1,compact,0,PASS,PASS
D00800,002B79CC,08C0E6C4,full_text,0,PASS,PASS
JOB_135,002B79D0,08C0AFDF,compact,0,PASS,PASS
D00800,002B7A0C,08C0E6D3,full_text,0,PASS,PASS
JOB_136,002B7A10,08C0AFDF,compact,0,PASS,PASS
D00801,002B7A4C,08C0E6E2,full_text,0,PASS,PASS
JOB_137,002B7A50,08C0AFF3,compact,0,PASS,PASS
D00801,002B7A8C,08C0E6EF,full_text,0,PASS,PASS
JOB_138,002B7A90,08C0AFF3,compact,0,PASS,PASS
D00802,002B7ACC,08C0E6FC,full_text,0,PASS,PASS
JOB_139,002B7AD0,08C0B004,compact,0,PASS,PASS
D00802,002B7B0C,08C0E70B,full_text,0,PASS,PASS
JOB_140,002B7B10,08C0B004,compact,0,PASS,PASS
D00803,002B7B4C,08C0E71A,full_text,0,PASS,PASS
JOB_141,002B7B50,08C0B018,compact,0,PASS,PASS
D00803,002B7B8C,08C0E727,full_text,0,PASS,PASS
JOB_142,002B7B90,08C0B018,compact,0,PASS,PASS
D00804,002B7BCC,08C0E734,full_text,0,PASS,PASS
JOB_143,002B7BD0,08C0B029,compact,0,PASS,PASS
D00804,002B7C0C,08C0E741,full_text,0,PASS,PASS
JOB_144,002B7C10,08C0B029,compact,0,PASS,PASS
D00805,002B7C4C,08C0E74E,full_text,0,PASS,PASS
JOB_145,002B7C50,08C0B03A,compact,0,PASS,PASS
D00806,002B7C8C,08C0E755,full_text,0,PASS,PASS
JOB_146,002B7C90,08C0B044,compact,0,PASS,PASS
D00807,002B7CCC,08C0E760,full_text,0,PASS,PASS
JOB_147,002B7CD0,08C0B054,compact,0,PASS,PASS
D00807,002B7D0C,08C0E76B,full_text,0,PASS,PASS
JOB_148,002B7D10,08C0B054,compact,0,PASS,PASS
D00808,002B7D4C,08C0E776,full_text,0,PASS,PASS
JOB_149,002B7D50,08C0B064,compact,0,PASS,PASS
D00809,002B7D8C,08C0E783,full_text,0,PASS,PASS
JOB_150,002B7D90,08C0B075,compact,0,PASS,PASS
D00810,002B7DCC,08C0E78E,full_text,0,PASS,PASS
JOB_151,002B7DD0,08C0B083,compact,0,PASS,PASS
D00810,002B7E0C,08C0E795,full_text,0,PASS,PASS
JOB_152,002B7E10,08C0B083,compact,0,PASS,PASS
D00811,002B7E4C,08C0E79C,full_text,0,PASS,PASS
JOB_153,002B7E50,08C0B08D,compact,0,PASS,PASS
D00811,002B7E8C,08C0E7A1,full_text,0,PASS,PASS
JOB_154,002B7E90,08C0B08D,compact,0,PASS,PASS
D00812,002B7ECC,08C0E7A6,full_text,0,PASS,PASS
JOB_155,002B7ED0,08C0B094,compact,0,PASS,PASS
D00812,002B7F0C,08C0E7AB,full_text,0,PASS,PASS
JOB_156,002B7F10,08C0B094,compact,0,PASS,PASS
D00813,002B7F4C,08C0E7B0,full_text,0,PASS,PASS
JOB_157,002B7F50,08C0B09B,compact,0,PASS,PASS
D00813,002B7F8C,08C0E7B5,full_text,0,PASS,PASS
JOB_158,002B7F90,08C0B09B,compact,0,PASS,PASS
D00814,002B7FCC,08C0E7BA,full_text,0,PASS,PASS
JOB_159,002B7FD0,08C0B0A2,compact,0,PASS,PASS
D00814,002B800C,08C0E7C1,full_text,0,PASS,PASS
JOB_160,002B8010,08C0B0A2,compact,0,PASS,PASS
D00815,002B804C,08C0E7C8,full_text,0,PASS,PASS
JOB_161,002B8050,08C0B0AC,compact,0,PASS,PASS
D00815,002B808C,08C0E7D5,full_text,0,PASS,PASS
JOB_162,002B8090,08C0B0AC,compact,0,PASS,PASS
D00816,002B80CC,08C0E7E2,full_text,0,PASS,PASS
JOB_163,002B80D0,08C0B0BD,compact,0,PASS,PASS
D00817,002B810C,08C0E7EF,full_text,0,PASS,PASS
JOB_164,002B8110,08C0B0CE,compact,0,PASS,PASS
D00818,002B814C,08C0E7FA,full_text,0,PASS,PASS
JOB_165,002B8150,08C0B0DE,compact,0,PASS,PASS
D00819,002B818C,08C0E803,full_text,0,PASS,PASS
JOB_166,002B8190,08C0B0EB,compact,0,PASS,PASS
D00820,002B81CC,08C0E80C,full_text,0,PASS,PASS
JOB_167,002B81D0,08C0B0F6,compact,0,PASS,PASS
D00821,002B820C,08C0E811,full_text,0,PASS,PASS
JOB_168,002B8210,08C0B0FD,compact,0,PASS,PASS
D00822,002B824C,08C0E818,full_text,0,PASS,PASS
JOB_169,002B8250,08C0B107,compact,0,PASS,PASS
D00823,002B828C,08C0E825,full_text,0,PASS,PASS
JOB_170,002B8290,08C0B118,compact,0,PASS,PASS
D00824,002B82CC,08C0E82A,full_text,0,PASS,PASS
JOB_171,002B82D0,08C0B11F,compact,0,PASS,PASS
D00824,002B830C,08C0E833,full_text,0,PASS,PASS
JOB_172,002B8310,08C0B11F,compact,0,PASS,PASS
D00825,002B834C,08C0E83C,full_text,0,PASS,PASS
JOB_173,002B8350,08C0B12C,compact,0,PASS,PASS
D00825,002B838C,08C0E845,full_text,0,PASS,PASS
JOB_174,002B8390,08C0B12C,compact,0,PASS,PASS
D00826,002B83CC,08C0E84E,full_text,0,PASS,PASS
JOB_175,002B83D0,08C0B139,compact,0,PASS,PASS
D00826,002B840C,08C0E857,full_text,0,PASS,PASS
JOB_176,002B8410,08C0B139,compact,0,PASS,PASS
D00827,002B844C,08C0E860,full_text,0,PASS,PASS
JOB_177,002B8450,08C0B146,compact,0,PASS,PASS
D00827,002B848C,08C0E869,full_text,0,PASS,PASS
JOB_178,002B8490,08C0B146,compact,0,PASS,PASS
D00828,002B84CC,08C0E872,full_text,0,PASS,PASS
JOB_179,002B84D0,08C0B153,compact,0,PASS,PASS
D00828,002B850C,08C0E879,full_text,0,PASS,PASS
JOB_180,002B8510,08C0B153,compact,0,PASS,PASS
D00829,002B854C,08C0E880,full_text,0,PASS,PASS
JOB_181,002B8550,08C0B15D,compact,0,PASS,PASS
D00829,002B858C,08C0E887,full_text,0,PASS,PASS
JOB_182,002B8590,08C0B15D,compact,0,PASS,PASS
D00830,002B85CC,08C0E88E,full_text,0,PASS,PASS
JOB_183,002B85D0,08C0B167,compact,0,PASS,PASS
D00830,002B860C,08C0E897,full_text,0,PASS,PASS
JOB_184,002B8610,08C0B167,compact,0,PASS,PASS
D00831,002B864C,08C0E8A0,full_text,0,PASS,PASS
JOB_185,002B8650,08C0B174,compact,0,PASS,PASS
D00831,002B868C,08C0E8A9,full_text,0,PASS,PASS
JOB_186,002B8690,08C0B174,compact,0,PASS,PASS
D00832,002B86CC,08C0E8B2,full_text,0,PASS,PASS
JOB_187,002B86D0,08C0B181,compact,0,PASS,PASS
D00833,002B870C,08C0E8BB,full_text,0,PASS,PASS
JOB_188,002B8710,08C0B18E,compact,0,PASS,PASS
D00834,002B874C,08C0E8C8,full_text,0,PASS,PASS
JOB_189,002B8750,08C0B1A1,compact,0,PASS,PASS
D00835,002B878C,08C0E8CF,full_text,0,PASS,PASS
JOB_190,002B8790,08C0B1AB,compact,0,PASS,PASS
D00836,002B87CC,08C0E8D6,full_text,0,PASS,PASS
JOB_191,002B87D0,08C0B1B5,compact,0,PASS,PASS
D00836,002B880C,08C0E8DD,full_text,0,PASS,PASS
JOB_192,002B8810,08C0B1B5,compact,0,PASS,PASS
D00837,002B884C,08C0E8E4,full_text,0,PASS,PASS
JOB_193,002B8850,08C0B1BF,compact,0,PASS,PASS
D00838,002B888C,08C0E8ED,full_text,0,PASS,PASS
JOB_194,002B8890,08C0B1CC,compact,0,PASS,PASS
D00839,002B88CC,08C0E8F8,full_text,0,PASS,PASS
JOB_195,002B88D0,08C0B1DC,compact,0,PASS,PASS
D00839,002B890C,08C0E901,full_text,0,PASS,PASS
JOB_196,002B8910,08C0B1DC,compact,0,PASS,PASS
D00840,002B894C,08C0E90A,full_text,0,PASS,PASS
JOB_197,002B8950,08C0B1E9,compact,0,PASS,PASS
D00840,002B898C,08C0E911,full_text,0,PASS,PASS
JOB_198,002B8990,08C0B1E9,compact,0,PASS,PASS
D00841,002B89CC,08C0E918,full_text,0,PASS,PASS
JOB_199,002B89D0,08C0B1F3,compact,0,PASS,PASS
D00841,002B8A0C,08C0E91D,full_text,0,PASS,PASS
JOB_200,002B8A10,08C0B1F3,compact,0,PASS,PASS
MONSTER_000,002BF4D4,08C0B1FA,compact,0,PASS,PASS
MONSTER_001,002BF508,08C0B201,compact,0,PASS,PASS
MONSTER_002,002BF53C,08C0B215,compact,0,PASS,PASS
MONSTER_003,002BF570,08C0B226,compact,0,PASS,PASS
MONSTER_004,002BF5A4,08C0B234,compact,0,PASS,PASS
MONSTER_005,002BF5D8,08C0B241,compact,0,PASS,PASS
MONSTER_006,002BF60C,08C0B24C,compact,0,PASS,PASS
MONSTER_007,002BF640,08C0B25A,compact,0,PASS,PASS
MONSTER_008,002BF674,08C0B261,compact,0,PASS,PASS
MONSTER_009,002BF6A8,08C0B275,compact,0,PASS,PASS
MONSTER_010,002BF6DC,08C0B27C,compact,0,PASS,PASS
MONSTER_011,002BF710,08C0B289,compact,0,PASS,PASS
MONSTER_012,002BF744,08C0B29A,compact,0,PASS,PASS
MONSTER_013,002BF778,08C0B2A4,compact,0,PASS,PASS
MONSTER_014,002BF7AC,08C0B2B5,compact,0,PASS,PASS
MONSTER_015,002BF7E0,08C73253,compact,0,PASS,PASS
MONSTER_016,002BF814,08C0B2CA,compact,0,PASS,PASS
MONSTER_017,002BF848,08C0B2E1,compact,0,PASS,PASS
MONSTER_018,002BF87C,08C0B2F8,compact,0,PASS,PASS
MONSTER_019,002BF8B0,08C0B305,compact,0,PASS,PASS
MONSTER_020,002BF8E4,08C0B31F,compact,0,PASS,PASS
MONSTER_021,002BF918,08C0B32C,compact,0,PASS,PASS
MONSTER_022,002BF94C,08C0B339,compact,0,PASS,PASS
MONSTER_023,002BF980,08C0B34C,compact,0,PASS,PASS
MONSTER_024,002BF9B4,08C0B356,compact,0,PASS,PASS
MONSTER_025,002BF9E8,08C0B367,compact,0,PASS,PASS
MONSTER_026,002BFA1C,08C0B378,compact,0,PASS,PASS
MONSTER_027,002BFA50,08C0B389,compact,0,PASS,PASS
MONSTER_028,002BFA84,08C0B390,compact,0,PASS,PASS
MONSTER_029,002BFAB8,08C0B39E,compact,0,PASS,PASS
MONSTER_030,002BFAEC,08C0B3AF,compact,0,PASS,PASS
MONSTER_031,002BFB20,08C0B3BD,compact,0,PASS,PASS
MONSTER_032,002BFB54,08C0B3D1,compact,0,PASS,PASS
MONSTER_033,002BFB88,08C0B3E2,compact,0,PASS,PASS
MONSTER_034,002BFBBC,08C0B3F2,compact,0,PASS,PASS
MONSTER_035,002BFBF0,08C0B403,compact,0,PASS,PASS
MONSTER_036,002BFC24,08C0B417,compact,0,PASS,PASS
MONSTER_037,002BFC58,08C0B421,compact,0,PASS,PASS
MONSTER_038,002BFC8C,08C0B42F,compact,0,PASS,PASS
MONSTER_039,002BFCC0,08C0B440,compact,0,PASS,PASS
MONSTER_040,002BFCF4,08C0B44D,compact,0,PASS,PASS
MONSTER_041,002BFD28,08C0B454,compact,0,PASS,PASS
MONSTER_042,002BFD5C,08C0B45E,compact,0,PASS,PASS
MONSTER_043,002BFD90,08C0B468,compact,0,PASS,PASS
MONSTER_044,002BFDC4,08C0B46F,compact,0,PASS,PASS
MONSTER_045,002BFDF8,08C0B476,compact,0,PASS,PASS
MONSTER_046,002BFE2C,08C0B487,compact,0,PASS,PASS
MONSTER_047,002BFE60,08C0B495,compact,0,PASS,PASS
MONSTER_048,002BFE94,08C0B4A5,compact,0,PASS,PASS
MONSTER_049,002BFEC8,08C0B4B5,compact,0,PASS,PASS
MONSTER_050,002BFEFC,08C0B4C9,compact,0,PASS,PASS
MONSTER_051,002BFF30,08C0B4D6,compact,0,PASS,PASS
MONSTER_052,002BFF64,08C0B4E1,compact,0,PASS,PASS
MONSTER_053,002BFF98,08C0B4EE,compact,0,PASS,PASS
MONSTER_054,002BFFCC,08C0B4FB,compact,0,PASS,PASS
MONSTER_055,002C0000,08C0B502,compact,0,PASS,PASS
MONSTER_056,002C0034,08C0B512,compact,0,PASS,PASS
MONSTER_057,002C0068,08C0B51C,compact,0,PASS,PASS
MONSTER_058,002C009C,08C0B52E,compact,0,PASS,PASS
MONSTER_059,002C00D0,08C0B542,compact,0,PASS,PASS
MONSTER_060,002C0104,08C0B553,compact,0,PASS,PASS
MONSTER_061,002C0138,08C0B560,compact,0,PASS,PASS
MONSTER_062,002C016C,08C0B56A,compact,0,PASS,PASS
MONSTER_063,002C01A0,08C0B577,compact,0,PASS,PASS
MONSTER_064,002C01D4,08C0B584,compact,0,PASS,PASS
MONSTER_065,002C0208,08C0B592,compact,0,PASS,PASS
MONSTER_066,002C023C,08C0B5A6,compact,0,PASS,PASS
MONSTER_067,002C0270,08C0B5B3,compact,0,PASS,PASS
MONSTER_068,002C02A4,08C0B5C0,compact,0,PASS,PASS
MONSTER_069,002C02D8,08C0B5D1,compact,0,PASS,PASS
MONSTER_070,002C030C,08C0B5E2,compact,0,PASS,PASS
MONSTER_071,002C0340,08C0B5F3,compact,0,PASS,PASS
MONSTER_072,002C0374,08C0B5FA,compact,0,PASS,PASS
MONSTER_073,002C03A8,08C0B611,compact,0,PASS,PASS
MONSTER_074,002C03DC,08C0B61B,compact,0,PASS,PASS
MONSTER_075,002C0410,08C0B622,compact,0,PASS,PASS
MONSTER_076,002C0444,08C0B630,compact,0,PASS,PASS
MONSTER_077,002C0478,08C0B63A,compact,0,PASS,PASS
MONSTER_078,002C04AC,08C0B641,compact,0,PASS,PASS
MONSTER_079,002C04E0,08C0B652,compact,0,PASS,PASS
MONSTER_080,002C0514,08C0B663,compact,0,PASS,PASS
MONSTER_081,002C0548,08C0B671,compact,0,PASS,PASS
MONSTER_082,002C057C,08C0B67B,compact,0,PASS,PASS
MONSTER_083,002C05B0,08C0B682,compact,0,PASS,PASS
MONSTER_084,002C05E4,08C0B690,compact,0,PASS,PASS
MONSTER_085,002C0618,08C0B69B,compact,0,PASS,PASS
MONSTER_086,002C064C,08C0B6A8,compact,0,PASS,PASS
MONSTER_087,002C0680,08C0B6AF,compact,0,PASS,PASS
MONSTER_088,002C06B4,08C0B6B9,compact,0,PASS,PASS
MONSTER_089,002C06E8,08C0B6CD,compact,0,PASS,PASS
MONSTER_090,002C071C,08C0B6E1,compact,0,PASS,PASS
MONSTER_091,002C0750,08C0B6F5,compact,0,PASS,PASS
MONSTER_092,002C0784,08C0B703,compact,0,PASS,PASS
MONSTER_093,002C07B8,08C0B70A,compact,0,PASS,PASS
MONSTER_094,002C07EC,08C0B718,compact,0,PASS,PASS
MONSTER_095,002C0820,08C0B726,compact,0,PASS,PASS
MONSTER_096,002C0854,08C0B734,compact,0,PASS,PASS
MONSTER_097,002C0888,08C73260,compact,0,PASS,PASS
MONSTER_098,002C08BC,08C73267,compact,0,PASS,PASS
MONSTER_099,002C08F0,08C73272,compact,0,PASS,PASS
MONSTER_100,002C0924,08C73283,compact,0,PASS,PASS
MONSTER_101,002C0958,08C73294,compact,0,PASS,PASS
MONSTER_102,002C098C,08C0B78A,compact,0,PASS,PASS
MONSTER_103,002C09C0,08C0B794,compact,0,PASS,PASS
MONSTER_104,002C09F4,08C0B7A5,compact,0,PASS,PASS
MONSTER_105,002C0A28,08C0B7B5,compact,0,PASS,PASS
MONSTER_106,002C0A5C,08C0B7C9,compact,0,PASS,PASS
MONSTER_107,002C0A90,08C0B7DD,compact,0,PASS,PASS
MONSTER_108,002C0AC4,08C0B7E7,compact,0,PASS,PASS
MONSTER_109,002C0AF8,08C0B7F1,compact,0,PASS,PASS
MONSTER_110,002C0B2C,08C0B7FF,compact,0,PASS,PASS
MONSTER_111,002C0B60,08C0B810,compact,0,PASS,PASS
MONSTER_112,002C0B94,08C0B821,compact,0,PASS,PASS
MONSTER_113,002C0BC8,08C0B82C,compact,0,PASS,PASS
MONSTER_114,002C0BFC,08C0B83A,compact,0,PASS,PASS
MONSTER_115,002C0C30,08C0B848,compact,0,PASS,PASS
MONSTER_116,002C0C64,08C0B856,compact,0,PASS,PASS
MONSTER_117,002C0C98,08C0B867,compact,0,PASS,PASS
MONSTER_118,002C0CCC,08C0B875,compact,0,PASS,PASS
MONSTER_119,002C0D00,08C0B886,compact,0,PASS,PASS
MONSTER_120,002C0D34,08C0B894,compact,0,PASS,PASS
MONSTER_121,002C0D68,08C0B8A5,compact,0,PASS,PASS
MONSTER_122,002C0D9C,08C0B8B9,compact,0,PASS,PASS
MONSTER_123,002C0DD0,08C0B8C3,compact,0,PASS,PASS
MONSTER_124,002C0E04,08C0B8D4,compact,0,PASS,PASS
MONSTER_125,002C0E38,08C0B8E2,compact,0,PASS,PASS
MONSTER_126,002C0E6C,08C0B8E9,compact,0,PASS,PASS
MONSTER_127,002C0EA0,08C0B8F7,compact,0,PASS,PASS
MONSTER_128,002C0ED4,08C0B905,compact,0,PASS,PASS
MONSTER_129,002C0F08,08C0B916,compact,0,PASS,PASS
MONSTER_130,002C0F3C,08C0B924,compact,0,PASS,PASS
MONSTER_131,002C0F70,08C0B92E,compact,0,PASS,PASS
MONSTER_132,002C0FA4,08C0B941,compact,0,PASS,PASS
MONSTER_133,002C0FD8,08C0B952,compact,0,PASS,PASS
MONSTER_134,002C100C,08C0B959,compact,0,PASS,PASS
MONSTER_135,002C1040,08C0B961,compact,0,PASS,PASS
MONSTER_136,002C1074,08C0B96B,compact,0,PASS,PASS
MONSTER_137,002C10A8,08C0B978,compact,0,PASS,PASS
MONSTER_138,002C10DC,08C0B982,compact,0,PASS,PASS
MONSTER_139,002C1110,08C0B990,compact,0,PASS,PASS
MONSTER_140,002C1144,08C0B99B,compact,0,PASS,PASS
MONSTER_141,002C1178,08C0B9A3,compact,0,PASS,PASS
MONSTER_142,002C11AC,08C0B9AB,compact,0,PASS,PASS
MONSTER_143,002C11E0,08C0B9B8,compact,0,PASS,PASS
MONSTER_144,002C1214,08C0B9C2,compact,0,PASS,PASS
MONSTER_145,002C1248,08C0B9C9,compact,0,PASS,PASS
MONSTER_146,002C127C,08C0B9D0,compact,0,PASS,PASS
MONSTER_147,002C12B0,08C0B9D0,compact,0,PASS,PASS
MONSTER_148,002C12E4,08C0B9D0,compact,0,PASS,PASS
MONSTER_149,002C1318,08C0B9D0,compact,0,PASS,PASS
MONSTER_150,002C134C,08C0B9D0,compact,0,PASS,PASS
MONSTER_151,002C1380,08C0B9D0,compact,0,PASS,PASS
MONSTER_152,002C13B4,08C0B9D7,compact,0,PASS,PASS
MONSTER_153,002C13E8,08C0B9D7,compact,0,PASS,PASS
MONSTER_154,002C141C,08C0B9D7,compact,0,PASS,PASS
MONSTER_155,002C1450,08C0B9D7,compact,0,PASS,PASS
MONSTER_156,002C1484,08C0B9D7,compact,0,PASS,PASS
MONSTER_157,002C14B8,08C0B9D7,compact,0,PASS,PASS
MONSTER_158,002C14EC,08C0B9DE,compact,0,PASS,PASS
MONSTER_159,002C1520,08C0B9DE,compact,0,PASS,PASS
MONSTER_160,002C1554,08C0B9DE,compact,0,PASS,PASS
MONSTER_161,002C1588,08C0B9DE,compact,0,PASS,PASS
MONSTER_162,002C15BC,08C0B9DE,compact,0,PASS,PASS
MONSTER_163,002C15F0,08C0B9DE,compact,0,PASS,PASS
MONSTER_164,002C1624,08C0B9E5,compact,0,PASS,PASS
CHARACTER_BOOK_000,002C5334,08C0B9E9,compact,0,PASS,PASS
D00842,002C5338,08C0FA5B,full_text,0,PASS,PASS
D00843,002C533C,08C23A47,full_text,0,PASS,PASS
D00844,002C5340,08C23A70,full_text,0,PASS,PASS
D00845,002C5344,088076C4,full_text,0,PASS,PASS
CHARACTER_BOOK_001,002C535C,08C0B9F3,compact,0,PASS,PASS
D00846,002C5360,08C0FA72,full_text,0,PASS,PASS
D00847,002C5364,08C23A95,full_text,0,PASS,PASS
D00848,002C5368,0880767B,full_text,0,PASS,PASS
D00845,002C536C,088076C4,full_text,0,PASS,PASS
CHARACTER_BOOK_002,002C5384,08C0B9FD,compact,0,PASS,PASS
D00849,002C5388,08C0FA8D,full_text,0,PASS,PASS
D00850,002C538C,08807641,full_text,0,PASS,PASS
D00851,002C5390,08C23AAC,full_text,0,PASS,PASS
D00845,002C5394,088076C4,full_text,0,PASS,PASS
CHARACTER_BOOK_003,002C53AC,08C0BA04,compact,0,PASS,PASS
D00852,002C53B0,08C0FAA6,full_text,0,PASS,PASS
D00853,002C53B4,088075E4,full_text,0,PASS,PASS
D00854,002C53B8,08C23AD7,full_text,0,PASS,PASS
D00845,002C53BC,088076C4,full_text,0,PASS,PASS
CHARACTER_BOOK_004,002C53D4,08C0BA0E,compact,0,PASS,PASS
D00855,002C53D8,08C0FAC3,full_text,0,PASS,PASS
D00856,002C53DC,08C23AFE,full_text,0,PASS,PASS
D00857,002C53E0,08807566,full_text,0,PASS,PASS
D00845,002C53E4,088076C4,full_text,0,PASS,PASS
CHARACTER_BOOK_005,002C53FC,08C0BA15,compact,0,PASS,PASS
D00858,002C5400,08C0FAD8,full_text,0,PASS,PASS
D00859,002C5404,08C23B1D,full_text,0,PASS,PASS
D00860,002C5408,08C23B44,full_text,0,PASS,PASS
D00845,002C540C,088076C4,full_text,0,PASS,PASS
CHARACTER_BOOK_006,002C5424,08C0BA1C,compact,0,PASS,PASS
D00861,002C5428,08C0FAF1,full_text,0,PASS,PASS
D00862,002C542C,08C23B6B,full_text,0,PASS,PASS
D00863,002C5430,08C23B8C,full_text,0,PASS,PASS
D00864,002C5434,08807487,full_text,0,PASS,PASS
CHARACTER_BOOK_007,002C544C,08C0BA23,compact,0,PASS,PASS
D00865,002C5450,08C0FB04,full_text,0,PASS,PASS
D00866,002C5454,08C23BB3,full_text,0,PASS,PASS
D00867,002C5458,08C23BD8,full_text,0,PASS,PASS
D00864,002C545C,08807487,full_text,0,PASS,PASS
CHARACTER_BOOK_008,002C5474,08C0BA2A,compact,0,PASS,PASS
D00868,002C5478,08C0FB19,full_text,0,PASS,PASS
D00869,002C547C,08C23BFF,full_text,0,PASS,PASS
D00870,002C5480,088073DB,full_text,0,PASS,PASS
D00864,002C5484,08807487,full_text,0,PASS,PASS
CHARACTER_BOOK_009,002C549C,08C0BA31,compact,0,PASS,PASS
D00871,002C54A0,08C0FB30,full_text,0,PASS,PASS
D00872,002C54A4,08C7092D,full_text,0,PASS,PASS
D00873,002C54A8,08C23C3D,full_text,0,PASS,PASS
D00864,002C54AC,08807487,full_text,0,PASS,PASS
CHARACTER_BOOK_010,002C54C4,08C0BA3B,compact,0,PASS,PASS
D00874,002C54C8,08C0FB47,full_text,0,PASS,PASS
D00875,002C54CC,08807350,full_text,0,PASS,PASS
D00876,002C54D0,08C23C5E,full_text,0,PASS,PASS
D00864,002C54D4,08807487,full_text,0,PASS,PASS
CHARACTER_BOOK_011,002C54EC,08C0BA48,compact,0,PASS,PASS
D00877,002C54F0,08C0FB5E,full_text,0,PASS,PASS
D00878,002C54F4,08807305,full_text,0,PASS,PASS
D00879,002C54F8,088072E6,full_text,0,PASS,PASS
D00864,002C54FC,08807487,full_text,0,PASS,PASS
CHARACTER_BOOK_012,002C5514,08C0BA4F,compact,0,PASS,PASS
D00880,002C5518,08C0FB6F,full_text,0,PASS,PASS
D00881,002C551C,088072AE,full_text,0,PASS,PASS
D00882,002C5520,08C23C7D,full_text,0,PASS,PASS
D00864,002C5524,08807487,full_text,0,PASS,PASS
CHARACTER_BOOK_013,002C553C,08C0BA56,compact,0,PASS,PASS
D00883,002C5540,08C0FB86,full_text,0,PASS,PASS
D00884,002C5544,08807257,full_text,0,PASS,PASS
D00885,002C5548,08807238,full_text,0,PASS,PASS
D00864,002C554C,08807487,full_text,0,PASS,PASS
CHARACTER_BOOK_014,002C5564,08C0BA5D,compact,0,PASS,PASS
D00886,002C5568,08C0FB9B,full_text,0,PASS,PASS
D00887,002C556C,08C23CA2,full_text,0,PASS,PASS
D00888,002C5570,08C23CC9,full_text,0,PASS,PASS
D00864,002C5574,08807487,full_text,0,PASS,PASS
CHARACTER_BOOK_015,002C558C,08C0BA64,compact,0,PASS,PASS
D00889,002C5590,08C0FBAE,full_text,0,PASS,PASS
D00890,002C5594,08C23CEE,full_text,0,PASS,PASS
D00891,002C5598,08C23D0D,full_text,0,PASS,PASS
D00892,002C559C,08807163,full_text,0,PASS,PASS
CHARACTER_BOOK_016,002C55B4,08C0BA6B,compact,0,PASS,PASS
D00893,002C55B8,08C0FBE8,full_text,0,PASS,PASS
D00894,002C55BC,08C23D38,full_text,0,PASS,PASS
D00895,002C55C0,08C23D5D,full_text,0,PASS,PASS
D00892,002C55C4,08807163,full_text,0,PASS,PASS
CHARACTER_BOOK_017,002C55DC,08C0BA72,compact,0,PASS,PASS
D00896,002C55E0,08C0FC22,full_text,0,PASS,PASS
D00897,002C55E4,088070CE,full_text,0,PASS,PASS
D00898,002C55E8,08C23D86,full_text,0,PASS,PASS
D00892,002C55EC,08807163,full_text,0,PASS,PASS
CHARACTER_BOOK_018,002C5604,08C0BA76,compact,0,PASS,PASS
D00899,002C5608,08807090,full_text,0,PASS,PASS
D00900,002C560C,08C23D9D,full_text,0,PASS,PASS
D00901,002C5610,08C23DC6,full_text,0,PASS,PASS
D00892,002C5614,08807163,full_text,0,PASS,PASS
CHARACTER_BOOK_019,002C562C,08C0BA80,compact,0,PASS,PASS
D00902,002C5630,08C7094E,full_text,0,PASS,PASS
D00903,002C5634,08C23E0E,full_text,0,PASS,PASS
D00904,002C5638,08C23E33,full_text,0,PASS,PASS
D00892,002C563C,08807163,full_text,0,PASS,PASS
CHARACTER_BOOK_020,002C5654,08C0BA87,compact,0,PASS,PASS
D00905,002C5658,08C23E50,full_text,0,PASS,PASS
D00906,002C565C,08806FA7,full_text,0,PASS,PASS
D00907,002C5660,08C23E73,full_text,0,PASS,PASS
D00892,002C5664,08807163,full_text,0,PASS,PASS
CHARACTER_BOOK_021,002C567C,08C0BA8E,compact,0,PASS,PASS
D00908,002C5680,08C23E98,full_text,0,PASS,PASS
D00909,002C5684,08806F45,full_text,0,PASS,PASS
D00910,002C5688,08C7096D,full_text,0,PASS,PASS
D00892,002C568C,08807163,full_text,0,PASS,PASS
BATTLE_COMMAND_000,002C7B60,08C0BA98,compact,0,PASS,PASS
BATTLE_COMMAND_001,002C7B68,08C0BAA9,compact,0,PASS,PASS
BATTLE_COMMAND_002,002C7B70,08C0BABA,compact,0,PASS,PASS
BATTLE_COMMAND_003,002C7B78,08C0BAC1,compact,0,PASS,PASS
BATTLE_COMMAND_004,002C7B80,08C0BACF,compact,0,PASS,PASS
BATTLE_COMMAND_005,002C7B88,08C0BADD,compact,0,PASS,PASS
BATTLE_COMMAND_006,002C7B90,08C0BAEE,compact,0,PASS,PASS
BATTLE_COMMAND_007,002C7B98,08C0BAF8,compact,0,PASS,PASS
BATTLE_COMMAND_008,002C7BA0,08C0BAFF,compact,0,PASS,PASS
BATTLE_COMMAND_009,002C7BA8,08C0BB06,compact,0,PASS,PASS
BATTLE_COMMAND_010,002C7BB0,08C0BB14,compact,0,PASS,PASS
BATTLE_COMMAND_011,002C7BB8,08C0BB25,compact,0,PASS,PASS
BATTLE_COMMAND_012,002C7BC0,08C0BB29,compact,0,PASS,PASS
D00911,003135E4,088171D5,full_text,0,PASS,PASS
D00912,003135F4,088171D0,full_text,0,PASS,PASS
D00913,0031361C,088171C5,full_text,0,PASS,PASS
D00914,0031362C,088171A6,full_text,0,PASS,PASS
D00915,0031363C,08C23EB5,full_text,0,PASS,PASS
D00916,00313654,0881716A,full_text,0,PASS,PASS
D00917,0031365C,08C23EEC,full_text,0,PASS,PASS
D00918,0031366C,08817130,full_text,0,PASS,PASS
D00919,00313674,08C23F0D,full_text,0,PASS,PASS
D00920,0031367C,08C23F26,full_text,0,PASS,PASS
D00921,00313684,088170F9,full_text,0,PASS,PASS
D00922,00313694,088170EA,full_text,0,PASS,PASS
D00923,0031369C,08C23F41,full_text,0,PASS,PASS
D00924,003136AC,08C23F60,full_text,0,PASS,PASS
D00925,003136BC,08817091,full_text,0,PASS,PASS
D00926,003138B8,0881764D,full_text,0,PASS,PASS
D00927,003138C0,0881763E,full_text,0,PASS,PASS
D00928,003138D0,08817637,full_text,0,PASS,PASS
D00929,003138E0,08C23F6D,full_text,0,PASS,PASS
D00930,00313910,08C23F84,full_text,0,PASS,PASS
D00931,00313918,08C23FAB,full_text,0,PASS,PASS
D00932,00313928,08C70992,full_text,0,PASS,PASS
D00933,00313938,088175C7,full_text,0,PASS,PASS
D00934,00313940,08C709A5,full_text,0,PASS,PASS
D00935,00313948,08817595,full_text,0,PASS,PASS
D00936,00313960,08C23FBC,full_text,0,PASS,PASS
D00937,00313970,0881756B,full_text,0,PASS,PASS
D00938,00313998,0881755C,full_text,0,PASS,PASS
D00939,003139A0,08C23FDD,full_text,0,PASS,PASS
D00940,003139C0,08817534,full_text,0,PASS,PASS
D00941,003139D0,08817507,full_text,0,PASS,PASS
D00942,003139D8,08C24000,full_text,0,PASS,PASS
D00943,003139E8,088174B7,full_text,0,PASS,PASS
D00944,003139F0,08C24031,full_text,0,PASS,PASS
D00945,00313A00,08C2406E,full_text,0,PASS,PASS
D00946,00313A10,08C2409F,full_text,0,PASS,PASS
D00947,00313A18,088173DF,full_text,0,PASS,PASS
D00948,00313A28,088173B8,full_text,0,PASS,PASS
D00949,00313A38,088173B1,full_text,0,PASS,PASS
D00950,00313A50,0881738A,full_text,0,PASS,PASS
D00951,00313A68,08C240DA,full_text,0,PASS,PASS
D00952,00313A70,08C2410D,full_text,0,PASS,PASS
D00953,00313A80,08C0FC73,full_text,0,PASS,PASS
D00954,00313AA0,08817310,full_text,0,PASS,PASS
D00955,00313AF0,088172F7,full_text,0,PASS,PASS
D00956,00313B00,088172D2,full_text,0,PASS,PASS
D00957,00313B08,088172B5,full_text,0,PASS,PASS
D00958,00313B10,08817290,full_text,0,PASS,PASS
D00959,00313B18,08C2412C,full_text,0,PASS,PASS
D00960,00313B20,08817246,full_text,0,PASS,PASS
D00961,00313B30,0881722F,full_text,0,PASS,PASS
D00962,00313B38,08C2414B,full_text,0,PASS,PASS
D00963,00313B48,08C0FC86,full_text,0,PASS,PASS
D00964,00313B50,08C24168,full_text,0,PASS,PASS
D00965,003140E4,08817860,full_text,0,PASS,PASS
D00966,003140F4,08C2417F,full_text,0,PASS,PASS
D00967,00314104,08817814,full_text,0,PASS,PASS
D00968,0031410C,08C2419A,full_text,0,PASS,PASS
D00969,00314114,088177C3,full_text,0,PASS,PASS
D00970,0031411C,0881779A,full_text,0,PASS,PASS
D00971,00314124,08C709C8,full_text,0,PASS,PASS
D00972,0031412C,08C241D7,full_text,0,PASS,PASS
D00973,00314134,08817741,full_text,0,PASS,PASS
D00974,0031413C,08817729,full_text,0,PASS,PASS
D00975,00314154,08C241FA,full_text,0,PASS,PASS
D00976,0031415C,08C24223,full_text,0,PASS,PASS
D00977,00314164,088176AC,full_text,0,PASS,PASS
D00978,00314174,08817699,full_text,0,PASS,PASS
D00979,0031417C,08C2424C,full_text,0,PASS,PASS
D00980,0031419C,0881766B,full_text,0,PASS,PASS
D00981,003141AC,08817660,full_text,0,PASS,PASS
D00982,0031445C,08817A37,full_text,0,PASS,PASS
D00983,0031446C,08C24277,full_text,0,PASS,PASS
D00984,0031447C,088179F3,full_text,0,PASS,PASS
D00985,0031448C,088179EA,full_text,0,PASS,PASS
D00986,003144A4,088179E1,full_text,0,PASS,PASS
D00987,003144D4,08C242AA,full_text,0,PASS,PASS
D00988,003144DC,088179B9,full_text,0,PASS,PASS
D00989,00314504,088179A0,full_text,0,PASS,PASS
D00990,0031451C,0881797F,full_text,0,PASS,PASS
D00991,00314534,08C70A07,full_text,0,PASS,PASS
D00992,0031454C,0881792F,full_text,0,PASS,PASS
D00993,00314554,0881790A,full_text,0,PASS,PASS
D00994,00314584,088178EF,full_text,0,PASS,PASS
D00995,003145A4,088178C2,full_text,0,PASS,PASS
D00996,003145BC,088178AD,full_text,0,PASS,PASS
D00997,003145E4,08817888,full_text,0,PASS,PASS
D00998,003145F4,08C242C5,full_text,0,PASS,PASS
D00999,003148B0,08817CE9,full_text,0,PASS,PASS
D01000,003148C0,08C70A42,full_text,0,PASS,PASS
D01001,003148C8,08C24305,full_text,0,PASS,PASS
D01002,003148D8,08C2432E,full_text,0,PASS,PASS
D01003,003148E0,08C24369,full_text,0,PASS,PASS
D01004,00314900,08817C04,full_text,0,PASS,PASS
D01005,00314910,08817BE7,full_text,0,PASS,PASS
D01006,00314918,08817BBE,full_text,0,PASS,PASS
D01007,00314920,08817B9D,full_text,0,PASS,PASS
D01008,00314930,08C2439C,full_text,0,PASS,PASS
D01009,00314950,08817B57,full_text,0,PASS,PASS
D01010,00314960,08C70A61,full_text,0,PASS,PASS
D01011,00314968,08817B25,full_text,0,PASS,PASS
D01012,00314970,08C243CD,full_text,0,PASS,PASS
D01013,00314980,08817AF5,full_text,0,PASS,PASS
D01014,00314988,08817AD4,full_text,0,PASS,PASS
D01015,003149A0,08817AA5,full_text,0,PASS,PASS
D01016,003149B0,08817A6A,full_text,0,PASS,PASS
D01017,00314CEC,08C243F8,full_text,0,PASS,PASS
D01018,00314CF4,08818031,full_text,0,PASS,PASS
D01019,00314D04,08818010,full_text,0,PASS,PASS
D01020,00314D14,08C2441B,full_text,0,PASS,PASS
D01021,00314D1C,08C24442,full_text,0,PASS,PASS
D00912,00314D2C,088171D0,full_text,0,PASS,PASS
D01022,00314D34,08817F8F,full_text,0,PASS,PASS
D01023,00314D64,08C24475,full_text,0,PASS,PASS
D01024,00314D84,08C244B4,full_text,0,PASS,PASS
D01025,00314D94,08817F2A,full_text,0,PASS,PASS
D01026,00314DA4,08C244CB,full_text,0,PASS,PASS
D01027,00314DBC,08817EE8,full_text,0,PASS,PASS
D01028,00314DCC,08C244FA,full_text,0,PASS,PASS
D01029,00314DD4,08C2451D,full_text,0,PASS,PASS
D01030,00314DDC,08C24546,full_text,0,PASS,PASS
D01031,00314DE4,08C2457D,full_text,0,PASS,PASS
D01032,00314E0C,08817E43,full_text,0,PASS,PASS
D01033,00314E44,08817E3C,full_text,0,PASS,PASS
D01034,00314E4C,08817E31,full_text,0,PASS,PASS
D01035,00314E54,08817DE8,full_text,0,PASS,PASS
D01036,00314E5C,08C24594,full_text,0,PASS,PASS
D01037,00314E64,08C70A8E,full_text,0,PASS,PASS
D01038,00314E6C,08C24614,full_text,0,PASS,PASS
D01039,00314E74,08C2463D,full_text,0,PASS,PASS
D01040,00314E84,08817CF9,full_text,0,PASS,PASS
D01041,00315278,08818242,full_text,0,PASS,PASS
D01042,00315280,08C70AC9,full_text,0,PASS,PASS
D01043,00315290,088181F2,full_text,0,PASS,PASS
D01044,003152B0,08C2467C,full_text,0,PASS,PASS
D01045,003152C0,08C70B00,full_text,0,PASS,PASS
D01046,003152C8,08C246D2,full_text,0,PASS,PASS
D01047,003152D8,08C246EF,full_text,0,PASS,PASS
D01048,003152F0,08C24716,full_text,0,PASS,PASS
D01049,00315318,08818101,full_text,0,PASS,PASS
D01050,00315338,088180EF,full_text,0,PASS,PASS
D01051,00315348,08C2472B,full_text,0,PASS,PASS
D01052,00315358,08C2475E,full_text,0,PASS,PASS
D01053,00315360,08818084,full_text,0,PASS,PASS
D01054,00315378,08C70B31,full_text,0,PASS,PASS
D01055,00315388,0881805D,full_text,0,PASS,PASS
D01056,00315618,08C247A4,full_text,0,PASS,PASS
D01057,00315620,08C247BF,full_text,0,PASS,PASS
D01058,00315638,08C247DC,full_text,0,PASS,PASS
D01059,00315648,0881849C,full_text,0,PASS,PASS
D01060,00315650,08C247FD,full_text,0,PASS,PASS
D01061,00315660,08818444,full_text,0,PASS,PASS
D01062,00315668,08C24846,full_text,0,PASS,PASS
D01063,00315678,08818414,full_text,0,PASS,PASS
D01064,00315688,08C2486F,full_text,0,PASS,PASS
D01065,00315690,08C70B46,full_text,0,PASS,PASS
D01066,00315698,08C24880,full_text,0,PASS,PASS
D01067,003156A0,08C248AD,full_text,0,PASS,PASS
D01068,003156B8,08C248D8,full_text,0,PASS,PASS
D01069,003156C0,08C248F1,full_text,0,PASS,PASS
D01070,003156D0,08C24920,full_text,0,PASS,PASS
D01071,003156D8,08C24957,full_text,0,PASS,PASS
D01072,003156F0,08C24984,full_text,0,PASS,PASS
D01073,00315708,088182D2,full_text,0,PASS,PASS
D01074,00315710,08C249A5,full_text,0,PASS,PASS
D01075,00315728,08818291,full_text,0,PASS,PASS
D01076,00315738,08818286,full_text,0,PASS,PASS
D01077,00315748,08C249D2,full_text,0,PASS,PASS
D01078,00315A88,08818788,full_text,0,PASS,PASS
D01079,00315A90,08818767,full_text,0,PASS,PASS
D01080,00315A98,08818754,full_text,0,PASS,PASS
D01081,00315AA0,0881874B,full_text,0,PASS,PASS
D01082,00315AA8,08818712,full_text,0,PASS,PASS
D01083,00315AB0,08818707,full_text,0,PASS,PASS
D01084,00315AB8,088186FE,full_text,0,PASS,PASS
D01085,00315AC0,088186BF,full_text,0,PASS,PASS
D01086,00315AC8,08818698,full_text,0,PASS,PASS
D01087,00315AD0,08C24A09,full_text,0,PASS,PASS
D01088,00315AD8,08818610,full_text,0,PASS,PASS
D01089,00315AE0,088185E9,full_text,0,PASS,PASS
D01090,00315AE8,08C24A44,full_text,0,PASS,PASS
D01091,00315B00,08C24A65,full_text,0,PASS,PASS
D01092,00315B18,08C24A98,full_text,0,PASS,PASS
D01093,00315B20,08C24ACB,full_text,0,PASS,PASS
D01094,00315B28,08C24AF6,full_text,0,PASS,PASS
D01095,00315B38,08818509,full_text,0,PASS,PASS
D01096,00315E6C,08C24B15,full_text,0,PASS,PASS
D01097,00315E7C,08C24B24,full_text,0,PASS,PASS
D01098,00315E8C,08818884,full_text,0,PASS,PASS
D01099,00315E94,0881886F,full_text,0,PASS,PASS
D01100,00315EAC,0881886A,full_text,0,PASS,PASS
D01101,00315EB4,08C24B3B,full_text,0,PASS,PASS
D01102,00315ED4,08C24B76,full_text,0,PASS,PASS
D01103,00315EDC,08C70B53,full_text,0,PASS,PASS
D01104,00315EE4,08C70B72,full_text,0,PASS,PASS
D01105,00315F1C,088187E1,full_text,0,PASS,PASS
D01106,00315F2C,088187D8,full_text,0,PASS,PASS
D01107,00315F34,08C24B9C,full_text,0,PASS,PASS
D01108,003160E8,08C24BD7,full_text,0,PASS,PASS
D01109,003160F8,08818A5E,full_text,0,PASS,PASS
D01110,00316100,08C24BEE,full_text,0,PASS,PASS
D01111,00316108,08C24BF7,full_text,0,PASS,PASS
D01112,00316118,08C24C1A,full_text,0,PASS,PASS
D01113,00316120,08818A09,full_text,0,PASS,PASS
D01114,00316138,08C24C31,full_text,0,PASS,PASS
D01115,00316148,08C24C50,full_text,0,PASS,PASS
D01116,00316150,088189A9,full_text,0,PASS,PASS
D01117,00316158,0881898E,full_text,0,PASS,PASS
D01118,00316160,08C24C69,full_text,0,PASS,PASS
D01119,00316178,08818960,full_text,0,PASS,PASS
D01120,00316180,08C24C92,full_text,0,PASS,PASS
D01121,00316190,08818932,full_text,0,PASS,PASS
D01122,003161A0,08818921,full_text,0,PASS,PASS
D01123,003161B0,08C24CB1,full_text,0,PASS,PASS
D01124,003161B8,08C24CCC,full_text,0,PASS,PASS
D01125,003161C0,088188D4,full_text,0,PASS,PASS
D01126,003161C8,08C24CF1,full_text,0,PASS,PASS
D01127,0031644C,08818D0E,full_text,0,PASS,PASS
D01128,00316454,08818CE5,full_text,0,PASS,PASS
D01129,00316464,08818CBA,full_text,0,PASS,PASS
D01130,00316474,08C24D14,full_text,0,PASS,PASS
D01131,0031647C,08818C98,full_text,0,PASS,PASS
D01132,00316484,08818C93,full_text,0,PASS,PASS
D01133,0031648C,08818C64,full_text,0,PASS,PASS
D01134,00316494,08C24D31,full_text,0,PASS,PASS
D01135,0031649C,08C24D44,full_text,0,PASS,PASS
D01136,003164A4,08C24D7D,full_text,0,PASS,PASS
D01137,003164B4,08818BD2,full_text,0,PASS,PASS
D01138,003164C4,08C24DB8,full_text,0,PASS,PASS
D01139,003164CC,08C24DE3,full_text,0,PASS,PASS
D01140,003164E4,08C24E20,full_text,0,PASS,PASS
D01141,003164EC,08818B46,full_text,0,PASS,PASS
D01142,003164F4,08C24E3B,full_text,0,PASS,PASS
D01143,00316534,08C24E62,full_text,0,PASS,PASS
D01144,0031653C,08C24E93,full_text,0,PASS,PASS
D01145,00316544,08C24EB2,full_text,0,PASS,PASS
D01146,00316554,08C70B87,full_text,0,PASS,PASS
D00965,003168B4,08817860,full_text,0,PASS,PASS
D01147,003168BC,08C24ED7,full_text,0,PASS,PASS
D01148,003168C4,08C24EFC,full_text,0,PASS,PASS
D01149,003168DC,08C24F13,full_text,0,PASS,PASS
D01150,003168EC,08818EE3,full_text,0,PASS,PASS
D01151,003168FC,08C24F1C,full_text,0,PASS,PASS
D01152,0031695C,08C24F2D,full_text,0,PASS,PASS
D01153,0031697C,08C24F70,full_text,0,PASS,PASS
D01154,003169A4,08818E45,full_text,0,PASS,PASS
D01155,003169B4,08818E1C,full_text,0,PASS,PASS
D01156,003169DC,08818E0D,full_text,0,PASS,PASS
D01157,003169EC,08818DF4,full_text,0,PASS,PASS
D01158,00316A34,08818DED,full_text,0,PASS,PASS
D01159,00316A3C,08C24F95,full_text,0,PASS,PASS
D01160,00316A44,08C24FBE,full_text,0,PASS,PASS
D01161,00316A4C,08C24FD7,full_text,0,PASS,PASS
D01162,00316A54,08C25002,full_text,0,PASS,PASS
D01163,00316A5C,08818D36,full_text,0,PASS,PASS
D01164,00316A6C,08C2502D,full_text,0,PASS,PASS
D01165,00316D20,088190D7,full_text,0,PASS,PASS
D01166,00316D38,08C2504E,full_text,0,PASS,PASS
D01167,00316D40,08C25067,full_text,0,PASS,PASS
D01168,00316D50,08C25084,full_text,0,PASS,PASS
D01169,00316D58,08819063,full_text,0,PASS,PASS
D01170,00316D80,0881904A,full_text,0,PASS,PASS
D01171,00316D88,08C250AD,full_text,0,PASS,PASS
D01172,00316D90,08819010,full_text,0,PASS,PASS
D01173,00316DA0,08C250D6,full_text,0,PASS,PASS
D01174,00316DA8,08C250F3,full_text,0,PASS,PASS
D01175,00316DB0,08818F99,full_text,0,PASS,PASS
D01176,00316DC0,08818F88,full_text,0,PASS,PASS
D01177,00316DE0,08818F7B,full_text,0,PASS,PASS
D01178,00316DE8,08C25130,full_text,0,PASS,PASS
D01179,00317000,08819355,full_text,0,PASS,PASS
D01180,00317028,08C25161,full_text,0,PASS,PASS
D01181,00317038,0881932D,full_text,0,PASS,PASS
D01182,00317040,08C25184,full_text,0,PASS,PASS
D01183,00317050,088192F9,full_text,0,PASS,PASS
D01184,00317058,088192F0,full_text,0,PASS,PASS
D01185,00317060,088192B5,full_text,0,PASS,PASS
D01186,00317068,0881927C,full_text,0,PASS,PASS
D01187,00317070,08C251AB,full_text,0,PASS,PASS
D01188,00317078,0881920A,full_text,0,PASS,PASS
D01189,00317080,08C251E8,full_text,0,PASS,PASS
D01190,00317090,08C2522B,full_text,0,PASS,PASS
D01191,00317098,08C25256,full_text,0,PASS,PASS
D01192,003170A0,08819160,full_text,0,PASS,PASS
D01193,003170A8,08819157,full_text,0,PASS,PASS
D01194,003170B0,08C2527F,full_text,0,PASS,PASS
D01195,003170B8,08C252A4,full_text,0,PASS,PASS
D01196,003170D0,088190F0,full_text,0,PASS,PASS
D01197,003173B8,08C252AD,full_text,0,PASS,PASS
D01198,003173C0,08819406,full_text,0,PASS,PASS
D01199,003173C8,088193CF,full_text,0,PASS,PASS
D01200,003173D8,08C252B4,full_text,0,PASS,PASS
D01201,003173E0,088193B5,full_text,0,PASS,PASS
D01202,003173F0,08C252C5,full_text,0,PASS,PASS
D01203,003173F8,08C70B94,full_text,0,PASS,PASS
D01204,00317418,08C252EC,full_text,0,PASS,PASS
D01205,00317574,08819894,full_text,0,PASS,PASS
D01206,00317594,08C252F3,full_text,0,PASS,PASS
D01207,003175A4,08C25314,full_text,0,PASS,PASS
D01208,003175BC,08C25359,full_text,0,PASS,PASS
D01209,003175C4,08C25392,full_text,0,PASS,PASS
D01210,003175CC,08C253B1,full_text,0,PASS,PASS
D01211,003175D4,08819775,full_text,0,PASS,PASS
D01212,003175E4,0881976E,full_text,0,PASS,PASS
D01213,003175EC,08C253CA,full_text,0,PASS,PASS
D01214,003175F4,08C253FB,full_text,0,PASS,PASS
D01215,003175FC,08C25448,full_text,0,PASS,PASS
D01216,00317604,08C2547D,full_text,0,PASS,PASS
D01217,00317614,08C254A4,full_text,0,PASS,PASS
D01218,0031761C,08819634,full_text,0,PASS,PASS
D01219,00317624,088195FB,full_text,0,PASS,PASS
D01220,0031762C,088195E6,full_text,0,PASS,PASS
D01221,0031763C,08C70BC3,full_text,0,PASS,PASS
D01222,00317644,08C254F9,full_text,0,PASS,PASS
D01223,0031764C,08C25528,full_text,0,PASS,PASS
D01224,00317654,08C2554D,full_text,0,PASS,PASS
D01225,0031765C,088194E7,full_text,0,PASS,PASS
D01226,0031766C,088194D8,full_text,0,PASS,PASS
D01227,00317674,08C25592,full_text,0,PASS,PASS
D01228,0031767C,08C255D1,full_text,0,PASS,PASS
D01229,00317684,08C255FE,full_text,0,PASS,PASS
D01230,0031768C,08C2561D,full_text,0,PASS,PASS
D01231,00317B60,08819B16,full_text,0,PASS,PASS
D01232,00317B68,08C2562C,full_text,0,PASS,PASS
D01233,00317B70,08819AB2,full_text,0,PASS,PASS
D01234,00317B78,08819AA9,full_text,0,PASS,PASS
D01235,00317B80,08C25651,full_text,0,PASS,PASS
D01236,00317B88,08C70BF4,full_text,0,PASS,PASS
D01237,00317B90,08C256D3,full_text,0,PASS,PASS
D01238,00317B98,08C25708,full_text,0,PASS,PASS
D01239,00317BA8,08C2574D,full_text,0,PASS,PASS
D01240,00317BD8,08C25788,full_text,0,PASS,PASS
D01241,00317BE0,08C257D5,full_text,0,PASS,PASS
D01242,00317BF0,08C257F4,full_text,0,PASS,PASS
D01243,00317C00,08C2580D,full_text,0,PASS,PASS
D01244,00317C10,08C25834,full_text,0,PASS,PASS
D01245,00317F14,08C2586B,full_text,0,PASS,PASS
D01246,00317F1C,08C25876,full_text,0,PASS,PASS
D01247,00317F24,08C2588D,full_text,0,PASS,PASS
D01248,00317F34,08C70C3D,full_text,0,PASS,PASS
D01249,00317F44,08819D22,full_text,0,PASS,PASS
D01250,00317F54,08C258D7,full_text,0,PASS,PASS
D01251,00317F64,08819CC8,full_text,0,PASS,PASS
D01252,00317F7C,08819CB3,full_text,0,PASS,PASS
D01253,00317F84,08C25916,full_text,0,PASS,PASS
D01254,00317F8C,08819C54,full_text,0,PASS,PASS
D01255,00317F94,08C25939,full_text,0,PASS,PASS
D01256,00317F9C,08C25960,full_text,0,PASS,PASS
D01257,00317FA4,08C25975,full_text,0,PASS,PASS
D01258,00317FB4,08C259C2,full_text,0,PASS,PASS
D01259,00317FC4,08819BAF,full_text,0,PASS,PASS
D01260,00317FD4,08819B7C,full_text,0,PASS,PASS
D01261,00317FE4,08819B6F,full_text,0,PASS,PASS
D01262,00317FFC,08C259D5,full_text,0,PASS,PASS
D01263,00318014,08C259E8,full_text,0,PASS,PASS
D01264,00318314,08819F38,full_text,0,PASS,PASS
D01265,0031832C,08819F25,full_text,0,PASS,PASS
D01266,0031833C,08C25A22,full_text,0,PASS,PASS
D01267,00318344,08819EFA,full_text,0,PASS,PASS
D01268,0031834C,08819EF5,full_text,0,PASS,PASS
D01269,0031835C,08C25A3D,full_text,0,PASS,PASS
D01270,00318364,08819ED8,full_text,0,PASS,PASS
D01271,0031836C,08819ECD,full_text,0,PASS,PASS
D01272,0031837C,08819E90,full_text,0,PASS,PASS
D01273,00318384,08C25A52,full_text,0,PASS,PASS
D01274,0031838C,08C25A69,full_text,0,PASS,PASS
D01275,003183B4,08819E23,full_text,0,PASS,PASS
D01276,003183BC,08C25A90,full_text,0,PASS,PASS
D01277,003183CC,08C25AAF,full_text,0,PASS,PASS
D01278,003183E4,08819DA9,full_text,0,PASS,PASS
D01279,003183EC,08819D9C,full_text,0,PASS,PASS
D01280,0031864C,08C25ADE,full_text,0,PASS,PASS
D01281,0031865C,0881A056,full_text,0,PASS,PASS
D01282,00318664,08C25B01,full_text,0,PASS,PASS
D01283,0031866C,08C25B38,full_text,0,PASS,PASS
D01284,0031867C,08C25B5B,full_text,0,PASS,PASS
D01285,0031868C,08C25B98,full_text,0,PASS,PASS
D01286,0031869C,08C25BB1,full_text,0,PASS,PASS
D01287,003186B4,08819F64,full_text,0,PASS,PASS
D01288,003186BC,08C25BD4,full_text,0,PASS,PASS
D01289,00318894,0881A303,full_text,0,PASS,PASS
D01290,003188A4,08C25BF5,full_text,0,PASS,PASS
D01291,003188AC,0881A2C3,full_text,0,PASS,PASS
D01292,003188BC,08C25C0C,full_text,0,PASS,PASS
D01293,003188D4,0881A26F,full_text,0,PASS,PASS
D01294,003188DC,08C25C45,full_text,0,PASS,PASS
D01295,003188EC,0881A237,full_text,0,PASS,PASS
D01296,003188F4,08C25C6E,full_text,0,PASS,PASS
D01297,00318904,08C25CBB,full_text,0,PASS,PASS
D01298,0031890C,08C25CF4,full_text,0,PASS,PASS
D01299,00318914,0881A157,full_text,0,PASS,PASS
D01300,00318924,08C25D25,full_text,0,PASS,PASS
D01301,0031892C,08C70C76,full_text,0,PASS,PASS
D01302,0031893C,08C25D79,full_text,0,PASS,PASS
D01303,0031894C,0881A0D1,full_text,0,PASS,PASS
D01304,00318954,08C25D8C,full_text,0,PASS,PASS
D01305,00318C44,08C25DBF,full_text,0,PASS,PASS
D01306,00318C4C,08C25DCC,full_text,0,PASS,PASS
D01307,00318C54,08C25DE3,full_text,0,PASS,PASS
D01308,00318C5C,0881A568,full_text,0,PASS,PASS
D01309,00318C64,08C25E0C,full_text,0,PASS,PASS
D01310,00318C6C,0881A52A,full_text,0,PASS,PASS
D01081,00318C74,0881A521,full_text,0,PASS,PASS
D01311,00318C7C,08C25E3B,full_text,0,PASS,PASS
D01312,00318C84,08C25E5C,full_text,0,PASS,PASS
D01081,00318C8C,0881874B,full_text,0,PASS,PASS
D01313,00318C94,08C25EC9,full_text,0,PASS,PASS
D01314,00318CAC,08C25EF8,full_text,0,PASS,PASS
D01315,00318CBC,08C70C95,full_text,0,PASS,PASS
D01316,00318CD4,08C25F2B,full_text,0,PASS,PASS
D01317,00318CDC,08C25F4C,full_text,0,PASS,PASS
D01318,00318CE4,0881A3BF,full_text,0,PASS,PASS
D01319,00318CEC,08C25F63,full_text,0,PASS,PASS
D01320,00318CF4,08C25FBC,full_text,0,PASS,PASS
D01321,00318D0C,08C25FDF,full_text,0,PASS,PASS
D01322,00319048,0881AA70,full_text,0,PASS,PASS
D01323,00319058,08C26008,full_text,0,PASS,PASS
D01324,00319070,0881AA18,full_text,0,PASS,PASS
D01325,00319078,0881A9F1,full_text,0,PASS,PASS
D01326,00319080,08C2604F,full_text,0,PASS,PASS
D01327,00319088,0881A99F,full_text,0,PASS,PASS
D01328,00319090,0881A97A,full_text,0,PASS,PASS
D01329,00319098,08C26072,full_text,0,PASS,PASS
D01330,003190A0,0881A906,full_text,0,PASS,PASS
D01331,003190A8,08C260A5,full_text,0,PASS,PASS
D01332,003190B0,0881A8B6,full_text,0,PASS,PASS
D01333,003190B8,08C260EA,full_text,0,PASS,PASS
D01334,003190C0,08C2611B,full_text,0,PASS,PASS
D01335,003190C8,0881A837,full_text,0,PASS,PASS
D01336,003190D0,08C26152,full_text,0,PASS,PASS
D01337,003190D8,08C26187,full_text,0,PASS,PASS
D01338,003190E0,08C261B6,full_text,0,PASS,PASS
D01339,003190E8,08C70CBE,full_text,0,PASS,PASS
D01340,003190F0,0881A754,full_text,0,PASS,PASS
D01341,003190F8,0881A73B,full_text,0,PASS,PASS
D01342,00319108,08C2622E,full_text,0,PASS,PASS
D01343,00319110,08C2624D,full_text,0,PASS,PASS
D01344,00319118,08C26294,full_text,0,PASS,PASS
D01345,00319120,0881A6A1,full_text,0,PASS,PASS
D01346,00319130,0881A664,full_text,0,PASS,PASS
D01347,00319140,0881A63D,full_text,0,PASS,PASS
D01348,00319148,08C262B5,full_text,0,PASS,PASS
D01349,00319158,0881A5FF,full_text,0,PASS,PASS
D01350,00319160,0881A5E4,full_text,0,PASS,PASS
D01351,00319180,0881A5D5,full_text,0,PASS,PASS
D01352,00319190,08C262EE,full_text,0,PASS,PASS
D01353,00319728,08C26311,full_text,0,PASS,PASS
D01354,00319730,0881ABCC,full_text,0,PASS,PASS
D01355,00319748,0881ABB7,full_text,0,PASS,PASS
D01356,00319750,08C2634A,full_text,0,PASS,PASS
D01357,00319760,0881AB34,full_text,0,PASS,PASS
D01358,00319768,0881AB21,full_text,0,PASS,PASS
D01359,00319778,0881AB12,full_text,0,PASS,PASS
D01360,00319780,08C2638B,full_text,0,PASS,PASS
D01361,003197A8,0881AAB9,full_text,0,PASS,PASS
D01362,003197C0,0881AA9D,full_text,0,PASS,PASS
D01363,003197D0,08C263BC,full_text,0,PASS,PASS
D01364,003197E0,08C263D1,full_text,0,PASS,PASS
D01365,00319A04,08C263DE,full_text,0,PASS,PASS
D01366,00319A1C,08C2640D,full_text,0,PASS,PASS
D01367,00319A34,0881AC08,full_text,0,PASS,PASS
D01368,00319B5C,08C26440,full_text,0,PASS,PASS
D01369,00319B64,0881AD79,full_text,0,PASS,PASS
D01370,00319B6C,08C26461,full_text,0,PASS,PASS
D01371,00319B7C,08C26472,full_text,0,PASS,PASS
D01372,00319B84,0881ACF8,full_text,0,PASS,PASS
D01373,00319B8C,08C264AD,full_text,0,PASS,PASS
D01374,00319B94,08C264CC,full_text,0,PASS,PASS
D01375,00319B9C,08C264EB,full_text,0,PASS,PASS
D01376,00319D4C,0881AFF0,full_text,0,PASS,PASS
D01377,00319D54,08C26514,full_text,0,PASS,PASS
D01378,00319D5C,08C2651D,full_text,0,PASS,PASS
D01379,00319D64,08C26554,full_text,0,PASS,PASS
D01380,00319D74,08C2656B,full_text,0,PASS,PASS
D01381,00319D7C,08C26592,full_text,0,PASS,PASS
D01382,00319D84,08C265C5,full_text,0,PASS,PASS
D01383,00319D9C,0881AEE0,full_text,0,PASS,PASS
D01384,00319DAC,08C26606,full_text,0,PASS,PASS
D01385,00319DB4,0881AEB4,full_text,0,PASS,PASS
D01386,00319DC4,08C2661F,full_text,0,PASS,PASS
D01387,00319DCC,08C2664C,full_text,0,PASS,PASS
D01388,00319DDC,0881AE29,full_text,0,PASS,PASS
D01389,00319DF4,08C2669D,full_text,0,PASS,PASS
D01390,00319E0C,08C266D0,full_text,0,PASS,PASS
D01391,0031A0D8,08C266F5,full_text,0,PASS,PASS
D01392,0031A0E0,0881B6A4,full_text,0,PASS,PASS
D01393,0031A0F0,0881B68B,full_text,0,PASS,PASS
D01394,0031A0F8,0881B660,full_text,0,PASS,PASS
D01395,0031A100,0881B649,full_text,0,PASS,PASS
D01396,0031A108,08C70CF9,full_text,0,PASS,PASS
D01397,0031A120,0881B60F,full_text,0,PASS,PASS
D01398,0031A130,0881B5FC,full_text,0,PASS,PASS
D01399,0031A148,08C70D16,full_text,0,PASS,PASS
D01400,0031A150,08C2674F,full_text,0,PASS,PASS
D01401,0031A158,0881B54B,full_text,0,PASS,PASS
D01402,0031A160,0881B540,full_text,0,PASS,PASS
D01403,0031A170,0881B4F7,full_text,0,PASS,PASS
D01404,0031A178,0881B4D0,full_text,0,PASS,PASS
D01405,0031A180,08C2677E,full_text,0,PASS,PASS
D01406,0031A188,0881B456,full_text,0,PASS,PASS
D01407,0031A190,08C267C1,full_text,0,PASS,PASS
D01408,0031A198,08C267FE,full_text,0,PASS,PASS
D01409,0031A1A0,08C2683B,full_text,0,PASS,PASS
D01410,0031A1B0,0881B398,full_text,0,PASS,PASS
D01411,0031A1B8,08C26866,full_text,0,PASS,PASS
D01412,0031A1C0,0881B330,full_text,0,PASS,PASS
D01413,0031A1C8,08C268B9,full_text,0,PASS,PASS
D01414,0031A1D0,08C268D2,full_text,0,PASS,PASS
D01415,0031A1D8,08C26917,full_text,0,PASS,PASS
D01416,0031A1E0,08C26940,full_text,0,PASS,PASS
D01417,0031A1E8,08C2697F,full_text,0,PASS,PASS
D01418,0031A1F0,08C269C8,full_text,0,PASS,PASS
D01419,0031A1F8,08C269F9,full_text,0,PASS,PASS
D01420,0031A208,0881B130,full_text,0,PASS,PASS
D01421,0031A210,0881B0ED,full_text,0,PASS,PASS
D01422,0031A218,08C26A48,full_text,0,PASS,PASS
D01392,0031A220,0881B0AD,full_text,0,PASS,PASS
D01423,0031A228,0881B070,full_text,0,PASS,PASS
D01424,0031A238,0881B053,full_text,0,PASS,PASS
D01425,0031A240,08C26A81,full_text,0,PASS,PASS
D01426,0031A94C,0881B9A1,full_text,0,PASS,PASS
D01427,0031A954,0881B976,full_text,0,PASS,PASS
D01428,0031A964,0881B959,full_text,0,PASS,PASS
D01429,0031A96C,08C26ABA,full_text,0,PASS,PASS
D01430,0031A974,08C26AE7,full_text,0,PASS,PASS
D01431,0031A97C,08C26AF4,full_text,0,PASS,PASS
D01432,0031A984,08C26B2D,full_text,0,PASS,PASS
D01433,0031A98C,0881B862,full_text,0,PASS,PASS
D01434,0031A994,0881B85B,full_text,0,PASS,PASS
D01435,0031A99C,0881B80A,full_text,0,PASS,PASS
D01436,0031A9A4,0881B7DF,full_text,0,PASS,PASS
D01437,0031A9AC,08C26B6A,full_text,0,PASS,PASS
D01438,0031A9C4,08C26B91,full_text,0,PASS,PASS
D01439,0031A9D4,0881B760,full_text,0,PASS,PASS
D01440,0031A9DC,08C26BB6,full_text,0,PASS,PASS
D01441,0031A9EC,0881B6DC,full_text,0,PASS,PASS
D01442,0031AD40,0881BC94,full_text,0,PASS,PASS
D01443,0031AD48,08C26BF3,full_text,0,PASS,PASS
D01444,0031AD50,08C26C14,full_text,0,PASS,PASS
D01445,0031AD58,08C26C31,full_text,0,PASS,PASS
D01446,0031AD60,08C26C8C,full_text,0,PASS,PASS
D01447,0031AD68,08C26CCB,full_text,0,PASS,PASS
D01448,0031AD70,08C26CFA,full_text,0,PASS,PASS
D01449,0031AD80,08C26D1D,full_text,0,PASS,PASS
D01450,0031AD88,0881BAFA,full_text,0,PASS,PASS
D01451,0031AD90,0881BAC5,full_text,0,PASS,PASS
D01452,0031AD98,0881BA98,full_text,0,PASS,PASS
D01453,0031ADA0,08C26D52,full_text,0,PASS,PASS
D01454,0031ADA8,08C70D3F,full_text,0,PASS,PASS
D01455,0031ADB0,0881BA03,full_text,0,PASS,PASS
D01456,0031ADB8,0881B9D2,full_text,0,PASS,PASS
D01457,0031B0F0,08C26D6D,full_text,0,PASS,PASS
D01458,0031B108,0881BD22,full_text,0,PASS,PASS
D01459,0031B120,0881BD19,full_text,0,PASS,PASS
D01460,0031B128,0881BCE6,full_text,0,PASS,PASS
D01461,0031B140,0881BCD5,full_text,0,PASS,PASS
D01462,0031B170,0881BCCA,full_text,0,PASS,PASS
D01463,0031B180,08C26DA8,full_text,0,PASS,PASS
D01464,0031B2DC,08C26DC9,full_text,0,PASS,PASS
D01465,0031B2F4,0881BEDB,full_text,0,PASS,PASS
D01466,0031B2FC,0881BEA4,full_text,0,PASS,PASS
D01467,0031B304,0881BE8F,full_text,0,PASS,PASS
D01468,0031B31C,0881BE80,full_text,0,PASS,PASS
D01469,0031B324,0881BE4B,full_text,0,PASS,PASS
D01470,0031B334,08C26DEF,full_text,0,PASS,PASS
D01471,0031B344,0881BDF5,full_text,0,PASS,PASS
D01472,0031B354,0881BDC0,full_text,0,PASS,PASS
D01473,0031B36C,08C70D7C,full_text,0,PASS,PASS
D01474,0031B384,08C26E20,full_text,0,PASS,PASS
D01475,0031B5D0,0881C132,full_text,0,PASS,PASS
D01476,0031B5D8,08C26E33,full_text,0,PASS,PASS
D01477,0031B5E0,08C70DBF,full_text,0,PASS,PASS
D01478,0031B5E8,0881C0D1,full_text,0,PASS,PASS
D01479,0031B5F0,08C26E89,full_text,0,PASS,PASS
D01480,0031B5F8,0881C077,full_text,0,PASS,PASS
D01481,0031B610,08C26EB4,full_text,0,PASS,PASS
D01482,0031B630,08C26EF1,full_text,0,PASS,PASS
D01483,0031B640,0881C00F,full_text,0,PASS,PASS
D01484,0031B658,08C26F14,full_text,0,PASS,PASS
D01485,0031B660,08C26F3D,full_text,0,PASS,PASS
D01486,0031B668,08C26F68,full_text,0,PASS,PASS
D01487,0031B670,08C70E02,full_text,0,PASS,PASS
D01488,0031B678,0881BF5C,full_text,0,PASS,PASS
D01489,0031B688,08C26FA3,full_text,0,PASS,PASS
D01490,0031B6A8,0881BF2C,full_text,0,PASS,PASS
D01491,0031B6C0,08C26FB8,full_text,0,PASS,PASS
D01492,0031B9AC,0881C4DA,full_text,0,PASS,PASS
D01493,0031B9B4,0881C4C7,full_text,0,PASS,PASS
D01442,0031B9BC,0881BC94,full_text,0,PASS,PASS
D01494,0031B9C4,0881C4AA,full_text,0,PASS,PASS
D01495,0031B9D4,0881C479,full_text,0,PASS,PASS
D01496,0031B9EC,0881C45E,full_text,0,PASS,PASS
D01497,0031B9F4,0881C423,full_text,0,PASS,PASS
D01498,0031B9FC,08C26FCD,full_text,0,PASS,PASS
D01499,0031BA04,08C2701C,full_text,0,PASS,PASS
D01500,0031BA1C,08C27047,full_text,0,PASS,PASS
D01501,0031BA24,0881C34D,full_text,0,PASS,PASS
D01502,0031BA34,08C114F5,full_text,0,PASS,PASS
D01503,0031BA3C,0881C2CB,full_text,0,PASS,PASS
D01504,0031BA4C,08C2706A,full_text,0,PASS,PASS
D01505,0031BA54,08C270AD,full_text,0,PASS,PASS
D01506,0031BA64,0881C202,full_text,0,PASS,PASS
D01507,0031BA6C,0881C1F3,full_text,0,PASS,PASS
D01508,0031BA84,0881C1C2,full_text,0,PASS,PASS
D01509,0031BA9C,0881C1BD,full_text,0,PASS,PASS
D01510,0031BAA4,08C270EE,full_text,0,PASS,PASS
D01511,0031BAAC,08C2710F,full_text,0,PASS,PASS
D01492,0031BEB8,0881C4DA,full_text,0,PASS,PASS
D01493,0031BEC0,0881C4C7,full_text,0,PASS,PASS
D01512,0031BEC8,0881CA2F,full_text,0,PASS,PASS
D01513,0031BEE0,08C27172,full_text,0,PASS,PASS
D01514,0031BEF0,08C27193,full_text,0,PASS,PASS
D01515,0031BEF8,08C271A4,full_text,0,PASS,PASS
D01516,0031BF00,0881C98B,full_text,0,PASS,PASS
D01517,0031BF18,0881C977,full_text,0,PASS,PASS
D01518,0031BF20,08C271C3,full_text,0,PASS,PASS
D01519,0031BF28,08C271E6,full_text,0,PASS,PASS
D01520,0031BF30,0881C8EA,full_text,0,PASS,PASS
D01521,0031BF38,0881C8C7,full_text,0,PASS,PASS
D01522,0031BF40,0881C886,full_text,0,PASS,PASS
D01523,0031BF48,0881C831,full_text,0,PASS,PASS
D01524,0031BF50,08C27205,full_text,0,PASS,PASS
D01525,0031BF58,08C2722A,full_text,0,PASS,PASS
D01526,0031BF70,08C2726B,full_text,0,PASS,PASS
D01527,0031BF78,08C272D0,full_text,0,PASS,PASS
D01528,0031BF80,0881C6A2,full_text,0,PASS,PASS
D01529,0031BF88,08C27345,full_text,0,PASS,PASS
D01530,0031BF90,08C27392,full_text,0,PASS,PASS
D01531,0031BF98,08C273D1,full_text,0,PASS,PASS
D01532,0031BFB0,08C27402,full_text,0,PASS,PASS
D01533,0031BFB8,08C27425,full_text,0,PASS,PASS
D01534,0031BFC0,0881C53A,full_text,0,PASS,PASS
D01535,0031BFC8,0881C527,full_text,0,PASS,PASS
D01536,0031BFE0,08C27458,full_text,0,PASS,PASS
D01537,0031BFE8,0881C4EF,full_text,0,PASS,PASS
D01538,0031C524,08C2746D,full_text,0,PASS,PASS
D01539,0031C534,08C27480,full_text,0,PASS,PASS
D01540,0031C544,0881CFF8,full_text,0,PASS,PASS
D01541,0031C554,08C274AB,full_text,0,PASS,PASS
D01542,0031C55C,0881CFC7,full_text,0,PASS,PASS
D01543,0031C564,08C274C6,full_text,0,PASS,PASS
D01544,0031C574,0881CF8D,full_text,0,PASS,PASS
D01545,0031C57C,0881CF50,full_text,0,PASS,PASS
D01546,0031C58C,08C274E9,full_text,0,PASS,PASS
D01547,0031C59C,08C27518,full_text,0,PASS,PASS
D01548,0031C5A4,0881CEAC,full_text,0,PASS,PASS
D01549,0031C5AC,0881CE6D,full_text,0,PASS,PASS
D01550,0031C5B4,0881CE26,full_text,0,PASS,PASS
D01551,0031C5C4,0881CE0F,full_text,0,PASS,PASS
D01552,0031C5CC,08C2754E,full_text,0,PASS,PASS
D01553,0031C5D4,0881CDB5,full_text,0,PASS,PASS
D01554,0031C5DC,08C27597,full_text,0,PASS,PASS
D01555,0031C5E4,0881CD49,full_text,0,PASS,PASS
D01556,0031C5EC,08C275D2,full_text,0,PASS,PASS
D01557,0031C604,0881CD11,full_text,0,PASS,PASS
D01558,0031C614,08C275FB,full_text,0,PASS,PASS
D01559,0031C61C,0881CCAD,full_text,0,PASS,PASS
D01560,0031C624,0881CC7E,full_text,0,PASS,PASS
D01561,0031C62C,0881CC47,full_text,0,PASS,PASS
D01562,0031C63C,0881CC3C,full_text,0,PASS,PASS
D01563,0031C644,08C27620,full_text,0,PASS,PASS
D01564,0031C64C,0881CBCA,full_text,0,PASS,PASS
D01565,0031C664,0881CBC3,full_text,0,PASS,PASS
D01566,0031C66C,08C70E29,full_text,0,PASS,PASS
D01567,0031C674,0881CB92,full_text,0,PASS,PASS
D01568,0031C67C,0881CB5F,full_text,0,PASS,PASS
D01569,0031C684,0881CB22,full_text,0,PASS,PASS
D01570,0031C68C,0881CB11,full_text,0,PASS,PASS
D01571,0031C69C,08C27665,full_text,0,PASS,PASS
D01572,0031C6A4,08C27688,full_text,0,PASS,PASS
D01573,0031C6B4,08C276B3,full_text,0,PASS,PASS
D01574,0031C6BC,0881CA73,full_text,0,PASS,PASS
D01575,0031C6D4,0881CA6E,full_text,0,PASS,PASS
D01576,0031C6DC,08C276D6,full_text,0,PASS,PASS
D01577,0031C6E4,0881CA3C,full_text,0,PASS,PASS
D01578,0031CD68,0881D198,full_text,0,PASS,PASS
D01579,0031CD70,08C276EB,full_text,0,PASS,PASS
D01580,0031CD88,08C27710,full_text,0,PASS,PASS
D01581,0031CD98,08C27747,full_text,0,PASS,PASS
D01582,0031CDA8,08C27760,full_text,0,PASS,PASS
D01583,0031CDB0,08C2777D,full_text,0,PASS,PASS
D01584,0031CDB8,08C277A2,full_text,0,PASS,PASS
D01585,0031CDE8,08C277C1,full_text,0,PASS,PASS
D01586,0031CE08,0881D074,full_text,0,PASS,PASS
D01587,0031CE20,0881D05F,full_text,0,PASS,PASS
D01588,0031D030,08C27802,full_text,0,PASS,PASS
D01589,0031D038,08C2780D,full_text,0,PASS,PASS
D01590,0031D050,08C27820,full_text,0,PASS,PASS
D01591,0031D060,0881D2DF,full_text,0,PASS,PASS
D01592,0031D068,08C27849,full_text,0,PASS,PASS
D01593,0031D080,0881D297,full_text,0,PASS,PASS
D01594,0031D088,0881D28E,full_text,0,PASS,PASS
D01595,0031D090,08C27886,full_text,0,PASS,PASS
D01596,0031D098,08C278B1,full_text,0,PASS,PASS
D01597,0031D0A0,08C278F6,full_text,0,PASS,PASS
D01598,0031D0B0,08C27923,full_text,0,PASS,PASS
D01599,0031D0C8,0881D1A5,full_text,0,PASS,PASS
D01600,0031D30C,08C27952,full_text,0,PASS,PASS
D01601,0031D314,08C27967,full_text,0,PASS,PASS
D01602,0031D32C,08C2798E,full_text,0,PASS,PASS
D01603,0031D33C,08C279B9,full_text,0,PASS,PASS
D01604,0031D35C,08C279F2,full_text,0,PASS,PASS
D01605,0031D364,08C27A27,full_text,0,PASS,PASS
D01606,0031D374,08C27A50,full_text,0,PASS,PASS
D01607,0031D38C,0881D40C,full_text,0,PASS,PASS
D01608,0031D39C,0881D3D1,full_text,0,PASS,PASS
D01609,0031D3AC,08C27A73,full_text,0,PASS,PASS
D01610,0031D3B4,0881D383,full_text,0,PASS,PASS
D01611,0031D3D4,0881D370,full_text,0,PASS,PASS
D01612,0031D3F4,0881D363,full_text,0,PASS,PASS
D01613,0031D404,08C27AA0,full_text,0,PASS,PASS
D01614,0031D41C,0881D333,full_text,0,PASS,PASS
D01615,0031D70C,0881DA8A,full_text,0,PASS,PASS
D01616,0031D714,08C27ACD,full_text,0,PASS,PASS
D01617,0031D724,0881DA4E,full_text,0,PASS,PASS
D01618,0031D72C,08C27AF2,full_text,0,PASS,PASS
D01619,0031D734,08C27B29,full_text,0,PASS,PASS
D01620,0031D73C,08C27B54,full_text,0,PASS,PASS
D01621,0031D744,08C27B87,full_text,0,PASS,PASS
D01622,0031D754,0881D972,full_text,0,PASS,PASS
D01623,0031D75C,0881D94F,full_text,0,PASS,PASS
D01624,0031D764,08C27BBC,full_text,0,PASS,PASS
D01625,0031D76C,0881D917,full_text,0,PASS,PASS
D01626,0031D774,0881D8D4,full_text,0,PASS,PASS
D01627,0031D77C,08C27BDD,full_text,0,PASS,PASS
D01628,0031D784,08C27C0E,full_text,0,PASS,PASS
D01629,0031D794,0881D869,full_text,0,PASS,PASS
D01630,0031D79C,0881D82E,full_text,0,PASS,PASS
D01631,0031D7A4,08C27C35,full_text,0,PASS,PASS
D01632,0031D7AC,0881D7E6,full_text,0,PASS,PASS
D01633,0031D7B4,0881D7C5,full_text,0,PASS,PASS
D01634,0031D7BC,08C27C5C,full_text,0,PASS,PASS
D01635,0031D7C4,0881D77B,full_text,0,PASS,PASS
D01636,0031D7CC,0881D762,full_text,0,PASS,PASS
D01637,0031D7D4,0881D739,full_text,0,PASS,PASS
D01638,0031D7DC,0881D6FC,full_text,0,PASS,PASS
D01639,0031D7E4,0881D6B1,full_text,0,PASS,PASS
D01640,0031D7EC,08C70E46,full_text,0,PASS,PASS
D01641,0031D7F4,0881D671,full_text,0,PASS,PASS
D01642,0031D7FC,0881D62A,full_text,0,PASS,PASS
D01643,0031D804,0881D613,full_text,0,PASS,PASS
D01644,0031D80C,08C27CB4,full_text,0,PASS,PASS
D01645,0031D814,08C27CE3,full_text,0,PASS,PASS
D01646,0031D81C,0881D57A,full_text,0,PASS,PASS
D01647,0031D82C,0881D569,full_text,0,PASS,PASS
D01648,0031D834,0881D562,full_text,0,PASS,PASS
D01649,0031D83C,0881D55B,full_text,0,PASS,PASS
D01650,0031D844,0881D542,full_text,0,PASS,PASS
D01651,0031DE64,08C27D22,full_text,0,PASS,PASS
D01615,0031DE74,0881DA8A,full_text,0,PASS,PASS
D01652,0031DE84,08C27D31,full_text,0,PASS,PASS
D01653,0031DE8C,08C27D4C,full_text,0,PASS,PASS
D01654,0031DE94,08C27D69,full_text,0,PASS,PASS
D01655,0031DEAC,0881DEDA,full_text,0,PASS,PASS
D01656,0031DEC4,0881DED1,full_text,0,PASS,PASS
D01657,0031DED4,0881DEAE,full_text,0,PASS,PASS
D01658,0031DEDC,0881DE79,full_text,0,PASS,PASS
D01659,0031DEE4,08C27D8E,full_text,0,PASS,PASS
D01660,0031DEEC,08C27DAD,full_text,0,PASS,PASS
D01661,0031DEF4,08C27DCA,full_text,0,PASS,PASS
D01662,0031DEFC,08C27DE5,full_text,0,PASS,PASS
D01663,0031DF04,08C27E00,full_text,0,PASS,PASS
D01664,0031DF0C,08C27E25,full_text,0,PASS,PASS
D01158,0031DF1C,08818DED,full_text,0,PASS,PASS
D01665,0031DF24,08C27E6E,full_text,0,PASS,PASS
D01666,0031DF2C,08C27E9B,full_text,0,PASS,PASS
D01667,0031DF34,08C27EB0,full_text,0,PASS,PASS
D01668,0031DF3C,08C27EFB,full_text,0,PASS,PASS
D01669,0031DF44,08C27F1E,full_text,0,PASS,PASS
D00928,0031DF54,08817637,full_text,0,PASS,PASS
D01670,0031DF5C,08C27F67,full_text,0,PASS,PASS
D01671,0031DF6C,0881DC2C,full_text,0,PASS,PASS
D01672,0031DF7C,0881DC1F,full_text,0,PASS,PASS
D01673,0031DF84,0881DBEE,full_text,0,PASS,PASS
D01674,0031DF8C,08C27F96,full_text,0,PASS,PASS
D01675,0031DF94,08C27FE1,full_text,0,PASS,PASS
D01676,0031DF9C,08C28016,full_text,0,PASS,PASS
D01677,0031DFB4,0881DB0A,full_text,0,PASS,PASS
D01678,0031DFC4,08C28043,full_text,0,PASS,PASS
D01679,0031DFCC,08C2807A,full_text,0,PASS,PASS
D01680,0031DFE4,0881DA97,full_text,0,PASS,PASS
D01651,0031E50C,08C27D22,full_text,0,PASS,PASS
D01681,0031E514,08C2808D,full_text,0,PASS,PASS
D01682,0031E524,0881E540,full_text,0,PASS,PASS
D01683,0031E534,08C280C2,full_text,0,PASS,PASS
D01684,0031E544,0881E510,full_text,0,PASS,PASS
D01685,0031E554,0881E50B,full_text,0,PASS,PASS
D01686,0031E564,0881E4DA,full_text,0,PASS,PASS
D01687,0031E574,0881E4B7,full_text,0,PASS,PASS
D01688,0031E584,08C280ED,full_text,0,PASS,PASS
D01689,0031E594,0881E451,full_text,0,PASS,PASS
D01690,0031E5A4,0881E438,full_text,0,PASS,PASS
D01691,0031E5B4,0881E407,full_text,0,PASS,PASS
D01692,0031E5CC,08C28124,full_text,0,PASS,PASS
D01693,0031E5E4,0881E3CB,full_text,0,PASS,PASS
D01694,0031E5EC,0881E37A,full_text,0,PASS,PASS
D01695,0031E5F4,0881E333,full_text,0,PASS,PASS
D01696,0031E60C,0881E2E6,full_text,0,PASS,PASS
D01697,0031E61C,0881E2A1,full_text,0,PASS,PASS
D01698,0031E624,08C28149,full_text,0,PASS,PASS
D01699,0031E62C,08C28190,full_text,0,PASS,PASS
D01700,0031E634,08C281CD,full_text,0,PASS,PASS
D01701,0031E63C,08C281F8,full_text,0,PASS,PASS
D01702,0031E644,08C2822D,full_text,0,PASS,PASS
D01703,0031E65C,08C28242,full_text,0,PASS,PASS
D01704,0031E66C,08C2827B,full_text,0,PASS,PASS
D01705,0031E67C,08C28298,full_text,0,PASS,PASS
D01706,0031E694,0881E0C6,full_text,0,PASS,PASS
D01707,0031E69C,0881E0AD,full_text,0,PASS,PASS
D01708,0031E6A4,08C282E1,full_text,0,PASS,PASS
D01709,0031E6AC,08C28320,full_text,0,PASS,PASS
D01710,0031E6BC,08C28357,full_text,0,PASS,PASS
D01711,0031E6C4,08C28380,full_text,0,PASS,PASS
D01712,0031E6CC,08C283BB,full_text,0,PASS,PASS
D01713,0031E6E4,08C283FA,full_text,0,PASS,PASS
D01575,0031E6F4,0881CA6E,full_text,0,PASS,PASS
D01714,0031ED64,08C28409,full_text,0,PASS,PASS
D01715,0031ED6C,0881E7CF,full_text,0,PASS,PASS
D01716,0031ED7C,08C28418,full_text,0,PASS,PASS
D01717,0031ED8C,08C2842F,full_text,0,PASS,PASS
D01718,0031ED9C,0881E77A,full_text,0,PASS,PASS
D01719,0031EDAC,0881E76D,full_text,0,PASS,PASS
D01720,0031EDBC,08C2845F,full_text,0,PASS,PASS
D01721,0031EDCC,0881E720,full_text,0,PASS,PASS
D01722,0031EDDC,0881E6F9,full_text,0,PASS,PASS
D01723,0031EDEC,08C28482,full_text,0,PASS,PASS
D01724,0031EDFC,0881E6C3,full_text,0,PASS,PASS
D01725,0031EE14,0881E696,full_text,0,PASS,PASS
D01726,0031EE34,0881E689,full_text,0,PASS,PASS
D01727,0031EE3C,08C284A5,full_text,0,PASS,PASS
D01728,0031EE4C,0881E63F,full_text,0,PASS,PASS
D01729,0031EE64,0881E608,full_text,0,PASS,PASS
D01730,0031EE6C,0881E5FD,full_text,0,PASS,PASS
D01731,0031EE74,0881E5F4,full_text,0,PASS,PASS
D01732,0031EE84,08C284C4,full_text,0,PASS,PASS
D01733,0031EE8C,08C284DB,full_text,0,PASS,PASS
D01734,0031EE94,08C284FE,full_text,0,PASS,PASS
D01735,0031EEA4,0881E588,full_text,0,PASS,PASS
D01736,0031F1A0,0881E926,full_text,0,PASS,PASS
D01737,0031F1B0,0881E911,full_text,0,PASS,PASS
D01738,0031F1B8,08C28505,full_text,0,PASS,PASS
D01739,0031F1C0,0881E8CD,full_text,0,PASS,PASS
D01740,0031F1D0,0881E89E,full_text,0,PASS,PASS
D01741,0031F1E0,08C2852A,full_text,0,PASS,PASS
D01742,0031F1E8,08C28557,full_text,0,PASS,PASS
D01743,0031F1F0,0881E81F,full_text,0,PASS,PASS
D01744,0031F200,08C28570,full_text,0,PASS,PASS
D01745,0031F210,08C2858B,full_text,0,PASS,PASS
D01746,0031F3EC,0881EA1D,full_text,0,PASS,PASS
D01747,0031F404,08C285A4,full_text,0,PASS,PASS
D01748,0031F414,08C285C7,full_text,0,PASS,PASS
D01749,0031F41C,08C285EA,full_text,0,PASS,PASS
D01750,0031F42C,0881E98D,full_text,0,PASS,PASS
D01751,0031F43C,08C28609,full_text,0,PASS,PASS
D01752,0031F44C,08C2863E,full_text,0,PASS,PASS
D01753,0031F5E0,0881EB5F,full_text,0,PASS,PASS
D01754,0031F5F0,0881EB52,full_text,0,PASS,PASS
D01755,0031F600,08C28660,full_text,0,PASS,PASS
D01756,0031F618,0881EB00,full_text,0,PASS,PASS
D01757,0031F630,08C2868B,full_text,0,PASS,PASS
D01758,0031F638,08C286BA,full_text,0,PASS,PASS
D01759,0031F650,08C286C9,full_text,0,PASS,PASS
D01760,0031F660,0881EA7A,full_text,0,PASS,PASS
D01761,0031F668,0881EA5F,full_text,0,PASS,PASS
D01762,0031F678,08C286F4,full_text,0,PASS,PASS
D01763,0031F828,08C2870B,full_text,0,PASS,PASS
D01764,0031F830,0881ECC3,full_text,0,PASS,PASS
D01765,0031F838,0881EC9A,full_text,0,PASS,PASS
D01766,0031F840,08C2872C,full_text,0,PASS,PASS
D01767,0031F848,08C28739,full_text,0,PASS,PASS
D01768,0031F860,0881EC62,full_text,0,PASS,PASS
D01769,0031F868,08C28756,full_text,0,PASS,PASS
D01770,0031F870,08C28793,full_text,0,PASS,PASS
D01771,0031F880,0881EBF5,full_text,0,PASS,PASS
D01772,0031F888,08C287B6,full_text,0,PASS,PASS
D01773,0031F890,0881EBB7,full_text,0,PASS,PASS
D01774,0031F898,0881EBAA,full_text,0,PASS,PASS
D01775,0031F8A0,08C287EB,full_text,0,PASS,PASS
D01475,0031FAD0,0881C132,full_text,0,PASS,PASS
D01776,0031FAD8,08C28822,full_text,0,PASS,PASS
D01777,0031FAE0,0881EE7E,full_text,0,PASS,PASS
D01778,0031FAE8,0881EE43,full_text,0,PASS,PASS
D01779,0031FAF0,0881EE12,full_text,0,PASS,PASS
D01780,0031FB10,0881EE07,full_text,0,PASS,PASS
D01781,0031FB20,08C28851,full_text,0,PASS,PASS
D00912,0031FB58,088171D0,full_text,0,PASS,PASS
D01782,0031FB60,0881EDBF,full_text,0,PASS,PASS
D01783,0031FB90,0881ED86,full_text,0,PASS,PASS
D01784,0031FBB0,0881ED49,full_text,0,PASS,PASS
D01785,0031FBB8,0881ED3E,full_text,0,PASS,PASS
D01786,0031FBC0,08C2886A,full_text,0,PASS,PASS
D01787,0031FDCC,08C2888D,full_text,0,PASS,PASS
D01788,0031FDDC,0881F138,full_text,0,PASS,PASS
D01789,0031FDE4,0881F10F,full_text,0,PASS,PASS
D01790,0031FDF4,08C288BA,full_text,0,PASS,PASS
D01791,0031FE04,08C288E9,full_text,0,PASS,PASS
D01792,0031FE0C,0881F07C,full_text,0,PASS,PASS
D01793,0031FE24,08C2891C,full_text,0,PASS,PASS
D01794,0031FE34,0881F03C,full_text,0,PASS,PASS
D01795,0031FE3C,08C2894D,full_text,0,PASS,PASS
D01796,0031FE44,08C28976,full_text,0,PASS,PASS
D01797,0031FE4C,08C289A9,full_text,0,PASS,PASS
D01798,0031FE54,08C289EC,full_text,0,PASS,PASS
D01799,0031FE64,08C28A27,full_text,0,PASS,PASS
D01800,0031FE6C,0881EF12,full_text,0,PASS,PASS
D01801,0031FE84,08C28A4A,full_text,0,PASS,PASS
D01802,0031FE8C,08C28A65,full_text,0,PASS,PASS
D01803,0031FE94,08C28A70,full_text,0,PASS,PASS
D01804,003201C8,0881F477,full_text,0,PASS,PASS
D01805,003201D0,08C28A97,full_text,0,PASS,PASS
D01806,003201E8,0881F42D,full_text,0,PASS,PASS
D01807,003201F0,08C28ACA,full_text,0,PASS,PASS
D01808,00320208,0881F3F5,full_text,0,PASS,PASS
D01809,00320210,08C28AEF,full_text,0,PASS,PASS
D01810,00320250,08C28B24,full_text,0,PASS,PASS
D01811,00320258,08C28B5B,full_text,0,PASS,PASS
D01812,00320268,08C28B94,full_text,0,PASS,PASS
D01813,00320278,0881F312,full_text,0,PASS,PASS
D01814,00320280,08C28BBD,full_text,0,PASS,PASS
D01318,00320298,0881F2D0,full_text,0,PASS,PASS
D01815,003202A8,0881F2C9,full_text,0,PASS,PASS
D01816,003202D0,08C28BF2,full_text,0,PASS,PASS
D01817,003202F0,0881F295,full_text,0,PASS,PASS
D01818,00320320,08C28C09,full_text,0,PASS,PASS
D01819,00320348,08C28C18,full_text,0,PASS,PASS
D01820,00320360,0881F268,full_text,0,PASS,PASS
D01821,00320370,0881F255,full_text,0,PASS,PASS
D01822,00320388,0881F230,full_text,0,PASS,PASS
D01823,00320398,08C28C31,full_text,0,PASS,PASS
D01824,003203B0,08C28C50,full_text,0,PASS,PASS
D01825,003203C8,08C0FD3D,full_text,0,PASS,PASS
D01826,003203E0,08C28C7B,full_text,0,PASS,PASS
D01827,003203F8,0881F17D,full_text,0,PASS,PASS
D01828,00320410,0881F174,full_text,0,PASS,PASS
D01829,003207D8,08C28CA6,full_text,0,PASS,PASS
D01815,003207E8,0881F2C9,full_text,0,PASS,PASS
D01830,003207F0,0881F5AC,full_text,0,PASS,PASS
D01831,00320800,0881F591,full_text,0,PASS,PASS
D01832,00320808,08C28CD1,full_text,0,PASS,PASS
D01833,00320810,0881F543,full_text,0,PASS,PASS
D01834,00320818,08C28CE6,full_text,0,PASS,PASS
D01835,00320828,08C28D1B,full_text,0,PASS,PASS
D01836,00320838,0881F4CA,full_text,0,PASS,PASS
D01837,00320840,08C28D30,full_text,0,PASS,PASS
D01838,00320850,08C28D49,full_text,0,PASS,PASS
D01839,00320A44,0881F83A,full_text,0,PASS,PASS
D01840,00320A4C,08C28D62,full_text,0,PASS,PASS
D01841,00320A5C,0881F7F2,full_text,0,PASS,PASS
D01842,00320A64,0881F7C5,full_text,0,PASS,PASS
D01843,00320A74,08C28D83,full_text,0,PASS,PASS
D01844,00320A84,08C28DB5,full_text,0,PASS,PASS
D01845,00320A8C,0881F753,full_text,0,PASS,PASS
D01846,00320A9C,0881F72A,full_text,0,PASS,PASS
D01847,00320AAC,0881F719,full_text,0,PASS,PASS
D01848,00320ABC,08C28DE2,full_text,0,PASS,PASS
D01849,00320ACC,08C28E0D,full_text,0,PASS,PASS
D01850,00320AD4,08C28E30,full_text,0,PASS,PASS
D01850,00320AE4,08C28E30,full_text,0,PASS,PASS
D01851,00320AEC,08C28E51,full_text,0,PASS,PASS
D01852,00320AFC,08C28E72,full_text,0,PASS,PASS
D01853,00320B04,0881F677,full_text,0,PASS,PASS
D01854,00320B1C,0881F664,full_text,0,PASS,PASS
D01855,00320B2C,0881F64B,full_text,0,PASS,PASS
D01856,00320B6C,0881F640,full_text,0,PASS,PASS
D01857,00320B74,0881F634,full_text,0,PASS,PASS
D01858,00320B7C,08C28E85,full_text,0,PASS,PASS
D01084,00320B84,0881F606,full_text,0,PASS,PASS
D01653,00320ED4,08C27D4C,full_text,0,PASS,PASS
D01109,00320EEC,08818A5E,full_text,0,PASS,PASS
D01859,00320EF4,08C28E9E,full_text,0,PASS,PASS
D01860,00320F04,08C28EB5,full_text,0,PASS,PASS
D01861,00320F14,08C70E73,full_text,0,PASS,PASS
D01862,00320F1C,08C28EEF,full_text,0,PASS,PASS
D01863,00320F24,08C28F0C,full_text,0,PASS,PASS
D01864,00320F2C,08C28F3F,full_text,0,PASS,PASS
D01865,00320F34,08C28F72,full_text,0,PASS,PASS
D01866,00320F3C,0881F8C5,full_text,0,PASS,PASS
D01867,00320F44,08C28FC9,full_text,0,PASS,PASS
D01868,00320F54,08C29000,full_text,0,PASS,PASS
D01869,00320F64,0881F856,full_text,0,PASS,PASS
D01870,003211AC,08C70E9C,full_text,0,PASS,PASS
D01871,003211BC,08C70ECB,full_text,0,PASS,PASS
D01872,003211C4,08C29089,full_text,0,PASS,PASS
D01873,003211DC,08C290A0,full_text,0,PASS,PASS
D01874,003211EC,08C290B9,full_text,0,PASS,PASS
D01875,003211FC,08C290CA,full_text,0,PASS,PASS
D01876,0032120C,0881FAFC,full_text,0,PASS,PASS
D01877,00321214,08C290D7,full_text,0,PASS,PASS
D01878,00321224,08C2910A,full_text,0,PASS,PASS
D01879,0032122C,0881FA95,full_text,0,PASS,PASS
D01880,0032124C,08C29125,full_text,0,PASS,PASS
D01881,0032125C,08C29142,full_text,0,PASS,PASS
D01882,00321274,08C2916D,full_text,0,PASS,PASS
D01883,00321284,08C2917E,full_text,0,PASS,PASS
D01884,003214EC,08C291A1,full_text,0,PASS,PASS
D01885,003214FC,0881FC48,full_text,0,PASS,PASS
D01886,0032152C,08C291D6,full_text,0,PASS,PASS
D01887,0032153C,08C291FB,full_text,0,PASS,PASS
D01888,00321554,08C2921C,full_text,0,PASS,PASS
D01889,003216F0,08C29233,full_text,0,PASS,PASS
D01890,003216F8,08C2924E,full_text,0,PASS,PASS
D01891,00321700,08C29265,full_text,0,PASS,PASS
D01892,00321710,08C292A8,full_text,0,PASS,PASS
D01893,00321720,08C292ED,full_text,0,PASS,PASS
D01894,00321730,0881FDB7,full_text,0,PASS,PASS
D01895,00321740,08C29314,full_text,0,PASS,PASS
D01896,00321748,08C2934F,full_text,0,PASS,PASS
D01897,00321758,08C29364,full_text,0,PASS,PASS
D01898,00321760,0881FD0D,full_text,0,PASS,PASS
D01899,00321770,0881FCFE,full_text,0,PASS,PASS
D01900,00321778,08C293A9,full_text,0,PASS,PASS
D01901,00321788,0881FCB6,full_text,0,PASS,PASS
D01902,00321A4C,08C293E2,full_text,0,PASS,PASS
D01859,00321A54,08C28E9E,full_text,0,PASS,PASS
D01903,00321A5C,08820180,full_text,0,PASS,PASS
D01904,00321A6C,0882014F,full_text,0,PASS,PASS
D01905,00321A84,08C293FF,full_text,0,PASS,PASS
D01906,00321A9C,08C2941C,full_text,0,PASS,PASS
D01907,00321AB4,08C29431,full_text,0,PASS,PASS
D01908,00321ACC,088200DB,full_text,0,PASS,PASS
D01909,00321ADC,088200CE,full_text,0,PASS,PASS
D01910,00321AE4,08C29452,full_text,0,PASS,PASS
D01911,00321AF4,08C294A5,full_text,0,PASS,PASS
D01912,00321B04,08C70F0A,full_text,0,PASS,PASS
D01913,00321B14,08C294F9,full_text,0,PASS,PASS
D01914,00321B24,08C29532,full_text,0,PASS,PASS
D01915,00321B34,08C29561,full_text,0,PASS,PASS
D01916,00321B3C,08C2957C,full_text,0,PASS,PASS
D01917,00321B44,0881FF30,full_text,0,PASS,PASS
D01918,00321B4C,08C2959D,full_text,0,PASS,PASS
D01919,00321B5C,0881FEF8,full_text,0,PASS,PASS
D01920,00321B74,08C295C2,full_text,0,PASS,PASS
D01921,00321B84,0881FED0,full_text,0,PASS,PASS
D01922,00321B8C,0881FEC9,full_text,0,PASS,PASS
D01923,00321EEC,08C295DB,full_text,0,PASS,PASS
D01924,00321EFC,088203D1,full_text,0,PASS,PASS
D01925,00321F04,08C70F33,full_text,0,PASS,PASS
D01926,00321F0C,0882037B,full_text,0,PASS,PASS
D01927,00321F14,08C29641,full_text,0,PASS,PASS
D01928,00321F1C,088202FD,full_text,0,PASS,PASS
D01929,00321F3C,088202C6,full_text,0,PASS,PASS
D01930,00321F4C,0882029F,full_text,0,PASS,PASS
D01931,00321F5C,0882027E,full_text,0,PASS,PASS
D01932,00321F6C,08C29694,full_text,0,PASS,PASS
D01933,00321F74,08C70F82,full_text,0,PASS,PASS
D01081,00321F84,0881874B,full_text,0,PASS,PASS
D01934,00321F94,08C29718,full_text,0,PASS,PASS
D01935,00321F9C,08C2973F,full_text,0,PASS,PASS
D01936,0032226C,0882066D,full_text,0,PASS,PASS
D01937,00322274,0882064A,full_text,0,PASS,PASS
D01938,0032227C,0882062B,full_text,0,PASS,PASS
D01939,00322294,088205F2,full_text,0,PASS,PASS
D01940,003222B4,088205DB,full_text,0,PASS,PASS
D01941,003222C4,08C2975C,full_text,0,PASS,PASS
D01942,003222D4,0882058D,full_text,0,PASS,PASS
D01943,003222E4,08C29797,full_text,0,PASS,PASS
D01944,003222F4,08820565,full_text,0,PASS,PASS
D01945,00322314,08820556,full_text,0,PASS,PASS
D01946,00322324,08C297AE,full_text,0,PASS,PASS
D01947,00322334,08C297C1,full_text,0,PASS,PASS
D01948,0032233C,08C297C8,full_text,0,PASS,PASS
D01949,00322354,08C29801,full_text,0,PASS,PASS
D01950,0032236C,08C29816,full_text,0,PASS,PASS
D01951,00322374,08C29847,full_text,0,PASS,PASS
D01952,0032238C,08C2987A,full_text,0,PASS,PASS
D01953,003223AC,0882044C,full_text,0,PASS,PASS
D01954,003223B4,08820445,full_text,0,PASS,PASS
D01955,003223CC,08820433,full_text,0,PASS,PASS
D01956,003226E8,08820902,full_text,0,PASS,PASS
D01957,003226F8,088208E3,full_text,0,PASS,PASS
D01958,00322700,08C29893,full_text,0,PASS,PASS
D01959,00322708,08C298B2,full_text,0,PASS,PASS
D01960,00322718,08820864,full_text,0,PASS,PASS
D01961,00322720,0882084B,full_text,0,PASS,PASS
D01962,00322728,08820820,full_text,0,PASS,PASS
D01963,00322730,08C298CF,full_text,0,PASS,PASS
D01964,00322740,088207EE,full_text,0,PASS,PASS
D01965,00322748,088207E5,full_text,0,PASS,PASS
D01966,00322750,088207B0,full_text,0,PASS,PASS
D01967,00322758,0882075B,full_text,0,PASS,PASS
D01968,00322760,0882072A,full_text,0,PASS,PASS
D01969,00322768,08C298F6,full_text,0,PASS,PASS
D01970,00322780,08C29923,full_text,0,PASS,PASS
D01971,00322788,08C2993E,full_text,0,PASS,PASS
D01972,00322790,08C29975,full_text,0,PASS,PASS
D01973,00322A64,08820A42,full_text,0,PASS,PASS
D01974,00322A6C,08C299A6,full_text,0,PASS,PASS
D01975,00322A7C,08C299B3,full_text,0,PASS,PASS
D01976,00322A94,088209FA,full_text,0,PASS,PASS
D01977,00322AA4,08C299DC,full_text,0,PASS,PASS
D01978,00322AB4,088209BA,full_text,0,PASS,PASS
D01979,00322AC4,088209A2,full_text,0,PASS,PASS
D01980,00322ADC,08820987,full_text,0,PASS,PASS
D01981,00322AE4,08C29A01,full_text,0,PASS,PASS
D01982,00322B04,08820934,full_text,0,PASS,PASS
D01983,00322B14,08C29A38,full_text,0,PASS,PASS
D00965,00322CD8,08817860,full_text,0,PASS,PASS
D01984,00322CF8,08820CF0,full_text,0,PASS,PASS
D01985,00322D08,08820CE4,full_text,0,PASS,PASS
D01986,00322D10,08C29A4E,full_text,0,PASS,PASS
D01987,00322D30,08820C8A,full_text,0,PASS,PASS
D01988,00322D38,08C29A7D,full_text,0,PASS,PASS
D01989,00322D40,08C29ABE,full_text,0,PASS,PASS
D01990,00322D50,08C29AE5,full_text,0,PASS,PASS
D01991,00322D60,08820BFC,full_text,0,PASS,PASS
D01992,00322D70,08C29AFC,full_text,0,PASS,PASS
D01993,00322D80,08820BCC,full_text,0,PASS,PASS
D01994,00322D90,08820BB5,full_text,0,PASS,PASS
D01995,00322D98,08C29B19,full_text,0,PASS,PASS
D01996,00322DA0,08C29B3C,full_text,0,PASS,PASS
D01997,00322DA8,08C29B75,full_text,0,PASS,PASS
D01998,00322DB8,08820B29,full_text,0,PASS,PASS
D01999,00322DC8,08820B12,full_text,0,PASS,PASS
D02000,00322DE0,08C29B9E,full_text,0,PASS,PASS
D02001,00322DE8,08C29BCB,full_text,0,PASS,PASS
D02002,00322DF8,08820ABF,full_text,0,PASS,PASS
D02003,00322E18,08820AB2,full_text,0,PASS,PASS
D02004,00322E20,08C29BEA,full_text,0,PASS,PASS
D02005,00322E30,08C29C13,full_text,0,PASS,PASS
D02006,00322E38,08C29C1E,full_text,0,PASS,PASS
D02007,003231CC,08820EA3,full_text,0,PASS,PASS
D02008,003231DC,08820E97,full_text,0,PASS,PASS
D02009,003231E4,08820E7C,full_text,0,PASS,PASS
D02010,003231F4,08820E6B,full_text,0,PASS,PASS
D02011,003231FC,08C29C3B,full_text,0,PASS,PASS
D02012,00323214,08820E1B,full_text,0,PASS,PASS
D02013,0032322C,08C29C6A,full_text,0,PASS,PASS
D02014,00323234,08820DD5,full_text,0,PASS,PASS
D02015,00323244,08820DC2,full_text,0,PASS,PASS
D02016,0032324C,08820DB5,full_text,0,PASS,PASS
D02017,00323254,08C29C9F,full_text,0,PASS,PASS
D02018,0032325C,08C29CD8,full_text,0,PASS,PASS
D02019,0032326C,08820D0E,full_text,0,PASS,PASS
D02020,00323490,08C29D2B,full_text,0,PASS,PASS
D02021,00323498,08C29D4E,full_text,0,PASS,PASS
D02022,003234A8,08820FFA,full_text,0,PASS,PASS
D02023,003234B8,08820FCF,full_text,0,PASS,PASS
D02024,003234D8,08C29D65,full_text,0,PASS,PASS
D02025,003234F0,08C29D84,full_text,0,PASS,PASS
D02026,003234F8,08C29DA1,full_text,0,PASS,PASS
D02027,00323508,08820F5D,full_text,0,PASS,PASS
D02028,00323520,08820F4A,full_text,0,PASS,PASS
D02029,00323540,08820F41,full_text,0,PASS,PASS
D02030,00323550,08820F12,full_text,0,PASS,PASS
D02031,00323560,08C29DC4,full_text,0,PASS,PASS
D02032,00323578,08C29DF9,full_text,0,PASS,PASS
D02033,00323588,08820EB6,full_text,0,PASS,PASS
D02034,003237EC,08C29E0E,full_text,0,PASS,PASS
D02035,00323804,08C29E39,full_text,0,PASS,PASS
D02036,0032380C,08C29E4C,full_text,0,PASS,PASS
D02037,00323814,0882127D,full_text,0,PASS,PASS
D02038,00323824,08C29E6B,full_text,0,PASS,PASS
D02039,0032382C,08C29E92,full_text,0,PASS,PASS
D02040,00323844,08C29EC3,full_text,0,PASS,PASS
D02041,0032385C,08C29EE4,full_text,0,PASS,PASS
D02042,00323864,08C29F11,full_text,0,PASS,PASS
D02043,0032386C,08C29F24,full_text,0,PASS,PASS
D01615,00323884,0881DA8A,full_text,0,PASS,PASS
D02044,0032388C,08C29F45,full_text,0,PASS,PASS
D02045,0032389C,0882116F,full_text,0,PASS,PASS
D02046,003238A4,08C29F6C,full_text,0,PASS,PASS
D02047,003238AC,0882113D,full_text,0,PASS,PASS
D02048,003238C4,0882112E,full_text,0,PASS,PASS
D02049,003238CC,08C29F8B,full_text,0,PASS,PASS
D02050,003238DC,08C29FC6,full_text,0,PASS,PASS
D02051,003238F4,08C29FE3,full_text,0,PASS,PASS
D02052,00323904,08C2A004,full_text,0,PASS,PASS
D02053,00323914,08C2A023,full_text,0,PASS,PASS
D02054,00323924,08821058,full_text,0,PASS,PASS
D02055,00323C94,08C2A046,full_text,0,PASS,PASS
D02056,00323CAC,088213F8,full_text,0,PASS,PASS
D02057,00323CC4,08C2A071,full_text,0,PASS,PASS
D02058,00323CCC,088213BA,full_text,0,PASS,PASS
D02059,00323CE4,088213AB,full_text,0,PASS,PASS
D02060,00323CEC,08C2A09C,full_text,0,PASS,PASS
D02061,00323D04,08C2A0BD,full_text,0,PASS,PASS
D02062,00323D1C,08821344,full_text,0,PASS,PASS
D02063,00323D2C,08C2A0EE,full_text,0,PASS,PASS
D02064,00323D54,08821313,full_text,0,PASS,PASS
D02065,00323F44,088216FF,full_text,0,PASS,PASS
D02066,00323F54,088216EA,full_text,0,PASS,PASS
D02067,00323F5C,088216E3,full_text,0,PASS,PASS
D02068,00323F64,08C2A10B,full_text,0,PASS,PASS
D02069,00323F7C,08C2A142,full_text,0,PASS,PASS
D02070,00323F94,08C2A17D,full_text,0,PASS,PASS
D02071,00323F9C,088215FB,full_text,0,PASS,PASS
D02072,00323FA4,08C2A198,full_text,0,PASS,PASS
D02073,00323FBC,08C2A1D1,full_text,0,PASS,PASS
D02074,00323FDC,08C2A1E4,full_text,0,PASS,PASS
D02075,00323FE4,08C2A213,full_text,0,PASS,PASS
D02076,00323FF4,08821549,full_text,0,PASS,PASS
D02077,0032400C,08C2A248,full_text,0,PASS,PASS
D00912,0032401C,088171D0,full_text,0,PASS,PASS
D02078,0032402C,08C2A269,full_text,0,PASS,PASS
D02079,00324034,08C2A276,full_text,0,PASS,PASS
D02080,00324044,088214E0,full_text,0,PASS,PASS
D01483,0032404C,088214D9,full_text,0,PASS,PASS
D02081,00324054,08C2A29B,full_text,0,PASS,PASS
D02082,00324064,08821483,full_text,0,PASS,PASS
D02083,00324074,08821474,full_text,0,PASS,PASS
D02084,0032408C,08C2A2CA,full_text,0,PASS,PASS
D02085,003240A4,08C2A2F1,full_text,0,PASS,PASS
D02086,0032440C,08C2A30A,full_text,0,PASS,PASS
D02087,0032441C,08C2A33D,full_text,0,PASS,PASS
D02088,00324424,08C2A364,full_text,0,PASS,PASS
D02089,0032442C,088217E2,full_text,0,PASS,PASS
D02090,0032443C,088217A7,full_text,0,PASS,PASS
D02091,0032446C,08C2A381,full_text,0,PASS,PASS
D02092,00324474,08C2A3AA,full_text,0,PASS,PASS
D02093,00324484,08C2A3DF,full_text,0,PASS,PASS
D02094,00324684,08C2A408,full_text,0,PASS,PASS
D02095,0032468C,08821973,full_text,0,PASS,PASS
D00928,0032469C,08817637,full_text,0,PASS,PASS
D02096,003246A4,08C2A441,full_text,0,PASS,PASS
D02097,003246BC,08C2A48C,full_text,0,PASS,PASS
D02098,003246CC,08C2A4C7,full_text,0,PASS,PASS
D02099,003246DC,08C2A4E8,full_text,0,PASS,PASS
D02100,003248A0,08C2A521,full_text,0,PASS,PASS
D02101,003248B0,08821B3B,full_text,0,PASS,PASS
D02102,003248C8,08C2A568,full_text,0,PASS,PASS
D02103,003248D0,08821AF4,full_text,0,PASS,PASS
D02104,003248E8,08C2A595,full_text,0,PASS,PASS
D02105,003248F0,08821A96,full_text,0,PASS,PASS
D02106,00324900,08C2A5C4,full_text,0,PASS,PASS
D02107,00324908,08821A53,full_text,0,PASS,PASS
D02108,00324918,08821A3C,full_text,0,PASS,PASS
D02109,00324928,08C2A5F3,full_text,0,PASS,PASS
D02110,00324938,08C2A60C,full_text,0,PASS,PASS
D02111,00324948,088219F9,full_text,0,PASS,PASS
D02112,00324B6C,08821CD1,full_text,0,PASS,PASS
D02113,00324B74,08821C9C,full_text,0,PASS,PASS
D02114,00324B7C,08C2A637,full_text,0,PASS,PASS
D02115,00324B94,08821C66,full_text,0,PASS,PASS
D02116,00324BAC,08C2A65E,full_text,0,PASS,PASS
D02117,00324BE4,08821C36,full_text,0,PASS,PASS
D02118,00324C24,08821BFF,full_text,0,PASS,PASS
D02119,00324C3C,08C2A67B,full_text,0,PASS,PASS
D02120,00324C4C,08821BC3,full_text,0,PASS,PASS
D02121,00324C64,08821BA4,full_text,0,PASS,PASS
D02122,00324E34,08C2A6B6,full_text,0,PASS,PASS
D02123,00324E54,08C2A6CF,full_text,0,PASS,PASS
D02124,00324E5C,08821F61,full_text,0,PASS,PASS
D02125,00324E64,08821F5A,full_text,0,PASS,PASS
D02126,00324E74,08C2A702,full_text,0,PASS,PASS
D02127,00324E84,08C2A731,full_text,0,PASS,PASS
D01965,00324E8C,088207E5,full_text,0,PASS,PASS
D02128,00324E94,08821EC9,full_text,0,PASS,PASS
D02129,00324EAC,08C2A740,full_text,0,PASS,PASS
D02130,00324EB4,08C2A769,full_text,0,PASS,PASS
D02131,00324EBC,08821E0C,full_text,0,PASS,PASS
D02132,00324ECC,08821DDF,full_text,0,PASS,PASS
D02133,00324ED4,08C2A7B2,full_text,0,PASS,PASS
D02134,00324EDC,08821D95,full_text,0,PASS,PASS
D02135,00324EE4,08821D52,full_text,0,PASS,PASS
D02136,00324EEC,08821D23,full_text,0,PASS,PASS
D02137,00324EFC,08C2A7D1,full_text,0,PASS,PASS
D02138,00325214,08C2A7FE,full_text,0,PASS,PASS
D02139,0032521C,0882217C,full_text,0,PASS,PASS
D02140,0032522C,08C2A829,full_text,0,PASS,PASS
D02141,00325244,08822140,full_text,0,PASS,PASS
D02142,0032524C,08822123,full_text,0,PASS,PASS
D02143,0032525C,08822116,full_text,0,PASS,PASS
D02144,0032526C,088220E8,full_text,0,PASS,PASS
D02145,00325284,088220DB,full_text,0,PASS,PASS
D02146,00325294,088220CC,full_text,0,PASS,PASS
D02147,003252AC,08C2A850,full_text,0,PASS,PASS
D02148,003252BC,08C2A881,full_text,0,PASS,PASS
D02149,003252CC,0882205F,full_text,0,PASS,PASS
D02150,003252DC,08822020,full_text,0,PASS,PASS
D02151,0032530C,08821FF3,full_text,0,PASS,PASS
D02152,0032531C,08821FCC,full_text,0,PASS,PASS
D01033,003255A8,088225A7,full_text,0,PASS,PASS
D02153,003255B0,0882255A,full_text,0,PASS,PASS
D02154,003255B8,08C2A8A0,full_text,0,PASS,PASS
D02155,003255C8,08C2A8BF,full_text,0,PASS,PASS
D02156,003255E0,088224E5,full_text,0,PASS,PASS
D02157,003255E8,088224D4,full_text,0,PASS,PASS
D02158,003255F8,08C2A8E4,full_text,0,PASS,PASS
D02159,00325608,0882247A,full_text,0,PASS,PASS
D02160,00325610,08C2A909,full_text,0,PASS,PASS
D02161,00325618,08C2A932,full_text,0,PASS,PASS
D02162,00325648,088223EA,full_text,0,PASS,PASS
D02163,00325660,088223C1,full_text,0,PASS,PASS
D02164,00325668,088223AE,full_text,0,PASS,PASS
D02165,00325680,08C2A979,full_text,0,PASS,PASS
D02166,00325688,08C2A9AE,full_text,0,PASS,PASS
D02167,00325690,0882231F,full_text,0,PASS,PASS
D02168,003256A0,088222E2,full_text,0,PASS,PASS
D02169,003256B0,088222BB,full_text,0,PASS,PASS
D02170,003256C0,08822282,full_text,0,PASS,PASS
D02171,003256C8,08C2A9C9,full_text,0,PASS,PASS
D02172,003256E8,08822248,full_text,0,PASS,PASS
D02173,00325700,08822217,full_text,0,PASS,PASS
D02174,00325708,088221F4,full_text,0,PASS,PASS
D02175,00325720,08C2A9E6,full_text,0,PASS,PASS
D02176,00325738,08C2AA0B,full_text,0,PASS,PASS
D00965,00325B58,08817860,full_text,0,PASS,PASS
D02177,00325B60,08C2AA1C,full_text,0,PASS,PASS
D02178,00325B68,08822657,full_text,0,PASS,PASS
D02179,00325B70,08C2AA4F,full_text,0,PASS,PASS
D02180,00325B78,088225FB,full_text,0,PASS,PASS
D02181,00325B80,08C2AA94,full_text,0,PASS,PASS
D02182,00325B88,088225C7,full_text,0,PASS,PASS
D00980,00325BA8,0881766B,full_text,0,PASS,PASS
D02183,00325BC8,088225AE,full_text,0,PASS,PASS
D02184,00325D38,0882281A,full_text,0,PASS,PASS
D02185,00325D40,088227FF,full_text,0,PASS,PASS
D02186,00325D50,088227D2,full_text,0,PASS,PASS
D02187,00325D58,08C2AAC1,full_text,0,PASS,PASS
D02188,00325D60,08C2AAFC,full_text,0,PASS,PASS
D02189,00325D70,08822727,full_text,0,PASS,PASS
D02190,00325D78,08822716,full_text,0,PASS,PASS
D02191,00325D80,08C2AB2D,full_text,0,PASS,PASS
D02192,00325DB0,088226F8,full_text,0,PASS,PASS
D02193,00325DC0,088226D5,full_text,0,PASS,PASS
D02194,00325DD0,088226CC,full_text,0,PASS,PASS
D02195,00325DE0,088226B5,full_text,0,PASS,PASS
D02196,00325DE8,08C2AB40,full_text,0,PASS,PASS
D02197,00325DF8,0882268F,full_text,0,PASS,PASS
D02198,00326038,08822985,full_text,0,PASS,PASS
D02199,00326048,08822980,full_text,0,PASS,PASS
D02200,00326050,0882296F,full_text,0,PASS,PASS
D02201,00326058,08C2AB5D,full_text,0,PASS,PASS
D02202,00326060,0882291B,full_text,0,PASS,PASS
D02203,00326068,08C2AB88,full_text,0,PASS,PASS
D02204,00326070,088228D7,full_text,0,PASS,PASS
D02205,00326078,08C2AB9F,full_text,0,PASS,PASS
D02206,00326080,08C2ABD2,full_text,0,PASS,PASS
D02207,00326088,08822854,full_text,0,PASS,PASS
D02208,00326098,0882283F,full_text,0,PASS,PASS
D02209,0032628C,08C2AC07,full_text,0,PASS,PASS
D02210,00326294,08C70FC5,full_text,0,PASS,PASS
D02211,0032629C,08822AC6,full_text,0,PASS,PASS
D02212,003262A4,08822AB1,full_text,0,PASS,PASS
D02213,003262AC,08C2AC14,full_text,0,PASS,PASS
D02214,003262B4,08C2AC41,full_text,0,PASS,PASS
D02215,003262C4,08822A60,full_text,0,PASS,PASS
D02216,003262CC,08C2AC5A,full_text,0,PASS,PASS
D02217,003262D4,08822A14,full_text,0,PASS,PASS
D02218,003262DC,088229EF,full_text,0,PASS,PASS
D02219,003262E4,088229E8,full_text,0,PASS,PASS
D02220,0032630C,08C2ACA1,full_text,0,PASS,PASS
D02221,00326314,08C2ACBE,full_text,0,PASS,PASS
D02222,00326508,08822C26,full_text,0,PASS,PASS
D02223,00326520,08822C05,full_text,0,PASS,PASS
D02224,00326530,08C2ACCD,full_text,0,PASS,PASS
D02225,00326538,08C2ACDE,full_text,0,PASS,PASS
D02226,00326548,08C2AD1F,full_text,0,PASS,PASS
D02227,00326568,08822B7E,full_text,0,PASS,PASS
D02228,00326590,08822B67,full_text,0,PASS,PASS
D02229,003265B8,08822B5A,full_text,0,PASS,PASS
D02230,003265C8,08C70FE0,full_text,0,PASS,PASS
D02231,003265E0,08822B34,full_text,0,PASS,PASS
D02232,003265E8,08C2AD32,full_text,0,PASS,PASS
D02233,003267AC,08822E27,full_text,0,PASS,PASS
D02234,003267C4,08822E02,full_text,0,PASS,PASS
D02235,003267D4,08C2AD59,full_text,0,PASS,PASS
D02236,003267DC,08C70FF3,full_text,0,PASS,PASS
D02237,003267E4,08C2AD9F,full_text,0,PASS,PASS
D02238,003267FC,08C2ADC6,full_text,0,PASS,PASS
D02239,00326804,08C2ADD3,full_text,0,PASS,PASS
D02240,00326824,08C2AE02,full_text,0,PASS,PASS
D02241,00326834,08822CEB,full_text,0,PASS,PASS
D02242,00326844,08822CE3,full_text,0,PASS,PASS
D02243,0032684C,08C2AE23,full_text,0,PASS,PASS
D02244,00326864,08C0FD77,full_text,0,PASS,PASS
D02245,0032686C,08822CA0,full_text,0,PASS,PASS
D02246,0032688C,08C2AE4C,full_text,0,PASS,PASS
D02247,003268A4,08822C68,full_text,0,PASS,PASS
D02248,003268C4,08C2AE6F,full_text,0,PASS,PASS
D02249,00326B70,08822FC4,full_text,0,PASS,PASS
D02250,00326B80,08C2AE98,full_text,0,PASS,PASS
D02251,00326B88,08C2AEB1,full_text,0,PASS,PASS
D02252,00326B98,08822F6B,full_text,0,PASS,PASS
D02253,00326BA0,08822F4C,full_text,0,PASS,PASS
D02254,00326BC0,08C2AED2,full_text,0,PASS,PASS
D02255,00326BC8,08C2AF09,full_text,0,PASS,PASS
D02256,00326BD0,08C2AF22,full_text,0,PASS,PASS
D02257,00326BE0,08C2AF51,full_text,0,PASS,PASS
D02258,00326BF0,08822E61,full_text,0,PASS,PASS
D02259,00326C00,08C7101E,full_text,0,PASS,PASS
D02260,00326E08,08C0FD7E,full_text,0,PASS,PASS
D02261,00326E10,08823252,full_text,0,PASS,PASS
D02262,00326E18,08C0FD8D,full_text,0,PASS,PASS
D02263,00326E20,08C2AF80,full_text,0,PASS,PASS
D02264,00326E28,088231DD,full_text,0,PASS,PASS
D02265,00326E30,08823196,full_text,0,PASS,PASS
D02266,00326E48,08823187,full_text,0,PASS,PASS
D02267,00326E50,08C71045,full_text,0,PASS,PASS
D02268,00326E68,08C2AFAF,full_text,0,PASS,PASS
D02269,00326E70,08823140,full_text,0,PASS,PASS
D02270,00326E88,08C2AFD6,full_text,0,PASS,PASS
D02271,00326E98,088230F2,full_text,0,PASS,PASS
D02272,00326EA0,08C2B005,full_text,0,PASS,PASS
D02273,00326EB8,08C2B038,full_text,0,PASS,PASS
D02274,00326EC8,08823079,full_text,0,PASS,PASS
D02275,00326ED0,08823036,full_text,0,PASS,PASS
D02276,00326EE0,08823029,full_text,0,PASS,PASS
D02277,00326EF0,08C2B05F,full_text,0,PASS,PASS
D02278,00326F00,08C2B07C,full_text,0,PASS,PASS
D02279,00326F18,08822FCE,full_text,0,PASS,PASS
D02280,00327274,088233DF,full_text,0,PASS,PASS
D01815,0032727C,0881F2C9,full_text,0,PASS,PASS
D02281,0032728C,088233B4,full_text,0,PASS,PASS
D02282,003272BC,08C2B0A7,full_text,0,PASS,PASS
D02283,003272CC,08823372,full_text,0,PASS,PASS
D02284,003272EC,08823361,full_text,0,PASS,PASS
D02285,00327304,0882334C,full_text,0,PASS,PASS
D02286,0032733C,08C2B0BA,full_text,0,PASS,PASS
D02287,0032734C,08C2B0E5,full_text,0,PASS,PASS
D02288,0032738C,08C2B112,full_text,0,PASS,PASS
D02289,003273D4,08C2B12B,full_text,0,PASS,PASS
D02290,003273EC,08C2B14E,full_text,0,PASS,PASS
D02291,00327404,08C2B169,full_text,0,PASS,PASS
D02292,00327620,08C2B18A,full_text,0,PASS,PASS
D02293,00327628,08823645,full_text,0,PASS,PASS
D02294,00327640,08C2B1AD,full_text,0,PASS,PASS
D02295,00327648,08823609,full_text,0,PASS,PASS
D02296,00327650,088235D8,full_text,0,PASS,PASS
D02297,00327658,08C2B1CC,full_text,0,PASS,PASS
D02298,00327668,08C2B1EF,full_text,0,PASS,PASS
D02299,00327678,08C2B218,full_text,0,PASS,PASS
D02300,00327688,08C2B25B,full_text,0,PASS,PASS
D02301,00327698,08C2B276,full_text,0,PASS,PASS
D02302,003276A0,088234B0,full_text,0,PASS,PASS
D02303,003276B0,08C0FE02,full_text,0,PASS,PASS
D02304,003276C0,08823480,full_text,0,PASS,PASS
D02305,003276C8,0882344F,full_text,0,PASS,PASS
D02306,003276D8,08C2B29B,full_text,0,PASS,PASS
D02019,003276E8,08820D0E,full_text,0,PASS,PASS
D02307,003276F8,08C2B2B6,full_text,0,PASS,PASS
D02308,00327710,08C2B2DB,full_text,0,PASS,PASS
D02309,00327A2C,0882397D,full_text,0,PASS,PASS
D02310,00327A3C,08823965,full_text,0,PASS,PASS
D02311,00327A44,08823940,full_text,0,PASS,PASS
D02312,00327A4C,08C2B2F0,full_text,0,PASS,PASS
D02313,00327A54,08C2B323,full_text,0,PASS,PASS
D02314,00327A5C,08C2B350,full_text,0,PASS,PASS
D02315,00327A6C,08823896,full_text,0,PASS,PASS
D02316,00327A74,08C2B371,full_text,0,PASS,PASS
D02317,00327A7C,08C2B3A0,full_text,0,PASS,PASS
D02318,00327A8C,08C2B3CF,full_text,0,PASS,PASS
D02319,00327A94,08823809,full_text,0,PASS,PASS
D02320,00327B14,088237E4,full_text,0,PASS,PASS
D02321,00327B24,08C2B3EF,full_text,0,PASS,PASS
D02322,00327B2C,08823764,full_text,0,PASS,PASS
D02323,00327B3C,08823753,full_text,0,PASS,PASS
D02324,00327B44,08823730,full_text,0,PASS,PASS
D02325,00327B54,0882370B,full_text,0,PASS,PASS
D02326,00327B5C,08C2B416,full_text,0,PASS,PASS
D02327,00327B94,08C2B445,full_text,0,PASS,PASS
D02328,00327BA4,08C2B460,full_text,0,PASS,PASS
D02329,00327BB4,08823683,full_text,0,PASS,PASS
D02330,00327F60,08823B1C,full_text,0,PASS,PASS
D02331,00327F68,08823AEB,full_text,0,PASS,PASS
D02332,00327F78,08823ACC,full_text,0,PASS,PASS
D02333,00327F88,08C2B479,full_text,0,PASS,PASS
D02334,00327F98,08823A78,full_text,0,PASS,PASS
D02335,00327FA0,08C2B4A0,full_text,0,PASS,PASS
D02336,00327FB8,08C2B4BF,full_text,0,PASS,PASS
D02337,00327FC0,08C2B4DA,full_text,0,PASS,PASS
D02338,00327FC8,088239F4,full_text,0,PASS,PASS
D02339,00327FE0,08C2B511,full_text,0,PASS,PASS
D02340,00327FF8,08823990,full_text,0,PASS,PASS
D02341,0032823C,08C2B538,full_text,0,PASS,PASS
D02342,00328244,08823E5D,full_text,0,PASS,PASS
D02343,00328254,08823E3E,full_text,0,PASS,PASS
D02344,00328264,08823E17,full_text,0,PASS,PASS
D02345,0032827C,08823DFC,full_text,0,PASS,PASS
D02346,0032828C,08C2B547,full_text,0,PASS,PASS
D02347,0032829C,08823DCA,full_text,0,PASS,PASS
D02348,003282AC,08823DBF,full_text,0,PASS,PASS
D02349,003282B4,08C2B56C,full_text,0,PASS,PASS
D02350,003282BC,08C7105A,full_text,0,PASS,PASS
D02351,003282D4,08C2B579,full_text,0,PASS,PASS
D02352,003282DC,08823D5B,full_text,0,PASS,PASS
D02353,003282EC,08C2B598,full_text,0,PASS,PASS
D02354,003282FC,08C2B5B7,full_text,0,PASS,PASS
D02355,00328314,08C2B5D0,full_text,0,PASS,PASS
D02356,0032831C,08C2B611,full_text,0,PASS,PASS
D02357,0032832C,08C2B640,full_text,0,PASS,PASS
D02358,00328334,08C2B66F,full_text,0,PASS,PASS
D00912,0032834C,088171D0,full_text,0,PASS,PASS
D02359,00328354,08C2B6A2,full_text,0,PASS,PASS
D02360,0032835C,08C2B6E9,full_text,0,PASS,PASS
D02361,00328364,08823BC4,full_text,0,PASS,PASS
D02362,0032836C,08823B8F,full_text,0,PASS,PASS
D02363,00328394,08C2B71C,full_text,0,PASS,PASS
D02364,003283A4,08C2B745,full_text,0,PASS,PASS
D02365,003287DC,08823FCD,full_text,0,PASS,PASS
D02366,003287F4,08823FC2,full_text,0,PASS,PASS
D02367,0032880C,08823FB0,full_text,0,PASS,PASS
D02368,00328814,08823F9D,full_text,0,PASS,PASS
D02369,00328824,08823F8A,full_text,0,PASS,PASS
D02370,00328834,08C2B766,full_text,0,PASS,PASS
D01318,0032883C,0881F2D0,full_text,0,PASS,PASS
D02371,00328844,08C2B791,full_text,0,PASS,PASS
D02372,00328864,08C2B7C6,full_text,0,PASS,PASS
D02373,0032886C,08C2B7E3,full_text,0,PASS,PASS
D02374,0032887C,08C71089,full_text,0,PASS,PASS
D02375,00328884,08823E98,full_text,0,PASS,PASS
D02376,00328894,08823E8B,full_text,0,PASS,PASS
D02377,00328AC0,08C2B81D,full_text,0,PASS,PASS
D02378,00328AC8,08C2B832,full_text,0,PASS,PASS
D02379,00328AD0,08824317,full_text,0,PASS,PASS
D02380,00328AD8,08C2B857,full_text,0,PASS,PASS
D02381,00328AF0,088242DD,full_text,0,PASS,PASS
D02382,00328B00,088242D6,full_text,0,PASS,PASS
D02383,00328B08,08824287,full_text,0,PASS,PASS
D02384,00328B18,08C2B876,full_text,0,PASS,PASS
D02385,00328B28,08C2B8A7,full_text,0,PASS,PASS
D00916,00328B30,0881716A,full_text,0,PASS,PASS
D02386,00328B38,088241E4,full_text,0,PASS,PASS
D02387,00328B40,088241A7,full_text,0,PASS,PASS
D02388,00328B48,08824190,full_text,0,PASS,PASS
D02389,00328B50,08C2B8C8,full_text,0,PASS,PASS
D02390,00328B60,08C2B905,full_text,0,PASS,PASS
D02199,00328B68,08822980,full_text,0,PASS,PASS
D02391,00328B78,0882410D,full_text,0,PASS,PASS
D02392,00328B80,088240F8,full_text,0,PASS,PASS
D02393,00328B90,08C2B91E,full_text,0,PASS,PASS
D02394,00328BA0,08C2B953,full_text,0,PASS,PASS
D02395,00328BB0,08824073,full_text,0,PASS,PASS
D02396,00328BC0,08C2B97C,full_text,0,PASS,PASS
D02397,00328BC8,08C2B9B1,full_text,0,PASS,PASS
D02398,00328F94,08C2B9DA,full_text,0,PASS,PASS
D02399,00328FAC,08824496,full_text,0,PASS,PASS
D02400,00328FC4,08C2BA01,full_text,0,PASS,PASS
D02401,00328FD4,08C2BA28,full_text,0,PASS,PASS
D02402,00328FE4,08C2BA57,full_text,0,PASS,PASS
D02403,00328FF4,08C2BA76,full_text,0,PASS,PASS
D02404,00329004,088243C1,full_text,0,PASS,PASS
D02405,0032902C,088243BA,full_text,0,PASS,PASS
D02406,00329034,08C2BAA3,full_text,0,PASS,PASS
D02407,0032904C,08824360,full_text,0,PASS,PASS
D02408,0032924C,08C0FE2B,full_text,0,PASS,PASS
D02409,00329254,08824686,full_text,0,PASS,PASS
D02410,0032925C,08C2BAE4,full_text,0,PASS,PASS
D02411,0032926C,08C2BAFB,full_text,0,PASS,PASS
D02412,0032927C,08C2BB22,full_text,0,PASS,PASS
D02413,0032928C,08C2BB39,full_text,0,PASS,PASS
D02414,00329294,08C2BB68,full_text,0,PASS,PASS
D02415,0032929C,08C2BBA9,full_text,0,PASS,PASS
D02416,003292AC,08C2BBDA,full_text,0,PASS,PASS
D02417,003292B4,08C2BBFB,full_text,0,PASS,PASS
D02418,003292CC,08C2BC10,full_text,0,PASS,PASS
D02419,003292F4,08C710B2,full_text,0,PASS,PASS
D02420,00329560,08824807,full_text,0,PASS,PASS
D02421,00329568,088247F2,full_text,0,PASS,PASS
D02422,00329578,08C2BC39,full_text,0,PASS,PASS
D01615,003295A8,0881DA8A,full_text,0,PASS,PASS
D02423,003295B0,08C2BC7A,full_text,0,PASS,PASS
D02424,003295C0,08C2BC93,full_text,0,PASS,PASS
D02425,003295D0,08824760,full_text,0,PASS,PASS
D02426,003295E0,08C2BCBC,full_text,0,PASS,PASS
D02427,003295F0,08824714,full_text,0,PASS,PASS
D02428,003295F8,08C2BCDD,full_text,0,PASS,PASS
D02429,00329608,08C2BD0A,full_text,0,PASS,PASS
D02430,00329620,08C2BD27,full_text,0,PASS,PASS
D02431,00329838,08C2BD40,full_text,0,PASS,PASS
D02432,00329848,0882498D,full_text,0,PASS,PASS
D02433,00329860,08824968,full_text,0,PASS,PASS
D02434,00329880,08C2BD81,full_text,0,PASS,PASS
D02435,00329888,08C2BDA0,full_text,0,PASS,PASS
D02436,00329898,08C2BDCD,full_text,0,PASS,PASS
D02437,003298A8,08C2BDE0,full_text,0,PASS,PASS
D02438,003298B0,088248AB,full_text,0,PASS,PASS
D02439,003298C0,08824892,full_text,0,PASS,PASS
D02440,003298D0,08C2BE0F,full_text,0,PASS,PASS
D02441,003298E8,08824830,full_text,0,PASS,PASS
D02442,00329B30,08824BB7,full_text,0,PASS,PASS
D02443,00329B38,08824B9F,full_text,0,PASS,PASS
D02444,00329B48,08824B92,full_text,0,PASS,PASS
D02445,00329B50,08C2BE5A,full_text,0,PASS,PASS
D02446,00329B60,08C2BE79,full_text,0,PASS,PASS
D02447,00329B68,08C2BE88,full_text,0,PASS,PASS
D02448,00329B78,08824B14,full_text,0,PASS,PASS
D02449,00329B80,08C2BEB5,full_text,0,PASS,PASS
D02450,00329B90,08C2BED4,full_text,0,PASS,PASS
D02451,00329B98,08824AB3,full_text,0,PASS,PASS
D02452,00329BA0,08C2BEF1,full_text,0,PASS,PASS
D02453,00329BA8,08C2BF14,full_text,0,PASS,PASS
D02454,00329BC0,08824A4A,full_text,0,PASS,PASS
D02455,00329BD0,08C2BF3F,full_text,0,PASS,PASS
D02456,00329BF0,08824A1F,full_text,0,PASS,PASS
D02457,00329BF8,08C2BF54,full_text,0,PASS,PASS
D02458,00329C08,088249E1,full_text,0,PASS,PASS
D02459,00329E6C,08C2BF73,full_text,0,PASS,PASS
D02460,00329E74,08824CE1,full_text,0,PASS,PASS
D02461,00329E7C,08824CD8,full_text,0,PASS,PASS
D02462,00329E8C,08824CC9,full_text,0,PASS,PASS
D02463,00329E94,08824CC0,full_text,0,PASS,PASS
D02464,00329EA4,08824C8F,full_text,0,PASS,PASS
D02465,00329EAC,08824C86,full_text,0,PASS,PASS
D02466,00329EC4,08824C6F,full_text,0,PASS,PASS
D02467,00329ED4,08824C62,full_text,0,PASS,PASS
D01100,00329EE4,0881886A,full_text,0,PASS,PASS
D02468,00329EF4,08C2BF94,full_text,0,PASS,PASS
D02469,00329EFC,08824C12,full_text,0,PASS,PASS
D02470,00329F04,08824BFF,full_text,0,PASS,PASS
D02471,00329F14,08824BCC,full_text,0,PASS,PASS
D02472,00329F1C,08824BC3,full_text,0,PASS,PASS
D02473,0032A0E4,08C2BFB7,full_text,0,PASS,PASS
D02474,0032A0EC,08C2BFDA,full_text,0,PASS,PASS
D02475,0032A104,08C2BFF3,full_text,0,PASS,PASS
D02476,0032A11C,08C2C016,full_text,0,PASS,PASS
D02477,0032A134,08824D10,full_text,0,PASS,PASS
D02478,0032A16C,08C710D1,full_text,0,PASS,PASS
D01879,0032A18C,0881FA95,full_text,0,PASS,PASS
D02479,0032A2B4,08C2C027,full_text,0,PASS,PASS
D02480,0032A2BC,08C2C04A,full_text,0,PASS,PASS
D02481,0032A2CC,08C2C073,full_text,0,PASS,PASS
D02482,0032A2DC,08C2C0A2,full_text,0,PASS,PASS
D02483,0032A2EC,08824E7B,full_text,0,PASS,PASS
D02484,0032A2F4,08824E6E,full_text,0,PASS,PASS
D02485,0032A304,08824E45,full_text,0,PASS,PASS
D02486,0032A30C,08824E32,full_text,0,PASS,PASS
D02487,0032A31C,08824E13,full_text,0,PASS,PASS
D02488,0032A33C,08824E06,full_text,0,PASS,PASS
D02489,0032A34C,08824DD7,full_text,0,PASS,PASS
D02490,0032A35C,08C2C0CB,full_text,0,PASS,PASS
D02491,0032A5A4,08C2C0FE,full_text,0,PASS,PASS
D02492,0032A5AC,08C2C125,full_text,0,PASS,PASS
D02493,0032A5BC,08C2C144,full_text,0,PASS,PASS
D02494,0032A604,08C2C161,full_text,0,PASS,PASS
D02495,0032A61C,08C2C178,full_text,0,PASS,PASS
D02496,0032A624,08C2C1AD,full_text,0,PASS,PASS
D02497,0032A634,08C2C1D4,full_text,0,PASS,PASS
D02498,0032A644,08C2C1FD,full_text,0,PASS,PASS
D02499,0032A654,08824FEF,full_text,0,PASS,PASS
D02500,0032A664,08C2C21E,full_text,0,PASS,PASS
D02501,0032A674,08C2C23D,full_text,0,PASS,PASS
D02502,0032A68C,08C2C258,full_text,0,PASS,PASS
D02503,0032A6A4,08824F7D,full_text,0,PASS,PASS
D02504,0032A6B4,08C2C281,full_text,0,PASS,PASS
D02505,0032A95C,08C2C298,full_text,0,PASS,PASS
D02506,0032A974,08C2C2C9,full_text,0,PASS,PASS
D02507,0032A984,08C2C2F8,full_text,0,PASS,PASS
D02508,0032A99C,0882522F,full_text,0,PASS,PASS
D02509,0032A9BC,08825221,full_text,0,PASS,PASS
D02510,0032A9C4,08C0FE9F,full_text,0,PASS,PASS
D02511,0032A9DC,08C2C30D,full_text,0,PASS,PASS
D02512,0032A9E4,08C2C344,full_text,0,PASS,PASS
D01921,0032A9EC,0881FED0,full_text,0,PASS,PASS
D02513,0032A9FC,08C2C363,full_text,0,PASS,PASS
D02514,0032AA0C,08C2C374,full_text,0,PASS,PASS
D02515,0032AA24,08825145,full_text,0,PASS,PASS
D02516,0032AC48,08825534,full_text,0,PASS,PASS
D02517,0032AC50,08825527,full_text,0,PASS,PASS
D02518,0032AC58,08825515,full_text,0,PASS,PASS
D02519,0032AC60,08C2C37D,full_text,0,PASS,PASS
D01978,0032AC70,088209BA,full_text,0,PASS,PASS
D02520,0032AC78,088254BE,full_text,0,PASS,PASS
D02521,0032AC80,08C2C39E,full_text,0,PASS,PASS
D02522,0032AC90,08C2C3CF,full_text,0,PASS,PASS
D02523,0032AC98,08C2C3FC,full_text,0,PASS,PASS
D02524,0032ACA8,08C2C40B,full_text,0,PASS,PASS
D02525,0032ACB0,08825401,full_text,0,PASS,PASS
D02526,0032ACB8,088253D8,full_text,0,PASS,PASS
D02527,0032ACC0,08C2C42E,full_text,0,PASS,PASS
D02528,0032ACC8,08C2C461,full_text,0,PASS,PASS
D02529,0032ACD0,08C2C49C,full_text,0,PASS,PASS
D02530,0032ACD8,08C2C4C3,full_text,0,PASS,PASS
D02531,0032ACE8,08C2C4EC,full_text,0,PASS,PASS
D02532,0032AFB8,08C2C51F,full_text,0,PASS,PASS
D02533,0032AFC0,088257A0,full_text,0,PASS,PASS
D02534,0032AFD0,08825783,full_text,0,PASS,PASS
D02535,0032AFD8,08C2C542,full_text,0,PASS,PASS
D02536,0032AFE0,08825733,full_text,0,PASS,PASS
D02537,0032AFE8,08C2C57D,full_text,0,PASS,PASS
D02538,0032AFF8,08C2C5BC,full_text,0,PASS,PASS
D02539,0032B000,08825658,full_text,0,PASS,PASS
D02540,0032B008,08C2C607,full_text,0,PASS,PASS
D02541,0032B010,08C710E2,full_text,0,PASS,PASS
D02542,0032B018,08C2C653,full_text,0,PASS,PASS
D02543,0032B028,08C2C668,full_text,0,PASS,PASS
D02544,0032B038,08C2C6A9,full_text,0,PASS,PASS
D02545,0032B058,08825545,full_text,0,PASS,PASS
D02546,0032B318,08C2C6D5,full_text,0,PASS,PASS
D02547,0032B328,08825994,full_text,0,PASS,PASS
D02548,0032B330,08825989,full_text,0,PASS,PASS
D02549,0032B348,08C2C712,full_text,0,PASS,PASS
D02550,0032B350,08C2C729,full_text,0,PASS,PASS
D01815,0032B360,0881F2C9,full_text,0,PASS,PASS
D02551,0032B388,08C2C740,full_text,0,PASS,PASS
D02552,0032B3B8,08C2C75F,full_text,0,PASS,PASS
D02553,0032B3C8,08C2C77E,full_text,0,PASS,PASS
D02554,0032B3D8,08C2C79C,full_text,0,PASS,PASS
D02555,0032B3E8,08C2C7AB,full_text,0,PASS,PASS
D02556,0032B3F0,08C71117,full_text,0,PASS,PASS
D02557,0032B400,08C2C7FD,full_text,0,PASS,PASS
D02558,0032B410,0882582F,full_text,0,PASS,PASS
D02559,0032B430,08C2C830,full_text,0,PASS,PASS
D02560,0032B70C,08825C0F,full_text,0,PASS,PASS
D02561,0032B714,08825C08,full_text,0,PASS,PASS
D02562,0032B71C,08C2C877,full_text,0,PASS,PASS
D01318,0032B724,0881F2D0,full_text,0,PASS,PASS
D02563,0032B72C,08825BB6,full_text,0,PASS,PASS
D02564,0032B734,08825BAF,full_text,0,PASS,PASS
D02565,0032B73C,08825B96,full_text,0,PASS,PASS
D02566,0032B744,08C2C8AA,full_text,0,PASS,PASS
D02567,0032B74C,08825B02,full_text,0,PASS,PASS
D02568,0032B754,08C2C8ED,full_text,0,PASS,PASS
D02569,0032B75C,08C2C920,full_text,0,PASS,PASS
D02570,0032B774,08C2C947,full_text,0,PASS,PASS
D02571,0032B78C,08C2C97C,full_text,0,PASS,PASS
D02572,0032B7A4,08825A1A,full_text,0,PASS,PASS
D02573,0032B7BC,08C2C99B,full_text,0,PASS,PASS
D02574,0032BA90,08C71146,full_text,0,PASS,PASS
D02575,0032BA98,08825E40,full_text,0,PASS,PASS
D02576,0032BAA8,08825E33,full_text,0,PASS,PASS
D02577,0032BAB0,08C2C9D0,full_text,0,PASS,PASS
D02578,0032BAC0,08825DA5,full_text,0,PASS,PASS
D02579,0032BAD0,08825D96,full_text,0,PASS,PASS
D02580,0032BAD8,08C2CA11,full_text,0,PASS,PASS
D02581,0032BAE0,08C2CA38,full_text,0,PASS,PASS
D02582,0032BAE8,08C2CA7D,full_text,0,PASS,PASS
D02583,0032BAF8,08C2CA98,full_text,0,PASS,PASS
D02584,0032BB00,08C2CAD7,full_text,0,PASS,PASS
D02585,0032BB08,08C2CB1C,full_text,0,PASS,PASS
D02586,0032BDA4,08C2CB4B,full_text,0,PASS,PASS
D02587,0032BDAC,08C71169,full_text,0,PASS,PASS
D02588,0032BDC4,08C2CB56,full_text,0,PASS,PASS
D02589,0032BDCC,08825F3F,full_text,0,PASS,PASS
D02590,0032BDD4,08825F2C,full_text,0,PASS,PASS
D02591,0032BDEC,08C2CB8F,full_text,0,PASS,PASS
D02592,0032BDF4,08825EEE,full_text,0,PASS,PASS
D02593,0032BDFC,08C2CBB4,full_text,0,PASS,PASS
D02594,0032BE04,08825EA6,full_text,0,PASS,PASS
D02595,0032BE1C,08825E83,full_text,0,PASS,PASS
D02596,0032C018,088261AD,full_text,0,PASS,PASS
D02597,0032C020,0882619C,full_text,0,PASS,PASS
D02598,0032C028,08826189,full_text,0,PASS,PASS
D02599,0032C030,08826176,full_text,0,PASS,PASS
D02600,0032C038,08C2CBDD,full_text,0,PASS,PASS
D02601,0032C040,08C2CC10,full_text,0,PASS,PASS
D02602,0032C058,088260CD,full_text,0,PASS,PASS
D02603,0032C060,08C2CC39,full_text,0,PASS,PASS
D02604,0032C078,08C2CC58,full_text,0,PASS,PASS
D02605,0032C080,08C71194,full_text,0,PASS,PASS
D02606,0032C090,08826029,full_text,0,PASS,PASS
D02607,0032C098,08C2CC8B,full_text,0,PASS,PASS
D02608,0032C0B0,08C2CCAC,full_text,0,PASS,PASS
D02609,0032C324,08826359,full_text,0,PASS,PASS
D02610,0032C32C,08C2CCC9,full_text,0,PASS,PASS
D02611,0032C334,08C2CCF0,full_text,0,PASS,PASS
D02612,0032C33C,08C2CD13,full_text,0,PASS,PASS
D02613,0032C344,088262C1,full_text,0,PASS,PASS
D02614,0032C34C,08826296,full_text,0,PASS,PASS
D02615,0032C35C,08826269,full_text,0,PASS,PASS
D02616,0032C364,08826250,full_text,0,PASS,PASS
D02617,0032C37C,08C2CD36,full_text,0,PASS,PASS
D02618,0032C38C,08C2CD57,full_text,0,PASS,PASS
D02619,0032C394,08826207,full_text,0,PASS,PASS
D02620,0032C3AC,088261FE,full_text,0,PASS,PASS
D02621,0032C3BC,08C2CD78,full_text,0,PASS,PASS
D02622,0032C3D4,08C2CDA3,full_text,0,PASS,PASS
D02623,0032C63C,08C2CDBE,full_text,0,PASS,PASS
D02624,0032C644,08C2CDD9,full_text,0,PASS,PASS
D02625,0032C65C,08C2CDEC,full_text,0,PASS,PASS
D02626,0032C66C,08C2CE17,full_text,0,PASS,PASS
D02627,0032C694,08C2CE5C,full_text,0,PASS,PASS
D02628,0032C6AC,08C2CE6F,full_text,0,PASS,PASS
D02629,0032C6BC,08C2CE9C,full_text,0,PASS,PASS
D02630,0032C6D4,08C2CEBB,full_text,0,PASS,PASS
D02631,0032C6EC,08C2CEF0,full_text,0,PASS,PASS
D02632,0032C714,08C2CF15,full_text,0,PASS,PASS
D02633,0032C988,08C2CF3C,full_text,0,PASS,PASS
D02634,0032C9A0,088266FA,full_text,0,PASS,PASS
D02635,0032C9B8,08C2CF5F,full_text,0,PASS,PASS
D02636,0032C9D8,08C2CF94,full_text,0,PASS,PASS
D02637,0032C9F0,08826689,full_text,0,PASS,PASS
D02638,0032CA00,08C2CFBB,full_text,0,PASS,PASS
D02639,0032CA18,08C2CFE4,full_text,0,PASS,PASS
D02640,0032CA28,0882660A,full_text,0,PASS,PASS
D02641,0032CA38,08C2D007,full_text,0,PASS,PASS
D02642,0032CA50,088265D8,full_text,0,PASS,PASS
D02643,0032CA68,08C2D018,full_text,0,PASS,PASS
D02644,0032CA88,08C2D067,full_text,0,PASS,PASS
D02645,0032CA98,08C2D08C,full_text,0,PASS,PASS
D02646,0032CAB8,08826516,full_text,0,PASS,PASS
D02647,0032CD78,08C2D0A5,full_text,0,PASS,PASS
D02648,0032CD88,088268F8,full_text,0,PASS,PASS
D02649,0032CDA0,08C2D0C2,full_text,0,PASS,PASS
D02650,0032CDB8,08C2D103,full_text,0,PASS,PASS
D02651,0032CDC8,08C2D134,full_text,0,PASS,PASS
D02652,0032CDD8,08C2D159,full_text,0,PASS,PASS
D02653,0032CDE0,088267E5,full_text,0,PASS,PASS
D02654,0032CDF8,08C2D1AC,full_text,0,PASS,PASS
D02655,0032CE08,0882678E,full_text,0,PASS,PASS
D02656,0032CE10,08826755,full_text,0,PASS,PASS
D02657,0032CE38,08C2D1F1,full_text,0,PASS,PASS
D02658,0032D0AC,08826B26,full_text,0,PASS,PASS
D01125,0032D0C4,08826B1D,full_text,0,PASS,PASS
D02659,0032D0CC,08C2D214,full_text,0,PASS,PASS
D02660,0032D0EC,08C2D24B,full_text,0,PASS,PASS
D02661,0032D0FC,08C2D25C,full_text,0,PASS,PASS
D02662,0032D10C,08826A61,full_text,0,PASS,PASS
D02663,0032D124,08C2D291,full_text,0,PASS,PASS
D02664,0032D134,08826A03,full_text,0,PASS,PASS
D02665,0032D144,088269D0,full_text,0,PASS,PASS
D02666,0032D15C,08C2D2BC,full_text,0,PASS,PASS
D02667,0032D174,08826992,full_text,0,PASS,PASS
D02668,0032D184,08C2D2EB,full_text,0,PASS,PASS
D02669,0032D19C,08C2D300,full_text,0,PASS,PASS
D02670,0032D430,08826C79,full_text,0,PASS,PASS
D02671,0032D440,08C2D335,full_text,0,PASS,PASS
D01377,0032D450,08C26514,full_text,0,PASS,PASS
D02672,0032D458,08C2D344,full_text,0,PASS,PASS
D02673,0032D468,08C2D36B,full_text,0,PASS,PASS
D02674,0032D470,08826BE7,full_text,0,PASS,PASS
D02675,0032D480,08826BD8,full_text,0,PASS,PASS
D02676,0032D488,08826BA5,full_text,0,PASS,PASS
D02677,0032D498,08C2D392,full_text,0,PASS,PASS
D02678,0032D4A0,08C2D3B9,full_text,0,PASS,PASS
D02679,0032D4C0,08C2D3D0,full_text,0,PASS,PASS
D02680,0032D6D0,08C2D3F1,full_text,0,PASS,PASS
D02681,0032D6E8,08C2D40A,full_text,0,PASS,PASS
D02682,0032D700,08C2D439,full_text,0,PASS,PASS
D02683,0032D710,08C2D460,full_text,0,PASS,PASS
D02684,0032D718,08C2D47F,full_text,0,PASS,PASS
D02685,0032D740,08C2D49A,full_text,0,PASS,PASS
D02686,0032D748,08C711D5,full_text,0,PASS,PASS
D02687,0032D758,08C2D4EA,full_text,0,PASS,PASS
D02688,0032D770,08C2D51B,full_text,0,PASS,PASS
D02689,0032D790,08826CB3,full_text,0,PASS,PASS
D02690,0032D7B0,08C2D52E,full_text,0,PASS,PASS
D02691,0032DA08,08827095,full_text,0,PASS,PASS
D01684,0032DA18,0881E510,full_text,0,PASS,PASS
D02692,0032DA20,0882705C,full_text,0,PASS,PASS
D02693,0032DA30,08C2D54D,full_text,0,PASS,PASS
D02694,0032DA40,08C2D55E,full_text,0,PASS,PASS
D02695,0032DA58,08826FDD,full_text,0,PASS,PASS
D02696,0032DA60,08826FA6,full_text,0,PASS,PASS
D02697,0032DA68,08C2D593,full_text,0,PASS,PASS
D02698,0032DA70,08C2D5C4,full_text,0,PASS,PASS
D02699,0032DA80,08C2D5F1,full_text,0,PASS,PASS
D02700,0032DA88,08826EFF,full_text,0,PASS,PASS
D01649,0032DA98,08826EF8,full_text,0,PASS,PASS
D02701,0032DAA0,08826EE9,full_text,0,PASS,PASS
D02702,0032DAB8,08826EAE,full_text,0,PASS,PASS
D02703,0032DAC0,08C2D616,full_text,0,PASS,PASS
D02704,0032DAC8,08C2D653,full_text,0,PASS,PASS
D02705,0032DAE0,08826E27,full_text,0,PASS,PASS
D02706,0032DDD8,08C71202,full_text,0,PASS,PASS
D02707,0032DDE0,08827302,full_text,0,PASS,PASS
D02708,0032DDE8,088272DB,full_text,0,PASS,PASS
D02709,0032DDF0,08C2D691,full_text,0,PASS,PASS
D02710,0032DDF8,088272A1,full_text,0,PASS,PASS
D02711,0032DE00,08827280,full_text,0,PASS,PASS
D02712,0032DE08,08C1119F,full_text,0,PASS,PASS
D02713,0032DE18,08C71221,full_text,0,PASS,PASS
D02714,0032DE20,08827215,full_text,0,PASS,PASS
D02715,0032DE28,088271FE,full_text,0,PASS,PASS
D02716,0032DE40,08C2D6BC,full_text,0,PASS,PASS
D02717,0032DE58,088271C6,full_text,0,PASS,PASS
D02718,0032DE78,088271B5,full_text,0,PASS,PASS
D02719,0032DE80,08C2D6CB,full_text,0,PASS,PASS
D02720,0032DE98,08827147,full_text,0,PASS,PASS
D02721,0032DEA8,08C2D704,full_text,0,PASS,PASS
D02722,0032DEB0,08827101,full_text,0,PASS,PASS
D02723,0032DEC8,08C2D729,full_text,0,PASS,PASS
D02724,0032DEE0,08C2D74C,full_text,0,PASS,PASS
D02725,0032DF00,088270A8,full_text,0,PASS,PASS
D02726,0032E2A4,08C2D765,full_text,0,PASS,PASS
D02727,0032E2AC,0882754F,full_text,0,PASS,PASS
D02728,0032E2BC,0882753C,full_text,0,PASS,PASS
D02729,0032E2CC,08C2D7AA,full_text,0,PASS,PASS
D02730,0032E2DC,088274D8,full_text,0,PASS,PASS
D02731,0032E304,08C2D7D5,full_text,0,PASS,PASS
D02732,0032E30C,08C2D7F8,full_text,0,PASS,PASS
D02733,0032E324,08827481,full_text,0,PASS,PASS
D02734,0032E32C,08C2D817,full_text,0,PASS,PASS
D02735,0032E33C,08C2D84A,full_text,0,PASS,PASS
D02736,0032E344,0882740C,full_text,0,PASS,PASS
D02737,0032E364,08C2D879,full_text,0,PASS,PASS
D02738,0032E374,08C2D89A,full_text,0,PASS,PASS
D02739,0032E38C,08C2D8C7,full_text,0,PASS,PASS
D02740,0032E394,08C2D8E4,full_text,0,PASS,PASS
D02741,0032E3AC,0882734B,full_text,0,PASS,PASS
D02742,0032E6E0,08827692,full_text,0,PASS,PASS
D02743,0032E6F0,08827674,full_text,0,PASS,PASS
D02744,0032E700,08827641,full_text,0,PASS,PASS
D02111,0032E708,088219F9,full_text,0,PASS,PASS
D02745,0032E710,08C2D913,full_text,0,PASS,PASS
D02746,0032E728,088275E1,full_text,0,PASS,PASS
D02747,0032E738,088275AD,full_text,0,PASS,PASS
D02748,0032E8C8,0882784F,full_text,0,PASS,PASS
D02749,0032E8E0,0882783C,full_text,0,PASS,PASS
D02750,0032E8F0,0882780B,full_text,0,PASS,PASS
D02751,0032E8F8,08C7123E,full_text,0,PASS,PASS
D02752,0032E908,088277D6,full_text,0,PASS,PASS
D02753,0032E910,08C2D948,full_text,0,PASS,PASS
D02754,0032E920,0882777E,full_text,0,PASS,PASS
D02755,0032E928,08827759,full_text,0,PASS,PASS
D02756,0032E930,08C2D98D,full_text,0,PASS,PASS
D02757,0032E938,08C2D9AE,full_text,0,PASS,PASS
D02758,0032E948,08C2D9DB,full_text,0,PASS,PASS
D02759,0032E970,08C2D9FA,full_text,0,PASS,PASS
D02760,0032E980,088276A7,full_text,0,PASS,PASS
D02761,0032EC24,08C2DA13,full_text,0,PASS,PASS
D02762,0032EC2C,08C71267,full_text,0,PASS,PASS
D02763,0032EC34,08C7128C,full_text,0,PASS,PASS
D02764,0032EC3C,08827A82,full_text,0,PASS,PASS
D02765,0032EC54,08C2DA61,full_text,0,PASS,PASS
D02766,0032EC6C,08C2DA88,full_text,0,PASS,PASS
D02767,0032EC74,08C2DAB9,full_text,0,PASS,PASS
D02768,0032EC8C,088279B6,full_text,0,PASS,PASS
D02769,0032EC94,08C2DAF4,full_text,0,PASS,PASS
D02770,0032EC9C,08827958,full_text,0,PASS,PASS
D02771,0032ECA4,08827947,full_text,0,PASS,PASS
D02772,0032ECCC,08C2DB2F,full_text,0,PASS,PASS
D02773,0032ECD4,08C2DB40,full_text,0,PASS,PASS
D02774,0032ECEC,088278DE,full_text,0,PASS,PASS
D02775,0032ECF4,08C2DB6F,full_text,0,PASS,PASS
D02776,0032ED0C,08827890,full_text,0,PASS,PASS
D02777,0032F000,08827CB6,full_text,0,PASS,PASS
D02778,0032F018,08C2DBA6,full_text,0,PASS,PASS
D02779,0032F028,08827C62,full_text,0,PASS,PASS
D02780,0032F058,08C2DBC7,full_text,0,PASS,PASS
D01354,0032F060,0881ABCC,full_text,0,PASS,PASS
D02781,0032F068,08C2DBF4,full_text,0,PASS,PASS
D02782,0032F080,08C2DC17,full_text,0,PASS,PASS
D02783,0032F0A0,08C2DC3A,full_text,0,PASS,PASS
D02784,0032F0A8,08C2DC59,full_text,0,PASS,PASS
D02785,0032F0C0,08827B95,full_text,0,PASS,PASS
D02786,0032F0D8,08C2DC76,full_text,0,PASS,PASS
D02787,0032F0F8,08827B71,full_text,0,PASS,PASS
D02788,0032F108,08C2DC8B,full_text,0,PASS,PASS
D02789,0032F110,08827B2D,full_text,0,PASS,PASS
D02790,0032F34C,08827EC6,full_text,0,PASS,PASS
D02791,0032F374,08C712C1,full_text,0,PASS,PASS
D02792,0032F37C,08C712E6,full_text,0,PASS,PASS
D02793,0032F38C,08827E59,full_text,0,PASS,PASS
D02794,0032F394,08827E4A,full_text,0,PASS,PASS
D02795,0032F3B4,08C2DCF7,full_text,0,PASS,PASS
D02796,0032F3CC,08C7131F,full_text,0,PASS,PASS
D02797,0032F3DC,08C2DD08,full_text,0,PASS,PASS
D02798,0032F3F4,08827DCA,full_text,0,PASS,PASS
D02799,0032F404,08827DA3,full_text,0,PASS,PASS
D02800,0032F40C,08C2DD2B,full_text,0,PASS,PASS
D02801,0032F424,08827D5B,full_text,0,PASS,PASS
D02802,0032F434,08827D52,full_text,0,PASS,PASS
D02803,0032F454,08C2DD6C,full_text,0,PASS,PASS
D02804,0032F464,08827D0A,full_text,0,PASS,PASS
D02805,0032F494,08C2DD99,full_text,0,PASS,PASS
D02806,0032F764,08828042,full_text,0,PASS,PASS
D02807,0032F774,08828017,full_text,0,PASS,PASS
D02808,0032F78C,08C2DDCE,full_text,0,PASS,PASS
D02809,0032F7BC,08C2DE01,full_text,0,PASS,PASS
D02810,0032F7C4,08827F8C,full_text,0,PASS,PASS
D02811,0032F7CC,08C2DE3C,full_text,0,PASS,PASS
D02812,0032F7DC,08827F5E,full_text,0,PASS,PASS
D02813,0032F7EC,08C2DE55,full_text,0,PASS,PASS
D02814,0032F7F4,08C2DE86,full_text,0,PASS,PASS
D02815,0032F80C,08827EE6,full_text,0,PASS,PASS
D02816,0032F82C,08827ECF,full_text,0,PASS,PASS
D02817,0032FA54,08C2DEB3,full_text,0,PASS,PASS
D02818,0032FA5C,08C2DEE4,full_text,0,PASS,PASS
D02819,0032FA6C,08C2DEF7,full_text,0,PASS,PASS
D02820,0032FA74,08C71334,full_text,0,PASS,PASS
D02821,0032FA7C,08C71361,full_text,0,PASS,PASS
D02822,0032FA84,08828144,full_text,0,PASS,PASS
D02823,0032FA8C,08C2DF0A,full_text,0,PASS,PASS
D02824,0032FA94,088280F8,full_text,0,PASS,PASS
D02825,0032FAA4,08C2DF45,full_text,0,PASS,PASS
D02826,0032FAB4,088280C0,full_text,0,PASS,PASS
D02827,0032FAC4,088280A1,full_text,0,PASS,PASS
D02828,0032FAEC,08828082,full_text,0,PASS,PASS
D02829,0032FAF4,08828063,full_text,0,PASS,PASS
D02830,0032FD24,08C2DF74,full_text,0,PASS,PASS
D02831,0032FD2C,08C2DF91,full_text,0,PASS,PASS
D02832,0032FD3C,08C2DFD3,full_text,0,PASS,PASS
D02833,0032FD44,08C2E002,full_text,0,PASS,PASS
D02834,0032FD5C,08C2E028,full_text,0,PASS,PASS
D02835,0032FD74,0882827F,full_text,0,PASS,PASS
D02836,0032FD8C,08C2E04D,full_text,0,PASS,PASS
D02837,0032FD94,08C2E06C,full_text,0,PASS,PASS
D02838,0032FDA4,08C2E0A7,full_text,0,PASS,PASS
D02839,0032FFC0,08828593,full_text,0,PASS,PASS
D02840,0032FFD8,08C2E0C6,full_text,0,PASS,PASS
D02841,0032FFF0,08C2E0DB,full_text,0,PASS,PASS
D02842,00330000,08C2E0E4,full_text,0,PASS,PASS
D02843,00330008,08C7137E,full_text,0,PASS,PASS
D02844,00330010,08828519,full_text,0,PASS,PASS
D02845,00330020,08C2E108,full_text,0,PASS,PASS
D02846,00330040,08C2E124,full_text,0,PASS,PASS
D02847,00330058,088284B4,full_text,0,PASS,PASS
D02848,00330060,08C2E160,full_text,0,PASS,PASS
D02849,00330068,08C2E183,full_text,0,PASS,PASS
D02850,00330080,08C2E1AC,full_text,0,PASS,PASS
D02851,00330088,08C2E1CA,full_text,0,PASS,PASS
D02852,003300A0,08C2E1F8,full_text,0,PASS,PASS
D02853,003300B0,08C2E20B,full_text,0,PASS,PASS
D02399,003300D8,088283B3,full_text,0,PASS,PASS
D02854,003300F8,08C2E242,full_text,0,PASS,PASS
D02855,00330110,0882837E,full_text,0,PASS,PASS
D02856,003303F8,08828740,full_text,0,PASS,PASS
D02857,00330400,08C111CE,full_text,0,PASS,PASS
D02858,00330428,08C2E26C,full_text,0,PASS,PASS
D02859,00330440,08C2E286,full_text,0,PASS,PASS
D02860,00330450,088286DE,full_text,0,PASS,PASS
D02304,00330458,088286D7,full_text,0,PASS,PASS
D02861,00330460,088286BB,full_text,0,PASS,PASS
D02862,003304A0,08C2E29B,full_text,0,PASS,PASS
D02863,003304B8,08C2E2D2,full_text,0,PASS,PASS
D02864,003304C8,08C2E2FC,full_text,0,PASS,PASS
D02865,003304D0,08C0FFC5,full_text,0,PASS,PASS
D01158,003304F8,08818DED,full_text,0,PASS,PASS
D02866,00330530,08828600,full_text,0,PASS,PASS
D02867,00330568,08C0FFF1,full_text,0,PASS,PASS
D02868,00330580,08C2E321,full_text,0,PASS,PASS
D02869,0033081C,08828944,full_text,0,PASS,PASS
D02870,0033082C,08C2E352,full_text,0,PASS,PASS
D02871,00330844,08C2E367,full_text,0,PASS,PASS
D02872,0033084C,08C2E387,full_text,0,PASS,PASS
D02873,00330864,088288D8,full_text,0,PASS,PASS
D02874,00330874,08C2E3B5,full_text,0,PASS,PASS
D02875,0033087C,08C2E3E4,full_text,0,PASS,PASS
D02876,00330884,08C2E403,full_text,0,PASS,PASS
D02877,0033088C,0882887E,full_text,0,PASS,PASS
D02067,0033089C,08828877,full_text,0,PASS,PASS
D02878,003308AC,08C2E418,full_text,0,PASS,PASS
D02879,003308B4,08C2E43D,full_text,0,PASS,PASS
D02880,003308BC,08C2E47D,full_text,0,PASS,PASS
D02881,003308CC,08C7139D,full_text,0,PASS,PASS
D02882,003308D4,08C2E49B,full_text,0,PASS,PASS
D02883,003308E4,088287B4,full_text,0,PASS,PASS
D02884,003308EC,08C2E4CD,full_text,0,PASS,PASS
D02885,003308FC,08C2E4E4,full_text,0,PASS,PASS
D02886,00330904,08C2E4F7,full_text,0,PASS,PASS
D02887,0033090C,0882875D,full_text,0,PASS,PASS
D02888,00330BB4,08C2E51F,full_text,0,PASS,PASS
D02889,00330BCC,08C2E54E,full_text,0,PASS,PASS
D02890,00330BD4,08C2E573,full_text,0,PASS,PASS
D01318,00330BE4,0881F2D0,full_text,0,PASS,PASS
D02891,00330BFC,08C2E59F,full_text,0,PASS,PASS
D02892,00330C0C,08C2E5CD,full_text,0,PASS,PASS
D02893,00330C14,08C10081,full_text,0,PASS,PASS
D02894,00330C24,08C2E601,full_text,0,PASS,PASS
D02895,00330C34,08C2E610,full_text,0,PASS,PASS
D02896,00330C44,08C2E62C,full_text,0,PASS,PASS
D02897,00330C64,08C2E63E,full_text,0,PASS,PASS
D02898,00330C7C,08C100B6,full_text,0,PASS,PASS
D02899,00330C84,08C100BF,full_text,0,PASS,PASS
D02900,00330C8C,08C2E653,full_text,0,PASS,PASS
D02901,00330C9C,08C2E674,full_text,0,PASS,PASS
D02902,00330CAC,08C2E694,full_text,0,PASS,PASS
D00912,00330CB4,088171D0,full_text,0,PASS,PASS
D02903,00330CC4,08C100CB,full_text,0,PASS,PASS
D02904,00330CDC,08C2E6A9,full_text,0,PASS,PASS
D02905,00330FA8,08C2E6C6,full_text,0,PASS,PASS
D02906,00330FB8,08C2E6E8,full_text,0,PASS,PASS
D02907,00330FC8,08C2E6FE,full_text,0,PASS,PASS
D02908,00330FD0,08828C17,full_text,0,PASS,PASS
D02909,00330FE8,08C2E720,full_text,0,PASS,PASS
D02910,00331008,08C2E756,full_text,0,PASS,PASS
D02911,00331010,08C2E798,full_text,0,PASS,PASS
D02912,00331028,08C2E7C4,full_text,0,PASS,PASS
D02913,003311FC,08C2E7EE,full_text,0,PASS,PASS
D00912,00331204,088171D0,full_text,0,PASS,PASS
D02914,0033120C,08C2E815,full_text,0,PASS,PASS
D02915,00331224,08C2E83D,full_text,0,PASS,PASS
D02916,00331234,08C2E859,full_text,0,PASS,PASS
D02917,00331244,08828DA8,full_text,0,PASS,PASS
D02918,0033124C,08C2E893,full_text,0,PASS,PASS
D02919,0033126C,08C2E8BE,full_text,0,PASS,PASS
D02920,00331274,08828D4F,full_text,0,PASS,PASS
D02921,0033127C,08C2E8D7,full_text,0,PASS,PASS
D02922,00331294,08C2E90C,full_text,0,PASS,PASS
D02923,003312AC,08828CCB,full_text,0,PASS,PASS
D02924,003312BC,08C2E93C,full_text,0,PASS,PASS
D02925,003312DC,08828C80,full_text,0,PASS,PASS
D02926,00331538,08829030,full_text,0,PASS,PASS
D02927,00331558,08C2E97A,full_text,0,PASS,PASS
D02928,00331580,08829006,full_text,0,PASS,PASS
D02929,00331590,08C2E995,full_text,0,PASS,PASS
D02930,00331598,08C2E9C4,full_text,0,PASS,PASS
D02931,003315A8,08C2E9E1,full_text,0,PASS,PASS
D02932,003315C0,08828F89,full_text,0,PASS,PASS
D02933,003315C8,08C2E9FA,full_text,0,PASS,PASS
D02934,003315E8,08C2EA32,full_text,0,PASS,PASS
D02935,003315F0,08C2EA5E,full_text,0,PASS,PASS
D02936,00331608,08C713AA,full_text,0,PASS,PASS
D02937,00331628,08C2EA7B,full_text,0,PASS,PASS
D02938,00331658,08C2EA9D,full_text,0,PASS,PASS
D02503,00331670,08824F7D,full_text,0,PASS,PASS
D02939,00331688,08828E92,full_text,0,PASS,PASS
D02940,00331698,08828E87,full_text,0,PASS,PASS
D02941,003316B0,08C2EABA,full_text,0,PASS,PASS
D02942,00331948,0882919E,full_text,0,PASS,PASS
D02943,00331960,08829197,full_text,0,PASS,PASS
D02944,00331978,0882918C,full_text,0,PASS,PASS
D02945,003319A8,0882917F,full_text,0,PASS,PASS
D02946,003319C0,08C2EACF,full_text,0,PASS,PASS
D02947,003319C8,08C2EAF5,full_text,0,PASS,PASS
D02948,003319D8,08C2EB1C,full_text,0,PASS,PASS
D02949,003319F0,08C2EB49,full_text,0,PASS,PASS
D02950,003319F8,08C2EB64,full_text,0,PASS,PASS
D02951,00331A10,08C2EB7B,full_text,0,PASS,PASS
D02952,00331A48,08C2EB8C,full_text,0,PASS,PASS
D02953,00331A58,08C2EBAA,full_text,0,PASS,PASS
D02954,00331A70,08C2EBB7,full_text,0,PASS,PASS
D02955,00331C54,08C2EBDF,full_text,0,PASS,PASS
D02956,00331C5C,08C713C1,full_text,0,PASS,PASS
D02957,00331C6C,08C2EC11,full_text,0,PASS,PASS
D02958,00331C74,08C2EC36,full_text,0,PASS,PASS
D02959,00331C84,0882928F,full_text,0,PASS,PASS
D02960,00331C8C,08C2EC60,full_text,0,PASS,PASS
D02961,00331C94,08C2EC8E,full_text,0,PASS,PASS
D02962,00331CB4,08C2ECAF,full_text,0,PASS,PASS
D02963,00331CBC,08829221,full_text,0,PASS,PASS
D02964,00331CC4,08C2ECCD,full_text,0,PASS,PASS
D02965,00331CDC,088291F1,full_text,0,PASS,PASS
D02966,00331CEC,08C2ECE0,full_text,0,PASS,PASS
D02967,00331CFC,088291C0,full_text,0,PASS,PASS
D02968,00331D14,08C2ED00,full_text,0,PASS,PASS
D02596,00331F80,088295D8,full_text,0,PASS,PASS
D02969,00331F88,08C713E4,full_text,0,PASS,PASS
D02970,00331F98,08829597,full_text,0,PASS,PASS
D02971,00331FA0,08C2ED1D,full_text,0,PASS,PASS
D02972,00331FB0,08C2ED56,full_text,0,PASS,PASS
D02973,00331FC8,08C2ED8A,full_text,0,PASS,PASS
D02974,00331FD8,08C2EDB3,full_text,0,PASS,PASS
D02975,00331FE8,08C101F9,full_text,0,PASS,PASS
D02976,00331FF8,0882945E,full_text,0,PASS,PASS
D02977,00332000,08C2EDE9,full_text,0,PASS,PASS
D02978,00332008,08C2EE18,full_text,0,PASS,PASS
D02979,00332010,08C2EE45,full_text,0,PASS,PASS
D02980,00332028,08C71410,full_text,0,PASS,PASS
D02981,00332030,08C10253,full_text,0,PASS,PASS
D02982,00332040,08C2EE6C,full_text,0,PASS,PASS
D02983,0033235C,08C2EEAE,full_text,0,PASS,PASS
D02984,00332364,08829751,full_text,0,PASS,PASS
D02985,0033236C,08C10263,full_text,0,PASS,PASS
D01483,00332374,0882971C,full_text,0,PASS,PASS
D02986,0033237C,08C2EEEF,full_text,0,PASS,PASS
D02987,0033238C,08C71438,full_text,0,PASS,PASS
D02988,003323B4,08C2EF2D,full_text,0,PASS,PASS
D02989,003323C4,0882966B,full_text,0,PASS,PASS
D02990,003323DC,08C2EF5A,full_text,0,PASS,PASS
D02991,003323E4,0882962C,full_text,0,PASS,PASS
D02992,003323F4,08C2EF8E,full_text,0,PASS,PASS
D02993,00332404,08C2EFB0,full_text,0,PASS,PASS
D02994,00332650,08829947,full_text,0,PASS,PASS
D02995,00332660,08C2EFDC,full_text,0,PASS,PASS
D01780,00332670,0881EE07,full_text,0,PASS,PASS
D02996,00332690,08C2EFFF,full_text,0,PASS,PASS
D02997,00332698,088298FA,full_text,0,PASS,PASS
D02998,003326A8,08C2F01C,full_text,0,PASS,PASS
D02999,003326B8,088298D0,full_text,0,PASS,PASS
D03000,003326D0,088298C3,full_text,0,PASS,PASS
D01259,003326E8,08819BAF,full_text,0,PASS,PASS
D03001,003326F8,08C2F033,full_text,0,PASS,PASS
D03002,00332708,0882988E,full_text,0,PASS,PASS
D03003,00332710,08C71454,full_text,0,PASS,PASS
D03004,00332718,08C2F04A,full_text,0,PASS,PASS
D03005,00332728,08C2F076,full_text,0,PASS,PASS
D03006,00332740,08C2F087,full_text,0,PASS,PASS
D03007,00332758,08C2F0BD,full_text,0,PASS,PASS
D03008,00332770,088297A3,full_text,0,PASS,PASS
D03009,003329E4,08829D15,full_text,0,PASS,PASS
D03010,003329EC,08C2F0FF,full_text,0,PASS,PASS
D03011,003329FC,08C2F126,full_text,0,PASS,PASS
D03012,00332A0C,08829C79,full_text,0,PASS,PASS
D03013,00332A14,08C2F15A,full_text,0,PASS,PASS
D03014,00332A1C,08C2F186,full_text,0,PASS,PASS
D03015,00332A2C,08C2F1B6,full_text,0,PASS,PASS
D03016,00332A3C,08C2F1E6,full_text,0,PASS,PASS
D03017,00332A44,08C2F216,full_text,0,PASS,PASS
D03018,00332A54,08C2F23D,full_text,0,PASS,PASS
D03019,00332A6C,08C2F267,full_text,0,PASS,PASS
D03020,00332A74,08C2F280,full_text,0,PASS,PASS
D03021,00332A7C,08C2F2A3,full_text,0,PASS,PASS
D03022,00332A84,08C7147A,full_text,0,PASS,PASS
D03023,00332A9C,08C2F2BA,full_text,0,PASS,PASS
D03024,00332AA4,08C2F2C7,full_text,0,PASS,PASS
D03025,00332AAC,08C2F2DA,full_text,0,PASS,PASS
D03026,00332AB4,08C2F313,full_text,0,PASS,PASS
D03027,00332ABC,08C2F340,full_text,0,PASS,PASS
D03028,00332AC4,08C71493,full_text,0,PASS,PASS
D03029,00332ACC,088299BB,full_text,0,PASS,PASS
D03030,00332AE4,088299A4,full_text,0,PASS,PASS
D03031,00332AF4,08C2F365,full_text,0,PASS,PASS
D03032,00332B04,08C2F38B,full_text,0,PASS,PASS
D03033,00332F2C,08829E7F,full_text,0,PASS,PASS
D03034,00332F3C,08C2F39E,full_text,0,PASS,PASS
D03035,00332F4C,08C2F3DB,full_text,0,PASS,PASS
D03036,00332F54,08829E02,full_text,0,PASS,PASS
D03037,00332F5C,08C2F402,full_text,0,PASS,PASS
D03038,00332F64,08829DA1,full_text,0,PASS,PASS
D03039,00332F74,08C2F43C,full_text,0,PASS,PASS
D03040,00332F84,08C2F46F,full_text,0,PASS,PASS
D03041,00333198,08C2F495,full_text,0,PASS,PASS
D03042,003331B0,08C2F4BB,full_text,0,PASS,PASS
D03043,003331C0,08C2F4EB,full_text,0,PASS,PASS
D03044,003331D8,0882A06C,full_text,0,PASS,PASS
D03045,00333208,08C2F515,full_text,0,PASS,PASS
D03046,00333218,08C714B0,full_text,0,PASS,PASS
D03047,00333220,08C2F531,full_text,0,PASS,PASS
D03048,00333228,08C714C1,full_text,0,PASS,PASS
D03049,00333238,08C2F55C,full_text,0,PASS,PASS
D03050,00333250,08C2F57B,full_text,0,PASS,PASS
D03051,00333260,08C2F596,full_text,0,PASS,PASS
D03052,00333270,08C2F5AD,full_text,0,PASS,PASS
D03053,00333280,08829F7F,full_text,0,PASS,PASS
D03054,00333288,08C2F5C7,full_text,0,PASS,PASS
D03055,00333298,08829F3C,full_text,0,PASS,PASS
D03056,003332A0,08C714C8,full_text,0,PASS,PASS
D03057,003332B0,08C2F5F1,full_text,0,PASS,PASS
D03058,003332B8,08C2F62E,full_text,0,PASS,PASS
D01131,003332D0,08829EC2,full_text,0,PASS,PASS
D03059,003332F0,08C2F662,full_text,0,PASS,PASS
D03060,00333634,08C2F684,full_text,0,PASS,PASS
D03061,0033364C,08C10321,full_text,0,PASS,PASS
D03062,0033365C,0882A1B5,full_text,0,PASS,PASS
D02194,0033366C,088226CC,full_text,0,PASS,PASS
D03063,0033367C,0882A1A5,full_text,0,PASS,PASS
D03064,0033368C,0882A182,full_text,0,PASS,PASS
D03065,00333694,0882A16F,full_text,0,PASS,PASS
D03066,003336AC,0882A154,full_text,0,PASS,PASS
D03067,003336B4,08C2F6AC,full_text,0,PASS,PASS
D03068,003336CC,0882A131,full_text,0,PASS,PASS
D03069,003336DC,08C2F6CA,full_text,0,PASS,PASS
D03070,003338E4,08C2F6E8,full_text,0,PASS,PASS
D03071,003338F4,08C2F70D,full_text,0,PASS,PASS
D03072,00333904,08C2F724,full_text,0,PASS,PASS
D03073,0033391C,08C2F72D,full_text,0,PASS,PASS
D03074,00333934,08C2F752,full_text,0,PASS,PASS
D03075,00333944,08C2F78D,full_text,0,PASS,PASS
D03076,00333954,08C2F7AF,full_text,0,PASS,PASS
D03077,0033396C,08C2F7BC,full_text,0,PASS,PASS
D03078,0033398C,08C714D1,full_text,0,PASS,PASS
D03079,003339A4,08C2F7E0,full_text,0,PASS,PASS
D03080,003339AC,0882A24C,full_text,0,PASS,PASS
D03081,003339EC,0882A22B,full_text,0,PASS,PASS
D03082,00333C0C,0882A4BF,full_text,0,PASS,PASS
D03083,00333C14,08C2F80E,full_text,0,PASS,PASS
D03084,00333C24,08C2F823,full_text,0,PASS,PASS
D03085,00333C3C,08C2F843,full_text,0,PASS,PASS
D03086,00333C4C,08C714EE,full_text,0,PASS,PASS
D03087,00333C64,08C2F867,full_text,0,PASS,PASS
D03088,00333C84,0882A411,full_text,0,PASS,PASS
D03089,00333C9C,08C2F897,full_text,0,PASS,PASS
D03090,00333CB4,08C2F8B5,full_text,0,PASS,PASS
D03091,00333CCC,08C2F8D9,full_text,0,PASS,PASS
D03092,00333ED8,08C2F901,full_text,0,PASS,PASS
D03093,00333EE0,08C2F918,full_text,0,PASS,PASS
D03094,00333F00,08C2F92F,full_text,0,PASS,PASS
D03095,00333F10,08C2F95D,full_text,0,PASS,PASS
D03096,00333F28,08C2F979,full_text,0,PASS,PASS
D03097,00333F38,0882A635,full_text,0,PASS,PASS
D03098,00333F40,08C2F99F,full_text,0,PASS,PASS
D03099,00333F58,0882A5FE,full_text,0,PASS,PASS
D03100,00333F70,08C2F9BC,full_text,0,PASS,PASS
D03101,00333F80,08C2F9FC,full_text,0,PASS,PASS
D03102,00333F90,08C10459,full_text,0,PASS,PASS
D03103,00333FA8,08C2FA26,full_text,0,PASS,PASS
D03104,00333FB0,08C714FB,full_text,0,PASS,PASS
D03105,00333FC0,08C2FA52,full_text,0,PASS,PASS
D03106,00333FD0,08C2FA72,full_text,0,PASS,PASS
D03107,0033429C,0882A7CF,full_text,0,PASS,PASS
D03108,003342AC,0882A7C6,full_text,0,PASS,PASS
D03063,003342BC,0882A1A5,full_text,0,PASS,PASS
D03109,003342CC,0882A7AF,full_text,0,PASS,PASS
D03110,003342D4,0882A798,full_text,0,PASS,PASS
D03111,003342E4,08C2FA90,full_text,0,PASS,PASS
D03112,003342EC,08C7150E,full_text,0,PASS,PASS
D03113,003342FC,0882A729,full_text,0,PASS,PASS
D03114,0033430C,0882A722,full_text,0,PASS,PASS
D03115,00334324,08C2FAEB,full_text,0,PASS,PASS
D03116,003344F0,0882A912,full_text,0,PASS,PASS
D03117,00334518,08C2FB0F,full_text,0,PASS,PASS
D03118,00334520,0882A8E5,full_text,0,PASS,PASS
D03119,00334528,08C2FB26,full_text,0,PASS,PASS
D03120,00334540,08C7152B,full_text,0,PASS,PASS
D03121,00334558,08C2FB7D,full_text,0,PASS,PASS
D03122,00334570,08C2FB90,full_text,0,PASS,PASS
D03123,00334580,08C2FBB5,full_text,0,PASS,PASS
D03124,00334598,08C2FBD0,full_text,0,PASS,PASS
D03125,003345B0,08C2FBF1,full_text,0,PASS,PASS
D03126,003347B0,08C2FC02,full_text,0,PASS,PASS
D03127,003347C0,08C2FC21,full_text,0,PASS,PASS
D03128,003347C8,08C2FC3A,full_text,0,PASS,PASS
D03129,003347D8,08C2FC51,full_text,0,PASS,PASS
D03130,003347E0,08C2FC64,full_text,0,PASS,PASS
D03131,003347F8,0882AA29,full_text,0,PASS,PASS
D03132,00334800,08C2FC79,full_text,0,PASS,PASS
D03133,00334818,08C2FC9C,full_text,0,PASS,PASS
D03134,00334820,08C2FCB3,full_text,0,PASS,PASS
D03135,00334838,08C71560,full_text,0,PASS,PASS
D03136,00334858,0882A9B3,full_text,0,PASS,PASS
D03137,00334868,08C2FCD9,full_text,0,PASS,PASS
D03138,00334878,08C2FCF1,full_text,0,PASS,PASS
D03136,00334880,0882A9B3,full_text,0,PASS,PASS
D03139,003348B0,08C2FD10,full_text,0,PASS,PASS
D03140,003348C0,0882A94F,full_text,0,PASS,PASS
D03141,003348C8,08C2FD2A,full_text,0,PASS,PASS
D03136,003348D8,0882A9B3,full_text,0,PASS,PASS
D03142,00334B68,08C2FD4D,full_text,0,PASS,PASS
D03143,00334B70,08C2FD5A,full_text,0,PASS,PASS
D03144,00334B78,08C2FD8B,full_text,0,PASS,PASS
D03145,00334B88,08C2FDA9,full_text,0,PASS,PASS
D03146,00334B98,08C2FDB6,full_text,0,PASS,PASS
D03147,00334BB0,08C2FDD7,full_text,0,PASS,PASS
D03148,00334BC8,08C2FDE2,full_text,0,PASS,PASS
D03149,00334BD0,08C2FDFD,full_text,0,PASS,PASS
D03150,00334BE8,08C2FE25,full_text,0,PASS,PASS
D03151,00334BF0,08C2FE2E,full_text,0,PASS,PASS
D03152,00334C08,08C2FE52,full_text,0,PASS,PASS
D03153,00334C18,08C2FE8A,full_text,0,PASS,PASS
D03154,00334E5C,08C2FEB8,full_text,0,PASS,PASS
D03155,00334E6C,08C7157F,full_text,0,PASS,PASS
D02162,00334E7C,088223EA,full_text,0,PASS,PASS
D03156,00334E8C,08C2FED2,full_text,0,PASS,PASS
D03157,00334E94,08C2FEEB,full_text,0,PASS,PASS
D03158,00334EA4,08C2FF21,full_text,0,PASS,PASS
D03159,00334EC4,08C2FF58,full_text,0,PASS,PASS
D03160,00334ED4,08C2FF78,full_text,0,PASS,PASS
D03161,00334EDC,08C7159F,full_text,0,PASS,PASS
D03162,00334EFC,08C2FFA6,full_text,0,PASS,PASS
D03163,00334F04,08C2FFBD,full_text,0,PASS,PASS
D03164,00334F0C,0882AC7A,full_text,0,PASS,PASS
D03165,00334F14,08C3000C,full_text,0,PASS,PASS
D03166,003351B4,0882B096,full_text,0,PASS,PASS
D03167,003351BC,08C30044,full_text,0,PASS,PASS
D03168,003351C4,08C30051,full_text,0,PASS,PASS
D03169,003351DC,08C30083,full_text,0,PASS,PASS
D03170,003351E4,08C300A3,full_text,0,PASS,PASS
D03171,003351FC,0882AFD8,full_text,0,PASS,PASS
D03172,0033520C,08C300C2,full_text,0,PASS,PASS
D03173,00335214,08C300D3,full_text,0,PASS,PASS
D03174,0033521C,08C3010A,full_text,0,PASS,PASS
D03175,0033522C,08C30127,full_text,0,PASS,PASS
D03176,0033523C,08C3014D,full_text,0,PASS,PASS
D03177,0033524C,08C3015C,full_text,0,PASS,PASS
D03178,00335254,08C3016D,full_text,0,PASS,PASS
D03179,0033526C,08C301B2,full_text,0,PASS,PASS
D03180,00335274,08C301BF,full_text,0,PASS,PASS
D03181,0033528C,08C301DF,full_text,0,PASS,PASS
D03182,0033529C,0882AE82,full_text,0,PASS,PASS
D03183,003352A4,08C301FD,full_text,0,PASS,PASS
D03184,003355C0,0882B17E,full_text,0,PASS,PASS
D03185,003355D0,0882B177,full_text,0,PASS,PASS
D03186,003355E8,08C30229,full_text,0,PASS,PASS
D02111,003355F8,088219F9,full_text,0,PASS,PASS
D03187,00335618,0882B136,full_text,0,PASS,PASS
D01392,00335638,0882B129,full_text,0,PASS,PASS
D03188,00335650,0882B0FF,full_text,0,PASS,PASS
D03189,00335668,08C3024D,full_text,0,PASS,PASS
D03190,00335678,0882B0B0,full_text,0,PASS,PASS
D03191,00335680,0882B0A1,full_text,0,PASS,PASS
D03192,0033580C,08C3028B,full_text,0,PASS,PASS
D03193,00335834,08C302C1,full_text,0,PASS,PASS
D03194,00335844,08C302C8,full_text,0,PASS,PASS
D03195,0033584C,08C302DF,full_text,0,PASS,PASS
D03196,00335854,08C30309,full_text,0,PASS,PASS
D03197,00335864,0882B27F,full_text,0,PASS,PASS
D03198,0033586C,0882B26B,full_text,0,PASS,PASS
D03199,00335874,08C30335,full_text,0,PASS,PASS
D03200,0033587C,08C30356,full_text,0,PASS,PASS
D03201,00335884,08C30365,full_text,0,PASS,PASS
D03202,0033588C,08C30392,full_text,0,PASS,PASS
D03203,0033589C,08C303A3,full_text,0,PASS,PASS
D03204,00335B04,08C303D5,full_text,0,PASS,PASS
D03205,00335B0C,08C30407,full_text,0,PASS,PASS
D03206,00335B1C,08C30412,full_text,0,PASS,PASS
D03207,00335B2C,08C30437,full_text,0,PASS,PASS
D03208,00335B3C,0882B48C,full_text,0,PASS,PASS
D03209,00335B54,08C715AC,full_text,0,PASS,PASS
D02561,00335B64,0882B45B,full_text,0,PASS,PASS
D03210,00335B6C,08C30461,full_text,0,PASS,PASS
D03211,00335B74,0882B404,full_text,0,PASS,PASS
D03212,00335B84,08C30487,full_text,0,PASS,PASS
D03213,00335B8C,08C3049C,full_text,0,PASS,PASS
D03214,00335B9C,0882B38D,full_text,0,PASS,PASS
D03215,00335BAC,08C304CB,full_text,0,PASS,PASS
D03216,00335BB4,08C304E6,full_text,0,PASS,PASS
D03217,00335E1C,08C304F3,full_text,0,PASS,PASS
D03218,00335E24,08C715CD,full_text,0,PASS,PASS
D03219,00335E2C,08C30510,full_text,0,PASS,PASS
D03220,00335E3C,08C30533,full_text,0,PASS,PASS
D03221,00335E4C,08C3054A,full_text,0,PASS,PASS
D03222,00335E5C,08C30571,full_text,0,PASS,PASS
D03223,00335E6C,0882B92B,full_text,0,PASS,PASS
D03224,00335E74,08C3059A,full_text,0,PASS,PASS
D03225,00335E84,08C305D0,full_text,0,PASS,PASS
D03226,00335E94,08C305E7,full_text,0,PASS,PASS
D03227,00335E9C,08C3061B,full_text,0,PASS,PASS
D03228,00335EA4,08C30647,full_text,0,PASS,PASS
D03229,00335EB4,0882B835,full_text,0,PASS,PASS
D03230,00335ECC,0882B80E,full_text,0,PASS,PASS
D03231,00335EEC,08C30660,full_text,0,PASS,PASS
D03232,00335EF4,08C3066B,full_text,0,PASS,PASS
D03233,00335EFC,08C3068B,full_text,0,PASS,PASS
D03234,00335F04,08C715DC,full_text,0,PASS,PASS
D03235,00335F14,08C306BB,full_text,0,PASS,PASS
D03236,00335F24,08C306E7,full_text,0,PASS,PASS
D03237,00335F2C,08C30707,full_text,0,PASS,PASS
D03238,00335F34,08C30749,full_text,0,PASS,PASS
D03239,00335F3C,0882B6A3,full_text,0,PASS,PASS
D03240,00335F44,08C30779,full_text,0,PASS,PASS
D03241,00335F5C,0882B64D,full_text,0,PASS,PASS
D03242,00335F6C,0882B628,full_text,0,PASS,PASS
D03243,00335F74,08C307A6,full_text,0,PASS,PASS
D03244,00335F84,08C307CD,full_text,0,PASS,PASS
D03245,00335F9C,08C307FD,full_text,0,PASS,PASS
D03246,00335FB4,08C30827,full_text,0,PASS,PASS
D03247,00335FC4,08C30840,full_text,0,PASS,PASS
D03248,00336554,08C30880,full_text,0,PASS,PASS
D03249,0033655C,08C30897,full_text,0,PASS,PASS
D03250,00336564,08C308C8,full_text,0,PASS,PASS
D03251,0033656C,08C308DF,full_text,0,PASS,PASS
D03252,00336584,0882BB79,full_text,0,PASS,PASS
D03253,0033659C,0882BB6B,full_text,0,PASS,PASS
D03254,003365BC,0882BB66,full_text,0,PASS,PASS
D03255,003365C4,0882BB51,full_text,0,PASS,PASS
D03256,003365DC,0882BB21,full_text,0,PASS,PASS
D03257,003365F4,08C104A3,full_text,0,PASS,PASS
D03258,00336604,08C308FA,full_text,0,PASS,PASS
D03259,0033660C,08C30907,full_text,0,PASS,PASS
D03260,00336614,08C30940,full_text,0,PASS,PASS
D03261,0033661C,08C104BF,full_text,0,PASS,PASS
D03262,00336634,08C30962,full_text,0,PASS,PASS
D03263,00336644,08C3097E,full_text,0,PASS,PASS
D03264,003368EC,08C309B7,full_text,0,PASS,PASS
D03265,003368F4,08C309E5,full_text,0,PASS,PASS
D03266,003368FC,08C30A0A,full_text,0,PASS,PASS
D03267,0033690C,08C30A2E,full_text,0,PASS,PASS
D03268,00336914,08C30A57,full_text,0,PASS,PASS
D03269,00336924,08C30A8C,full_text,0,PASS,PASS
D03270,00336944,08C30A99,full_text,0,PASS,PASS
D03271,00336954,08C30AB4,full_text,0,PASS,PASS
D03272,00336B48,08C104D6,full_text,0,PASS,PASS
D03273,00336B50,08C30ADA,full_text,0,PASS,PASS
D01815,00336B60,0881F2C9,full_text,0,PASS,PASS
D03274,00336B68,08C30B0C,full_text,0,PASS,PASS
D03275,00336B70,08C30B3C,full_text,0,PASS,PASS
D03276,00336B78,08C30B69,full_text,0,PASS,PASS
D03277,00336B80,08C30B99,full_text,0,PASS,PASS
D03278,00336B88,08C30BBE,full_text,0,PASS,PASS
D02917,00336B98,08828DA8,full_text,0,PASS,PASS
D03279,00336BA0,08C30BDF,full_text,0,PASS,PASS
D03280,00336BA8,08C30C12,full_text,0,PASS,PASS
D03281,00336BB0,0882BEDB,full_text,0,PASS,PASS
D03282,00336BB8,08C30C31,full_text,0,PASS,PASS
D03283,00336BC0,08C30C5F,full_text,0,PASS,PASS
D03284,00336BC8,08C30C93,full_text,0,PASS,PASS
D03285,00336BD0,08C30CBB,full_text,0,PASS,PASS
D03286,00336BD8,0882BE03,full_text,0,PASS,PASS
D03287,00336BE8,08C30CE8,full_text,0,PASS,PASS
D03288,00336BF8,08C30D20,full_text,0,PASS,PASS
D03289,00336C28,0882BD94,full_text,0,PASS,PASS
D01179,00336F54,08819355,full_text,0,PASS,PASS
D03290,00336F5C,0882C290,full_text,0,PASS,PASS
D03291,00336F64,0882C26F,full_text,0,PASS,PASS
D03292,00336F7C,08C715F9,full_text,0,PASS,PASS
D03293,00336F94,08C30D4E,full_text,0,PASS,PASS
D03294,00336F9C,0882C1E8,full_text,0,PASS,PASS
D03295,00336FAC,08C30D91,full_text,0,PASS,PASS
D03296,00336FCC,08C30DC2,full_text,0,PASS,PASS
D03297,00336FD4,0882C175,full_text,0,PASS,PASS
D03298,00336FE4,08C30DE7,full_text,0,PASS,PASS
D03299,00336FF4,08C7162E,full_text,0,PASS,PASS
D01815,00337004,0881F2C9,full_text,0,PASS,PASS
D03300,0033700C,08C30E02,full_text,0,PASS,PASS
D03301,00337014,08C30E37,full_text,0,PASS,PASS
D03302,0033702C,08C30E5C,full_text,0,PASS,PASS
D03303,00337034,0882C0A1,full_text,0,PASS,PASS
D03304,00337054,08C30E77,full_text,0,PASS,PASS
D03305,003372E8,0882C358,full_text,0,PASS,PASS
D03306,003372F0,08C30E86,full_text,0,PASS,PASS
D03307,003372F8,0882C306,full_text,0,PASS,PASS
D01875,00337308,08C290CA,full_text,0,PASS,PASS
D03308,00337318,08C30EAD,full_text,0,PASS,PASS
D03309,00337320,08C30EBA,full_text,0,PASS,PASS
D03310,00337330,0882C2B0,full_text,0,PASS,PASS
D03311,00337338,08C30ED7,full_text,0,PASS,PASS
D01875,00337360,08C290CA,full_text,0,PASS,PASS
D03312,003374F4,0882C5F4,full_text,0,PASS,PASS
D03313,003374FC,0882C5D4,full_text,0,PASS,PASS
D03314,0033750C,08C30EEA,full_text,0,PASS,PASS
D03315,00337514,0882C59D,full_text,0,PASS,PASS
D03316,0033751C,08C30F03,full_text,0,PASS,PASS
D03317,00337534,08C30F2B,full_text,0,PASS,PASS
D01084,0033753C,0882C534,full_text,0,PASS,PASS
D03318,00337544,0882C50F,full_text,0,PASS,PASS
D03319,00337554,0882C4FA,full_text,0,PASS,PASS
D03320,0033755C,08C30F56,full_text,0,PASS,PASS
D03321,00337564,0882C499,full_text,0,PASS,PASS
D03322,0033756C,08C30F8A,full_text,0,PASS,PASS
D03323,00337584,0882C433,full_text,0,PASS,PASS
D03324,0033758C,0882C428,full_text,0,PASS,PASS
D03325,00337594,08C30FC0,full_text,0,PASS,PASS
D03326,003375BC,08C30FE0,full_text,0,PASS,PASS
D03327,003375C4,0882C3E9,full_text,0,PASS,PASS
D03328,003375CC,0882C3D0,full_text,0,PASS,PASS
D03329,003375D4,0882C3C3,full_text,0,PASS,PASS
D02561,003375DC,08825C08,full_text,0,PASS,PASS
D03330,003375E4,08C30FF1,full_text,0,PASS,PASS
D03331,003375EC,08C3101A,full_text,0,PASS,PASS
D02241,00337614,08822CEB,full_text,0,PASS,PASS
D02596,0033795C,088295D8,full_text,0,PASS,PASS
D03332,0033797C,08C3103D,full_text,0,PASS,PASS
D03333,00337984,0882C81D,full_text,0,PASS,PASS
D03334,0033798C,08C31054,full_text,0,PASS,PASS
D03335,00337994,0882C7F9,full_text,0,PASS,PASS
D03336,003379AC,0882C7E6,full_text,0,PASS,PASS
D03337,003379BC,0882C7D1,full_text,0,PASS,PASS
D03338,003379C4,08C31065,full_text,0,PASS,PASS
D03339,003379CC,08C31096,full_text,0,PASS,PASS
D03340,003379D4,08C310C9,full_text,0,PASS,PASS
D03341,003379E4,08C310F6,full_text,0,PASS,PASS
D03342,003379F4,08C3110F,full_text,0,PASS,PASS
D03343,003379FC,08C71641,full_text,0,PASS,PASS
D03344,00337A1C,0882C691,full_text,0,PASS,PASS
D03345,00337A2C,0882C686,full_text,0,PASS,PASS
D03346,00337A4C,08C3113A,full_text,0,PASS,PASS
D03347,00337A54,08C31166,full_text,0,PASS,PASS
D03348,00337A5C,08C31187,full_text,0,PASS,PASS
D01607,00337A74,0882C60C,full_text,0,PASS,PASS
D03349,00338028,08C311A1,full_text,0,PASS,PASS
D03350,00338040,08C311CB,full_text,0,PASS,PASS
D03351,00338050,08C311DA,full_text,0,PASS,PASS
D03352,00338058,0882C8ED,full_text,0,PASS,PASS
D03353,00338060,08C311FD,full_text,0,PASS,PASS
D03354,00338068,08C3122F,full_text,0,PASS,PASS
D03355,00338078,08C3124C,full_text,0,PASS,PASS
D03356,00338090,08C31272,full_text,0,PASS,PASS
D03357,00338098,0882C84F,full_text,0,PASS,PASS
D03358,0033833C,08C31281,full_text,0,PASS,PASS
D03359,0033834C,0882C966,full_text,0,PASS,PASS
D03360,003383B8,08C31290,full_text,0,PASS,PASS
D03361,003383D8,08C312A7,full_text,0,PASS,PASS
D03362,003383E0,0882CA00,full_text,0,PASS,PASS
D03363,003383F8,08C312CF,full_text,0,PASS,PASS
D03364,00338410,08C312EB,full_text,0,PASS,PASS
D03365,00338428,0882C9A5,full_text,0,PASS,PASS
D03366,00338430,0882C988,full_text,0,PASS,PASS
D03367,00338580,08C312F4,full_text,0,PASS,PASS
D03368,003385A8,0882CA9F,full_text,0,PASS,PASS
D03369,003385B0,08C3130D,full_text,0,PASS,PASS
D03370,003385C0,08C71656,full_text,0,PASS,PASS
D03371,003385C8,08C7166F,full_text,0,PASS,PASS
D03372,003386B0,08C31326,full_text,0,PASS,PASS
D03373,003386B8,08C7167A,full_text,0,PASS,PASS
D03374,00338778,08C31347,full_text,0,PASS,PASS
D00973,003387A0,08817741,full_text,0,PASS,PASS
D03375,003387A8,08C3136F,full_text,0,PASS,PASS
D03376,003387B0,0882CCD9,full_text,0,PASS,PASS
D03377,003387B8,0882CCA2,full_text,0,PASS,PASS
D03378,003387C0,08C313A5,full_text,0,PASS,PASS
D03379,003387D8,0882CC50,full_text,0,PASS,PASS
D03380,003387E0,08C313DE,full_text,0,PASS,PASS
D03381,003387E8,0882CBF4,full_text,0,PASS,PASS
D03382,003387F0,08C3141D,full_text,0,PASS,PASS
D03383,003387F8,08C31439,full_text,0,PASS,PASS
D03384,00338810,08C31458,full_text,0,PASS,PASS
D03385,00338820,08C31467,full_text,0,PASS,PASS
D03386,00338838,0882CB5E,full_text,0,PASS,PASS
D03387,00338840,08C31484,full_text,0,PASS,PASS
D03388,00338AE4,0882D03C,full_text,0,PASS,PASS
D03389,00338B2C,08C314B8,full_text,0,PASS,PASS
D03390,00338B64,0882D003,full_text,0,PASS,PASS
D03391,00338B74,0882CFF5,full_text,0,PASS,PASS
D03392,00338B7C,0882CFCB,full_text,0,PASS,PASS
D03393,00338BAC,0882CFB0,full_text,0,PASS,PASS
D03394,00338BEC,0882CF87,full_text,0,PASS,PASS
D03395,00338BF4,0882CF5E,full_text,0,PASS,PASS
D03396,00338C3C,08C314CF,full_text,0,PASS,PASS
D03397,00338C44,0882CF18,full_text,0,PASS,PASS
D00912,00338C74,088171D0,full_text,0,PASS,PASS
D03398,00338C7C,08C314F4,full_text,0,PASS,PASS
D03399,00338C84,0882CEBB,full_text,0,PASS,PASS
D03400,00338C94,08C31519,full_text,0,PASS,PASS
D03401,00338CC4,08C31544,full_text,0,PASS,PASS
D03402,00338D0C,08C716AD,full_text,0,PASS,PASS
D03403,00338D14,08C3157C,full_text,0,PASS,PASS
D03404,00338D24,0882CDCF,full_text,0,PASS,PASS
D03405,00338D6C,0882CDBC,full_text,0,PASS,PASS
D03406,00338D74,0882CDAA,full_text,0,PASS,PASS
D03407,00338D84,08C315AF,full_text,0,PASS,PASS
D03408,00338D8C,0882CD4C,full_text,0,PASS,PASS
D03409,00339140,0882D26A,full_text,0,PASS,PASS
D03410,00339158,08C315D7,full_text,0,PASS,PASS
D03411,00339188,0882D220,full_text,0,PASS,PASS
D03412,00339198,0882D20D,full_text,0,PASS,PASS
D03413,003391C8,08C31606,full_text,0,PASS,PASS
D03414,003391D0,0882D1E3,full_text,0,PASS,PASS
D03415,003391D8,0882D1C4,full_text,0,PASS,PASS
D03416,00339208,08C31619,full_text,0,PASS,PASS
D03417,00339218,08C3162A,full_text,0,PASS,PASS
D03418,00339258,0882D171,full_text,0,PASS,PASS
D03419,00339260,08C31647,full_text,0,PASS,PASS
D03420,003392A0,0882D0FB,full_text,0,PASS,PASS
D03421,003392A8,0882D0E0,full_text,0,PASS,PASS
D03422,003392E0,0882D0CD,full_text,0,PASS,PASS
D03423,003392E8,0882D0AC,full_text,0,PASS,PASS
D03424,00339318,08C31686,full_text,0,PASS,PASS
D03425,00339348,0882D06E,full_text,0,PASS,PASS
D02019,00339350,08820D0E,full_text,0,PASS,PASS
D03426,00339648,08C10602,full_text,0,PASS,PASS
D03427,00339650,0882D440,full_text,0,PASS,PASS
D03428,00339658,08C316A9,full_text,0,PASS,PASS
D03429,00339668,0882D40A,full_text,0,PASS,PASS
D03430,00339680,08C316D8,full_text,0,PASS,PASS
D03431,00339688,08C316F7,full_text,0,PASS,PASS
D03432,003396B0,08C31706,full_text,0,PASS,PASS
D03433,003396B8,08C31717,full_text,0,PASS,PASS
D03434,003396C0,0882D36B,full_text,0,PASS,PASS
D03435,003396C8,0882D350,full_text,0,PASS,PASS
D03436,003396D8,0882D32A,full_text,0,PASS,PASS
D03437,00339760,08C31740,full_text,0,PASS,PASS
D03438,00339770,0882D2FA,full_text,0,PASS,PASS
D03439,00339788,08C3175D,full_text,0,PASS,PASS
D03440,00339790,08C31780,full_text,0,PASS,PASS
D03441,003397B0,0882D296,full_text,0,PASS,PASS
D03442,003397C0,08C31793,full_text,0,PASS,PASS
D03443,00339A64,08C10656,full_text,0,PASS,PASS
D03444,00339B00,08C10689,full_text,0,PASS,PASS
D03445,00339B10,08C317A0,full_text,0,PASS,PASS
D03446,00339B40,08C317D1,full_text,0,PASS,PASS
D03447,00339B48,08C317EC,full_text,0,PASS,PASS
D03448,00339B58,0882D4E3,full_text,0,PASS,PASS
D03449,00339B60,08C31803,full_text,0,PASS,PASS
D03450,00339C70,0882D589,full_text,0,PASS,PASS
D03451,00339CE0,08C31810,full_text,0,PASS,PASS
D03452,00339D7C,08C31845,full_text,0,PASS,PASS
D03453,00339D8C,08C31864,full_text,0,PASS,PASS
D03452,00339E58,08C31845,full_text,0,PASS,PASS
D03454,00339E68,08C31895,full_text,0,PASS,PASS
D03455,00339EFC,08C716CC,full_text,0,PASS,PASS
D03327,00339F70,0882D90A,full_text,0,PASS,PASS
D03456,00339F98,0882D901,full_text,0,PASS,PASS
D03457,00339FB0,0882D8E2,full_text,0,PASS,PASS
D00916,00339FC0,0881716A,full_text,0,PASS,PASS
D03458,00339FD0,08C106B8,full_text,0,PASS,PASS
D03459,00339FE0,0882D8A4,full_text,0,PASS,PASS
D03460,00339FF0,08C318C6,full_text,0,PASS,PASS
D03461,00339FF8,0882D878,full_text,0,PASS,PASS
D03462,0033A000,08C318DD,full_text,0,PASS,PASS
D03463,0033A018,08C318FE,full_text,0,PASS,PASS
D03464,0033A028,08C3191D,full_text,0,PASS,PASS
D03465,0033A030,08C31942,full_text,0,PASS,PASS
D03466,0033A040,08C31969,full_text,0,PASS,PASS
D03467,0033A048,08C31992,full_text,0,PASS,PASS
D03468,0033A058,08C3199D,full_text,0,PASS,PASS
D03469,0033A068,08C319BA,full_text,0,PASS,PASS
D03470,0033A078,08C319D9,full_text,0,PASS,PASS
D03471,0033A090,08C319F2,full_text,0,PASS,PASS
D03472,0033A0A0,0882D705,full_text,0,PASS,PASS
D03473,0033A0B0,0882D6E0,full_text,0,PASS,PASS
D03474,0033A0B8,0882D6C9,full_text,0,PASS,PASS
D03475,0033A0C8,0882D6B4,full_text,0,PASS,PASS
D03476,0033A0D8,08C31A09,full_text,0,PASS,PASS
D03477,0033A0E0,0882D692,full_text,0,PASS,PASS
D03478,0033A414,0882DE27,full_text,0,PASS,PASS
D03479,0033A41C,08C31A24,full_text,0,PASS,PASS
D03480,0033A42C,08C31A4F,full_text,0,PASS,PASS
D03481,0033A434,08C31A6E,full_text,0,PASS,PASS
D03482,0033A43C,08C31AA3,full_text,0,PASS,PASS
D03483,0033A44C,0882DD2A,full_text,0,PASS,PASS
D03484,0033A464,0882DD21,full_text,0,PASS,PASS
D03485,0033A46C,0882DD08,full_text,0,PASS,PASS
D03486,0033A474,08C31AEE,full_text,0,PASS,PASS
D03487,0033A484,0882DCC4,full_text,0,PASS,PASS
D03488,0033A4BC,08C31B21,full_text,0,PASS,PASS
D03489,0033A4F4,08C31B44,full_text,0,PASS,PASS
D03490,0033A4FC,08C31B5F,full_text,0,PASS,PASS
D03491,0033A50C,08C31B76,full_text,0,PASS,PASS
D03492,0033A53C,08C31B9F,full_text,0,PASS,PASS
D03493,0033A54C,08C31BAE,full_text,0,PASS,PASS
D03494,0033A554,08C31BE5,full_text,0,PASS,PASS
D03495,0033A584,08C31C1E,full_text,0,PASS,PASS
D03496,0033A5AC,0882DB63,full_text,0,PASS,PASS
D03497,0033A5B4,0882DB44,full_text,0,PASS,PASS
D03498,0033A5E4,08C31C3D,full_text,0,PASS,PASS
D03499,0033A5EC,0882DB11,full_text,0,PASS,PASS
D03500,0033A624,08C31C53,full_text,0,PASS,PASS
D03501,0033A634,08C31C70,full_text,0,PASS,PASS
D03502,0033A644,08C31C95,full_text,0,PASS,PASS
D03503,0033A64C,08C716F4,full_text,0,PASS,PASS
D03504,0033A654,08C31CED,full_text,0,PASS,PASS
D03505,0033A65C,08C31D1E,full_text,0,PASS,PASS
D03506,0033A68C,08C31D41,full_text,0,PASS,PASS
D03507,0033A694,08C31D52,full_text,0,PASS,PASS
D03508,0033A6CC,0882D9CE,full_text,0,PASS,PASS
D03509,0033A6E4,0882D9B5,full_text,0,PASS,PASS
D03510,0033A6EC,08C31D67,full_text,0,PASS,PASS
D03511,0033A6FC,08C31D8C,full_text,0,PASS,PASS
D03512,0033A714,08C31DAD,full_text,0,PASS,PASS
D03513,0033A71C,0882D941,full_text,0,PASS,PASS
D03514,0033A744,08C31DBE,full_text,0,PASS,PASS
D03515,0033A754,0882D911,full_text,0,PASS,PASS
D03516,0033AD08,0882DE5B,full_text,0,PASS,PASS
D03517,0033AD10,08C31DD9,full_text,0,PASS,PASS
D03518,0033ADB0,0882DF8B,full_text,0,PASS,PASS
D03519,0033ADC0,08C31DF4,full_text,0,PASS,PASS
D03520,0033ADC8,08C31E2D,full_text,0,PASS,PASS
D03521,0033ADF0,0882DF10,full_text,0,PASS,PASS
D00973,0033AE00,08817741,full_text,0,PASS,PASS
D03522,0033AE08,0882DF03,full_text,0,PASS,PASS
D03523,0033AE20,08C31E5A,full_text,0,PASS,PASS
D03524,0033AE38,08C31E81,full_text,0,PASS,PASS
D03525,0033AE48,08C31E9C,full_text,0,PASS,PASS
D03526,0033AE50,08C31EB9,full_text,0,PASS,PASS
D03527,0033AFE8,0882DFFE,full_text,0,PASS,PASS
D03528,0033B008,08C71737,full_text,0,PASS,PASS
D03529,0033B010,08C31EE6,full_text,0,PASS,PASS
D03530,0033B0F0,08C31F11,full_text,0,PASS,PASS
D03531,0033B100,08C31F20,full_text,0,PASS,PASS
D03532,0033B120,0882E007,full_text,0,PASS,PASS
D03533,0033B1D8,08C31F49,full_text,0,PASS,PASS
D03534,0033B1F0,08C31F5E,full_text,0,PASS,PASS
D03535,0033B200,0882E05F,full_text,0,PASS,PASS
D03536,0033B2C8,08C7176A,full_text,0,PASS,PASS
D03537,0033B2E0,08C31F8D,full_text,0,PASS,PASS
D03538,0033B300,0882E0D8,full_text,0,PASS,PASS
D03536,0033B3E4,08C7176A,full_text,0,PASS,PASS
D03539,0033B3EC,0882E24C,full_text,0,PASS,PASS
D03540,0033B3F4,0882E23D,full_text,0,PASS,PASS
D03541,0033B40C,08C31FB0,full_text,0,PASS,PASS
D03542,0033B41C,08C31FDD,full_text,0,PASS,PASS
D03543,0033B434,08C31FE6,full_text,0,PASS,PASS
D03544,0033B43C,08C32003,full_text,0,PASS,PASS
D03545,0033B444,0882E1BC,full_text,0,PASS,PASS
D03546,0033B474,08C32016,full_text,0,PASS,PASS
D03547,0033B47C,08C3202B,full_text,0,PASS,PASS
D03548,0033B484,0882E153,full_text,0,PASS,PASS
D03549,0033B630,08C32060,full_text,0,PASS,PASS
D03550,0033B640,08C3207D,full_text,0,PASS,PASS
D02841,0033B648,08C2E0DB,full_text,0,PASS,PASS
D03551,0033B650,08C71787,full_text,0,PASS,PASS
D03552,0033B668,08C320A6,full_text,0,PASS,PASS
D03553,0033B680,08C320C3,full_text,0,PASS,PASS
D03554,0033B7D0,08C320E8,full_text,0,PASS,PASS
D03555,0033B7E0,08C32109,full_text,0,PASS,PASS
D03556,0033B800,0882E3B0,full_text,0,PASS,PASS
D03557,0033B818,0882E3A5,full_text,0,PASS,PASS
D03558,0033B828,08C3212A,full_text,0,PASS,PASS
D03559,0033B868,0882E35D,full_text,0,PASS,PASS
D03560,0033B880,08C32159,full_text,0,PASS,PASS
D03561,0033B888,08C3216E,full_text,0,PASS,PASS
D03562,0033BA04,08C32189,full_text,0,PASS,PASS
D03563,0033BA14,08C3219C,full_text,0,PASS,PASS
D03564,0033BA24,08C321B7,full_text,0,PASS,PASS
D03565,0033BA2C,08C321E0,full_text,0,PASS,PASS
D03566,0033BA34,0882E520,full_text,0,PASS,PASS
D03567,0033BA3C,08C32205,full_text,0,PASS,PASS
D03568,0033BA54,08C32222,full_text,0,PASS,PASS
D03569,0033BA64,08C3225F,full_text,0,PASS,PASS
D03570,0033BA6C,08C3229E,full_text,0,PASS,PASS
D03571,0033BA84,08C322C3,full_text,0,PASS,PASS
D03572,0033BD4C,0882E73D,full_text,0,PASS,PASS
D03573,0033BD54,08C322F2,full_text,0,PASS,PASS
D03574,0033BD5C,08C32319,full_text,0,PASS,PASS
D03575,0033BD64,08C3232A,full_text,0,PASS,PASS
D03576,0033BD6C,08C3235F,full_text,0,PASS,PASS
D03577,0033BD74,0882E688,full_text,0,PASS,PASS
D03578,0033BD7C,08C32384,full_text,0,PASS,PASS
D03579,0033BD84,08C323D7,full_text,0,PASS,PASS
D03580,0033BD8C,0882E5E3,full_text,0,PASS,PASS
D03581,0033BF58,08C7179C,full_text,0,PASS,PASS
D03582,0033BF60,0882E826,full_text,0,PASS,PASS
D03583,0033BF68,08C32410,full_text,0,PASS,PASS
D03584,0033BF78,0882E7EA,full_text,0,PASS,PASS
D03585,0033BF80,08C3242F,full_text,0,PASS,PASS
D03577,0033BF88,0882E688,full_text,0,PASS,PASS
D03586,0033BF90,0882E78C,full_text,0,PASS,PASS
D03587,0033BF98,08C32458,full_text,0,PASS,PASS
D03588,0033C0E8,08C32489,full_text,0,PASS,PASS
D03589,0033C0F0,08C324B0,full_text,0,PASS,PASS
D03590,0033C110,08C324D9,full_text,0,PASS,PASS
D03591,0033C120,08C32506,full_text,0,PASS,PASS
D03592,0033C128,0882EC67,full_text,0,PASS,PASS
D03593,0033C130,0882EC36,full_text,0,PASS,PASS
D03594,0033C150,08C3253D,full_text,0,PASS,PASS
D03595,0033C158,08C32555,full_text,0,PASS,PASS
D03596,0033C160,0882EBD0,full_text,0,PASS,PASS
D03597,0033C168,08C32572,full_text,0,PASS,PASS
D03598,0033C178,08C325B5,full_text,0,PASS,PASS
D03599,0033C180,08C325E0,full_text,0,PASS,PASS
D03600,0033C188,08C3261F,full_text,0,PASS,PASS
D03601,0033C190,08C32646,full_text,0,PASS,PASS
D03602,0033C1B8,08C3268B,full_text,0,PASS,PASS
D03603,0033C1C0,08C326A8,full_text,0,PASS,PASS
D03604,0033C1E0,0882EA24,full_text,0,PASS,PASS
D03605,0033C1F0,0882E9FF,full_text,0,PASS,PASS
D03606,0033C208,08C326D3,full_text,0,PASS,PASS
D03607,0033C220,0882E9A2,full_text,0,PASS,PASS
D03608,0033C228,0882E983,full_text,0,PASS,PASS
D03609,0033C238,08C3270E,full_text,0,PASS,PASS
D03610,0033C240,0882E947,full_text,0,PASS,PASS
D03611,0033C258,08C3272F,full_text,0,PASS,PASS
D03612,0033C268,08C32748,full_text,0,PASS,PASS
D03613,0033C280,0882E8F8,full_text,0,PASS,PASS
D03614,0033C298,08C3276D,full_text,0,PASS,PASS
D03615,0033C2A8,08C32790,full_text,0,PASS,PASS
D03616,0033C2C0,08C327B1,full_text,0,PASS,PASS
D03617,0033C2D8,08C327CC,full_text,0,PASS,PASS
D03618,0033C864,0882EE71,full_text,0,PASS,PASS
D03619,0033C86C,08C717D1,full_text,0,PASS,PASS
D03620,0033C87C,08C327EF,full_text,0,PASS,PASS
D03621,0033C884,08C32806,full_text,0,PASS,PASS
D03622,0033C88C,0882EDC1,full_text,0,PASS,PASS
D03623,0033C8A4,08C3283F,full_text,0,PASS,PASS
D03624,0033C8B4,08C3286C,full_text,0,PASS,PASS
D03625,0033CA3C,08C32893,full_text,0,PASS,PASS
D03626,0033CA44,08C328B0,full_text,0,PASS,PASS
D03627,0033CA54,08C328CD,full_text,0,PASS,PASS
D03628,0033CA64,08C328E2,full_text,0,PASS,PASS
D03629,0033CA7C,0882EE88,full_text,0,PASS,PASS
D03630,0033CB9C,0882F52F,full_text,0,PASS,PASS
D03631,0033CBB4,08C328F5,full_text,0,PASS,PASS
D03632,0033CBE4,0882F4E5,full_text,0,PASS,PASS
D03633,0033CBEC,08C32922,full_text,0,PASS,PASS
D03634,0033CBF4,0882F4B7,full_text,0,PASS,PASS
D03635,0033CC34,08C717F2,full_text,0,PASS,PASS
D03636,0033CC44,08C32931,full_text,0,PASS,PASS
D03637,0033CC4C,08C32960,full_text,0,PASS,PASS
D03638,0033CC54,08C32989,full_text,0,PASS,PASS
D03639,0033CC5C,0882F418,full_text,0,PASS,PASS
D03640,0033CC8C,0882F3ED,full_text,0,PASS,PASS
D03641,0033CCCC,08C329A2,full_text,0,PASS,PASS
D03642,0033CCD4,08C329C9,full_text,0,PASS,PASS
D03643,0033CCDC,0882F35A,full_text,0,PASS,PASS
D03644,0033CCE4,08C329E4,full_text,0,PASS,PASS
D03645,0033CD1C,08C32A13,full_text,0,PASS,PASS
D03646,0033CD2C,0882F2D7,full_text,0,PASS,PASS
D03647,0033CD34,08C32A3A,full_text,0,PASS,PASS
D03648,0033CD3C,08C32A65,full_text,0,PASS,PASS
D03649,0033CD44,08C32A90,full_text,0,PASS,PASS
D03650,0033CD7C,08C32AAF,full_text,0,PASS,PASS
D03651,0033CD8C,08C32AC0,full_text,0,PASS,PASS
D03652,0033CDCC,0882F1FB,full_text,0,PASS,PASS
D03653,0033CDD4,0882F1D0,full_text,0,PASS,PASS
D00912,0033CE04,0882F1CB,full_text,0,PASS,PASS
D03654,0033CE14,0882F1BE,full_text,0,PASS,PASS
D03655,0033CE44,08C71801,full_text,0,PASS,PASS
D03656,0033CE4C,08C32B24,full_text,0,PASS,PASS
D01565,0033CE84,0881CBC3,full_text,0,PASS,PASS
D03657,0033CE94,08C32B4F,full_text,0,PASS,PASS
D03658,0033CEC4,0882F0C4,full_text,0,PASS,PASS
D03659,0033CECC,0882F0B1,full_text,0,PASS,PASS
D03660,0033CED4,0882F078,full_text,0,PASS,PASS
D03661,0033CEDC,08C32B6C,full_text,0,PASS,PASS
D03662,0033CF24,08C71850,full_text,0,PASS,PASS
D03663,0033CF2C,08C32BA3,full_text,0,PASS,PASS
D03664,0033CF3C,08C32BDC,full_text,0,PASS,PASS
D03665,0033CF6C,0882EF7E,full_text,0,PASS,PASS
D03666,0033CF74,0882EF67,full_text,0,PASS,PASS
D03667,0033CF7C,0882EF34,full_text,0,PASS,PASS
D03668,0033D578,0882F73F,full_text,0,PASS,PASS
D03669,0033D588,08C32C11,full_text,0,PASS,PASS
D03670,0033D590,08C32C26,full_text,0,PASS,PASS
D03671,0033D5B8,08C32C43,full_text,0,PASS,PASS
D03672,0033D5C0,08C32C7E,full_text,0,PASS,PASS
D03673,0033D5C8,08C32CAB,full_text,0,PASS,PASS
D03674,0033D5D0,0882F614,full_text,0,PASS,PASS
D03675,0033D610,08C32CE0,full_text,0,PASS,PASS
D03676,0033D628,08C32D13,full_text,0,PASS,PASS
D03677,0033D638,0882F5A5,full_text,0,PASS,PASS
D03678,0033D658,08C32D2C,full_text,0,PASS,PASS
D03679,0033D680,08C32D53,full_text,0,PASS,PASS
D03680,0033D688,0882F53C,full_text,0,PASS,PASS
D03681,0033D8C4,0882F7E0,full_text,0,PASS,PASS
D03682,0033D8CC,08C32D74,full_text,0,PASS,PASS
D03683,0033D8D4,0882F798,full_text,0,PASS,PASS
D03684,0033D924,08C32DA5,full_text,0,PASS,PASS
D03685,0033D934,08C32DAE,full_text,0,PASS,PASS
D03686,0033D944,0882F75F,full_text,0,PASS,PASS
D03687,0033D974,0882F748,full_text,0,PASS,PASS
D03688,0033DAAC,08C32DD7,full_text,0,PASS,PASS
D03689,0033DAB4,08C32DEE,full_text,0,PASS,PASS
D03690,0033DADC,08C32E15,full_text,0,PASS,PASS
D03691,0033DAEC,08C32E22,full_text,0,PASS,PASS
D03692,0033DB3C,0882FE22,full_text,0,PASS,PASS
D03693,0033DB44,0882FE07,full_text,0,PASS,PASS
D03694,0033DB4C,08C32E6B,full_text,0,PASS,PASS
D01684,0033DB6C,0881E510,full_text,0,PASS,PASS
D03695,0033DB74,08C32E98,full_text,0,PASS,PASS
D03696,0033DB94,08C32ED3,full_text,0,PASS,PASS
D03697,0033DB9C,08C32EE8,full_text,0,PASS,PASS
D03698,0033DBDC,08C32F0F,full_text,0,PASS,PASS
D03699,0033DBEC,08C32F2C,full_text,0,PASS,PASS
D01565,0033DC14,0881CBC3,full_text,0,PASS,PASS
D03700,0033DC24,08C32F65,full_text,0,PASS,PASS
D03701,0033DC54,0882FC6B,full_text,0,PASS,PASS
D03702,0033DC5C,08C32F8A,full_text,0,PASS,PASS
D03703,0033DC64,08C32FC1,full_text,0,PASS,PASS
D03704,0033DC6C,08C32FF8,full_text,0,PASS,PASS
D03705,0033DC74,08C33025,full_text,0,PASS,PASS
D03706,0033DC7C,08C3304A,full_text,0,PASS,PASS
D03707,0033DC84,08C33075,full_text,0,PASS,PASS
D03708,0033DCB4,08C330A6,full_text,0,PASS,PASS
D03709,0033DCF4,08C330BB,full_text,0,PASS,PASS
D03710,0033DCFC,08C330D0,full_text,0,PASS,PASS
D03711,0033DD04,0882FA97,full_text,0,PASS,PASS
D03712,0033DD0C,08C3310B,full_text,0,PASS,PASS
D01875,0033DD1C,08C290CA,full_text,0,PASS,PASS
D03713,0033DD2C,0882FA3B,full_text,0,PASS,PASS
D03714,0033DD64,0882FA30,full_text,0,PASS,PASS
D03715,0033DD74,08C3312E,full_text,0,PASS,PASS
D03716,0033DD7C,08C33163,full_text,0,PASS,PASS
D03717,0033DDA4,0882F977,full_text,0,PASS,PASS
D03718,0033DDDC,0882F972,full_text,0,PASS,PASS
D03719,0033DDEC,0882F94D,full_text,0,PASS,PASS
D03720,0033DDF4,08C33198,full_text,0,PASS,PASS
D03721,0033DDFC,08C331CB,full_text,0,PASS,PASS
D03722,0033DE04,08C331F4,full_text,0,PASS,PASS
D03723,0033DE0C,08C33229,full_text,0,PASS,PASS
D03724,0033DE14,08C3325C,full_text,0,PASS,PASS
D03725,0033DE1C,0882F84F,full_text,0,PASS,PASS
D03726,0033DE24,0882F824,full_text,0,PASS,PASS
D03727,0033DE54,08C33269,full_text,0,PASS,PASS
D03728,0033DE5C,0882F7F0,full_text,0,PASS,PASS
D03729,0033E520,08830A06,full_text,0,PASS,PASS
D03730,0033E550,08C3327E,full_text,0,PASS,PASS
D03731,0033E560,08C3329E,full_text,0,PASS,PASS
D03732,0033E588,08C7185F,full_text,0,PASS,PASS
D03733,0033E5C0,08C332BE,full_text,0,PASS,PASS
D03734,0033E5E8,08C332F0,full_text,0,PASS,PASS
D03735,0033E5F0,0883091B,full_text,0,PASS,PASS
D03736,0033E628,08C33322,full_text,0,PASS,PASS
D03737,0033E630,08C3334E,full_text,0,PASS,PASS
D03738,0033E668,08C33363,full_text,0,PASS,PASS
D03739,0033E678,08C3337E,full_text,0,PASS,PASS
D03740,0033E6B0,08C333B2,full_text,0,PASS,PASS
D03741,0033E6B8,08C333DA,full_text,0,PASS,PASS
D03742,0033E6C0,088307F4,full_text,0,PASS,PASS
D03743,0033E6C8,08C333F3,full_text,0,PASS,PASS
D03744,0033E6D8,08C33421,full_text,0,PASS,PASS
D03745,0033E6E0,08C33447,full_text,0,PASS,PASS
D03746,0033E6F0,08C3346A,full_text,0,PASS,PASS
D03747,0033E6F8,08C33497,full_text,0,PASS,PASS
D03748,0033E700,08C334AC,full_text,0,PASS,PASS
D03749,0033E708,088306C6,full_text,0,PASS,PASS
D03750,0033E710,08C334EA,full_text,0,PASS,PASS
D03751,0033E720,08C3351A,full_text,0,PASS,PASS
D03752,0033E7A0,08C3353D,full_text,0,PASS,PASS
D03753,0033E7B0,08C33575,full_text,0,PASS,PASS
D03754,0033E7B8,08C7188E,full_text,0,PASS,PASS
D03755,0033E7C8,08C335BD,full_text,0,PASS,PASS
D03756,0033E7D0,08C335E2,full_text,0,PASS,PASS
D03757,0033E7D8,08C33614,full_text,0,PASS,PASS
D03758,0033E7E8,08C33641,full_text,0,PASS,PASS
D03759,0033E828,088304F6,full_text,0,PASS,PASS
D03760,0033E830,08C33677,full_text,0,PASS,PASS
D03761,0033E838,08C336AB,full_text,0,PASS,PASS
D03762,0033E840,08830477,full_text,0,PASS,PASS
D03763,0033E878,0883046E,full_text,0,PASS,PASS
D03764,0033E880,08C336C8,full_text,0,PASS,PASS
D03765,0033E888,08C336EC,full_text,0,PASS,PASS
D03766,0033E890,08C3371A,full_text,0,PASS,PASS
D03767,0033E8A0,088303BA,full_text,0,PASS,PASS
D03768,0033E8A8,08C33737,full_text,0,PASS,PASS
D03769,0033E8B0,08C33769,full_text,0,PASS,PASS
D03770,0033E8B8,08C33799,full_text,0,PASS,PASS
D03771,0033E8C0,08C337CD,full_text,0,PASS,PASS
D03772,0033E8F8,08C337FD,full_text,0,PASS,PASS
D03773,0033E900,08C33821,full_text,0,PASS,PASS
D03774,0033E938,08C3383C,full_text,0,PASS,PASS
D03775,0033E940,08C3385E,full_text,0,PASS,PASS
D03776,0033E950,08C3387D,full_text,0,PASS,PASS
D03777,0033E958,08C3389C,full_text,0,PASS,PASS
D03778,0033E9A0,08830213,full_text,0,PASS,PASS
D03779,0033E9A8,08830208,full_text,0,PASS,PASS
D03780,0033E9E0,08C338B3,full_text,0,PASS,PASS
D03781,0033E9E8,08C338EB,full_text,0,PASS,PASS
D03782,0033EA18,08C33925,full_text,0,PASS,PASS
D03783,0033EA20,08C33944,full_text,0,PASS,PASS
D03784,0033EA58,0883010B,full_text,0,PASS,PASS
D03785,0033EA68,08C33980,full_text,0,PASS,PASS
D03786,0033EA78,08C33995,full_text,0,PASS,PASS
D03787,0033EA80,08830089,full_text,0,PASS,PASS
D03788,0033EA88,08C339B8,full_text,0,PASS,PASS
D03789,0033EA90,08C339F4,full_text,0,PASS,PASS
D03790,0033EA98,08C33A03,full_text,0,PASS,PASS
D03791,0033EAD0,08C33A3B,full_text,0,PASS,PASS
D03792,0033EB08,08C33A5F,full_text,0,PASS,PASS
D01768,0033EB20,0881EC62,full_text,0,PASS,PASS
D03793,0033EB28,08C33A8B,full_text,0,PASS,PASS
D03794,0033EB30,0882FF65,full_text,0,PASS,PASS
D03795,0033EB38,08C33AAC,full_text,0,PASS,PASS
D03796,0033EB48,08C718A5,full_text,0,PASS,PASS
D03797,0033EB60,0882FEF3,full_text,0,PASS,PASS
D03798,0033F688,08830C92,full_text,0,PASS,PASS
D03799,0033F6A0,08830C87,full_text,0,PASS,PASS
D03800,0033F6B8,08830C78,full_text,0,PASS,PASS
D03801,0033F6D0,08C33ADE,full_text,0,PASS,PASS
D03802,0033F6D8,08C33AF9,full_text,0,PASS,PASS
D03803,0033F6E0,08C33B18,full_text,0,PASS,PASS
D03804,0033F718,08C33B41,full_text,0,PASS,PASS
D03805,0033F720,08830BDD,full_text,0,PASS,PASS
D03806,0033F728,08830BCA,full_text,0,PASS,PASS
D03807,0033F730,08C33B5E,full_text,0,PASS,PASS
D03808,0033F738,08C33B9B,full_text,0,PASS,PASS
D03809,0033F740,08C33BD2,full_text,0,PASS,PASS
D01063,0033F780,08818414,full_text,0,PASS,PASS
D03810,0033F798,08830AEE,full_text,0,PASS,PASS
D03811,0033F7A8,08830ADF,full_text,0,PASS,PASS
D03812,0033F7B8,08830AB6,full_text,0,PASS,PASS
D03813,0033F7C8,08830A93,full_text,0,PASS,PASS
D03814,0033F7D0,08830A66,full_text,0,PASS,PASS
D03815,0033F7D8,08C33C13,full_text,0,PASS,PASS
D03816,0033F7E8,08830A13,full_text,0,PASS,PASS
D03817,0033FAEC,08C33C47,full_text,0,PASS,PASS
D03818,0033FAF4,08C33C5D,full_text,0,PASS,PASS
D03819,0033FAFC,08C33C88,full_text,0,PASS,PASS
D03820,0033FB2C,08830F93,full_text,0,PASS,PASS
D03821,0033FB64,08830F88,full_text,0,PASS,PASS
D03822,0033FB6C,08830F77,full_text,0,PASS,PASS
D03823,0033FB74,08C33C9D,full_text,0,PASS,PASS
D02503,0033FB84,08824F7D,full_text,0,PASS,PASS
D03824,0033FB8C,08C33CB4,full_text,0,PASS,PASS
D03825,0033FB94,08C33CD5,full_text,0,PASS,PASS
D03826,0033FB9C,08C33CF0,full_text,0,PASS,PASS
D03827,0033FBA4,08C33D21,full_text,0,PASS,PASS
D03828,0033FBAC,08C33D3A,full_text,0,PASS,PASS
D03829,0033FBB4,08C33D5F,full_text,0,PASS,PASS
D03830,0033FBBC,08830E31,full_text,0,PASS,PASS
D03831,0033FBC4,08C33D92,full_text,0,PASS,PASS
D03832,0033FBCC,08C33DA5,full_text,0,PASS,PASS
D03833,0033FBDC,08830DC3,full_text,0,PASS,PASS
D03834,0033FBE4,08830DA8,full_text,0,PASS,PASS
D03835,0033FBEC,08C33DC6,full_text,0,PASS,PASS
D03836,0033FBF4,08830D54,full_text,0,PASS,PASS
D03837,0033FBFC,08C33DFB,full_text,0,PASS,PASS
D03838,0033FC14,08C33E28,full_text,0,PASS,PASS
D03839,0033FC1C,08C33E4B,full_text,0,PASS,PASS
D03840,0033FC2C,08C33E72,full_text,0,PASS,PASS
D03841,0033FC34,08C33E8B,full_text,0,PASS,PASS
D03842,00340048,08C33EA6,full_text,0,PASS,PASS
D01131,00340080,08829EC2,full_text,0,PASS,PASS
D03843,00340088,088313C9,full_text,0,PASS,PASS
D03844,00340090,088313A0,full_text,0,PASS,PASS
D03845,00340098,08C33EBB,full_text,0,PASS,PASS
D03846,003400A0,08831360,full_text,0,PASS,PASS
D03847,003400A8,08C33EDC,full_text,0,PASS,PASS
D03848,003400B0,08C33F23,full_text,0,PASS,PASS
D03849,003400B8,08C33F62,full_text,0,PASS,PASS
D03850,003400C0,08831290,full_text,0,PASS,PASS
D03851,003400C8,08831277,full_text,0,PASS,PASS
D03852,003400D0,08C33F8F,full_text,0,PASS,PASS
D03853,003400D8,08C33FC6,full_text,0,PASS,PASS
D03854,003400E0,08C33FE7,full_text,0,PASS,PASS
D03855,003400E8,08C3402A,full_text,0,PASS,PASS
D03856,003400F0,08C3404D,full_text,0,PASS,PASS
D03857,003400F8,08C718BE,full_text,0,PASS,PASS
D03858,00340100,08C34074,full_text,0,PASS,PASS
D03859,00340108,08C340AD,full_text,0,PASS,PASS
D03860,00340110,08C340DE,full_text,0,PASS,PASS
D03861,00340118,08C34111,full_text,0,PASS,PASS
D03862,00340130,08831044,full_text,0,PASS,PASS
D03863,00340138,08C34148,full_text,0,PASS,PASS
D03864,00340570,08C34177,full_text,0,PASS,PASS
D03865,00340578,08C34184,full_text,0,PASS,PASS
D03866,00340580,08C341A7,full_text,0,PASS,PASS
D01780,00340588,0881EE07,full_text,0,PASS,PASS
D03867,00340590,08831AAE,full_text,0,PASS,PASS
D03868,00340598,08831A83,full_text,0,PASS,PASS
D03869,003405A0,08C341BE,full_text,0,PASS,PASS
D03870,003405A8,08C341CF,full_text,0,PASS,PASS
D03871,003405B0,08831A28,full_text,0,PASS,PASS
D03872,003405B8,08C34204,full_text,0,PASS,PASS
D03873,003405C0,08C3421C,full_text,0,PASS,PASS
D03874,003405C8,08C34253,full_text,0,PASS,PASS
D03875,003405D0,08C34280,full_text,0,PASS,PASS
D03876,003405D8,08C342B9,full_text,0,PASS,PASS
D03877,003405E0,08C342D0,full_text,0,PASS,PASS
D03878,003405E8,088318F8,full_text,0,PASS,PASS
D03879,003405F0,08C342FF,full_text,0,PASS,PASS
D03880,003405F8,08C34338,full_text,0,PASS,PASS
D03881,00340600,08C34363,full_text,0,PASS,PASS
D03882,00340608,08C3438E,full_text,0,PASS,PASS
D03883,00340610,08C343B9,full_text,0,PASS,PASS
D03884,00340618,08C343CA,full_text,0,PASS,PASS
D03885,00340620,08C343FD,full_text,0,PASS,PASS
D03886,00340628,08831784,full_text,0,PASS,PASS
D03887,00340630,08C34432,full_text,0,PASS,PASS
D03888,00340640,0883173E,full_text,0,PASS,PASS
D03889,00340648,08831733,full_text,0,PASS,PASS
D03890,00340650,08C34461,full_text,0,PASS,PASS
D03891,00340658,08C34492,full_text,0,PASS,PASS
D03892,00340660,08C718FF,full_text,0,PASS,PASS
D03893,00340668,08C344A7,full_text,0,PASS,PASS
D01780,00340670,0881EE07,full_text,0,PASS,PASS
D03894,00340678,08C344DC,full_text,0,PASS,PASS
D03895,00340688,08C3450B,full_text,0,PASS,PASS
D01780,003406D0,0881EE07,full_text,0,PASS,PASS
D03896,003406D8,08C34526,full_text,0,PASS,PASS
D03897,003406E0,08C34545,full_text,0,PASS,PASS
D03898,00340718,08C34572,full_text,0,PASS,PASS
D03899,00340720,088315AB,full_text,0,PASS,PASS
D03900,00340728,08831588,full_text,0,PASS,PASS
D03901,00340730,08C34595,full_text,0,PASS,PASS
D03902,00340748,08C7190C,full_text,0,PASS,PASS
D00912,00340758,088171D0,full_text,0,PASS,PASS
D03903,00340760,08C345BC,full_text,0,PASS,PASS
D03904,00340770,08C71929,full_text,0,PASS,PASS
D03905,00340780,08C71952,full_text,0,PASS,PASS
D03906,00340788,08C345ED,full_text,0,PASS,PASS
D03907,00340790,08C34624,full_text,0,PASS,PASS
D03908,00340798,08C7197D,full_text,0,PASS,PASS
D03909,003407A0,08C3464B,full_text,0,PASS,PASS
D03910,003407A8,08C3465E,full_text,0,PASS,PASS
D03911,003407C8,088313F7,full_text,0,PASS,PASS
D02019,003407D0,08820D0E,full_text,0,PASS,PASS
D03912,00340FC4,08831E72,full_text,0,PASS,PASS
D01875,00340FE4,08C290CA,full_text,0,PASS,PASS
D03913,00340FF4,08831E5F,full_text,0,PASS,PASS
D03914,0034103C,08831E3C,full_text,0,PASS,PASS
D03915,00341044,08831E10,full_text,0,PASS,PASS
D03916,0034104C,08831E01,full_text,0,PASS,PASS
D03917,0034105C,08831DD8,full_text,0,PASS,PASS
D03918,00341064,08C34681,full_text,0,PASS,PASS
D03919,0034106C,08831D85,full_text,0,PASS,PASS
D03920,00341094,08831D5F,full_text,0,PASS,PASS
D03921,003410A4,08831D44,full_text,0,PASS,PASS
D03922,003410AC,08C346AE,full_text,0,PASS,PASS
D03923,003410C4,08C346CE,full_text,0,PASS,PASS
D03924,003410DC,08C346EA,full_text,0,PASS,PASS
D03925,003410E4,08831CA6,full_text,0,PASS,PASS
D03926,003410EC,08831C8B,full_text,0,PASS,PASS
D03927,003410FC,08831C70,full_text,0,PASS,PASS
D03928,0034110C,08C346F9,full_text,0,PASS,PASS
D03929,0034111C,08831C3C,full_text,0,PASS,PASS
D03930,00341124,08C719A8,full_text,0,PASS,PASS
D03931,0034112C,08C34720,full_text,0,PASS,PASS
D03932,00341134,08C34743,full_text,0,PASS,PASS
D03933,0034113C,08C3476C,full_text,0,PASS,PASS
D03934,0034114C,08831B6B,full_text,0,PASS,PASS
D03935,00341154,08831B50,full_text,0,PASS,PASS
D03936,00341164,08C34799,full_text,0,PASS,PASS
D03937,0034117C,08831B1E,full_text,0,PASS,PASS
D03938,00341594,088324CD,full_text,0,PASS,PASS
D03939,003415BC,088324BE,full_text,0,PASS,PASS
D03940,003415C4,08C347B6,full_text,0,PASS,PASS
D03941,003415DC,08832479,full_text,0,PASS,PASS
D03942,003415E4,08832464,full_text,0,PASS,PASS
D01815,003415F4,0881F2C9,full_text,0,PASS,PASS
D03943,003415FC,08C347D7,full_text,0,PASS,PASS
D03944,00341604,08C34808,full_text,0,PASS,PASS
D03945,00341614,08832401,full_text,0,PASS,PASS
D03946,0034161C,088323F8,full_text,0,PASS,PASS
D03947,00341654,08C3482B,full_text,0,PASS,PASS
D03948,0034165C,08C3485E,full_text,0,PASS,PASS
D03949,003416A4,08832368,full_text,0,PASS,PASS
D03950,003416AC,08832344,full_text,0,PASS,PASS
D03951,003416B4,08832318,full_text,0,PASS,PASS
D03952,003416BC,08C34884,full_text,0,PASS,PASS
D01780,003416C4,0881EE07,full_text,0,PASS,PASS
D03953,003416CC,088322BB,full_text,0,PASS,PASS
D03954,003416DC,08C348B4,full_text,0,PASS,PASS
D03955,00341724,08832279,full_text,0,PASS,PASS
D03956,0034172C,0883225F,full_text,0,PASS,PASS
D03957,00341734,08C348C3,full_text,0,PASS,PASS
D03958,0034173C,08832200,full_text,0,PASS,PASS
D03959,0034174C,088321E3,full_text,0,PASS,PASS
D03960,00341754,08C348F5,full_text,0,PASS,PASS
D03961,0034175C,088321A8,full_text,0,PASS,PASS
D03962,00341794,08832184,full_text,0,PASS,PASS
D03963,003417A4,08C34908,full_text,0,PASS,PASS
D03964,003417B4,08832142,full_text,0,PASS,PASS
D01875,003417BC,08C290CA,full_text,0,PASS,PASS
D03965,003417EC,08C3493A,full_text,0,PASS,PASS
D03966,003417FC,08C3494E,full_text,0,PASS,PASS
D03967,00341854,088320E2,full_text,0,PASS,PASS
D03968,0034186C,088320D1,full_text,0,PASS,PASS
D03969,0034188C,08C34966,full_text,0,PASS,PASS
D03970,00341894,08C349A4,full_text,0,PASS,PASS
D03971,003418A4,08C719B7,full_text,0,PASS,PASS
D03972,003418AC,08C349CE,full_text,0,PASS,PASS
D03973,003418B4,08C349FE,full_text,0,PASS,PASS
D03974,003418BC,08C34A13,full_text,0,PASS,PASS
D03975,003418C4,08C719C6,full_text,0,PASS,PASS
D03976,003418DC,08C34A3B,full_text,0,PASS,PASS
D03977,003418EC,08C34A61,full_text,0,PASS,PASS
D03978,003418FC,08C719FA,full_text,0,PASS,PASS
D03979,0034190C,08831F08,full_text,0,PASS,PASS
D03980,00341914,08C71A1B,full_text,0,PASS,PASS
D03981,0034191C,08C34A89,full_text,0,PASS,PASS
D03982,00341924,08831EA3,full_text,0,PASS,PASS
D03983,00341934,08831E87,full_text,0,PASS,PASS
D03984,0034207C,08C10768,full_text,0,PASS,PASS
D03985,00342094,08C71A43,full_text,0,PASS,PASS
D03986,003420A4,08C34AAB,full_text,0,PASS,PASS
D03987,003420AC,08832C92,full_text,0,PASS,PASS
D03988,003420BC,08832C83,full_text,0,PASS,PASS
D03989,003420C4,08C34AC9,full_text,0,PASS,PASS
D03990,0034210C,08832C58,full_text,0,PASS,PASS
D03991,00342144,08C34AEC,full_text,0,PASS,PASS
D03992,0034214C,08C107B5,full_text,0,PASS,PASS
D03993,00342174,08C107EF,full_text,0,PASS,PASS
D03994,003421A4,08C34B0E,full_text,0,PASS,PASS
D03995,003421AC,08C34B2C,full_text,0,PASS,PASS
D03929,003421BC,08831C3C,full_text,0,PASS,PASS
D03996,00342204,08832B7E,full_text,0,PASS,PASS
D03997,00342244,08832B73,full_text,0,PASS,PASS
D03998,00342254,08C34B41,full_text,0,PASS,PASS
D03999,00342264,08832B3C,full_text,0,PASS,PASS
D01483,0034226C,08832B35,full_text,0,PASS,PASS
D04000,00342274,08C71A5A,full_text,0,PASS,PASS
D04001,00342284,08C34B5D,full_text,0,PASS,PASS
D04002,0034228C,08C71A93,full_text,0,PASS,PASS
D04003,00342294,08C34B84,full_text,0,PASS,PASS
D04004,0034229C,08C34BA8,full_text,0,PASS,PASS
D04005,003422A4,08C34BDC,full_text,0,PASS,PASS
D04006,003422AC,08832A32,full_text,0,PASS,PASS
D04007,003422C4,08C34BF7,full_text,0,PASS,PASS
D04008,003422CC,088329DC,full_text,0,PASS,PASS
D04009,003422E4,08C10810,full_text,0,PASS,PASS
D04010,003422F4,08832996,full_text,0,PASS,PASS
D04011,0034230C,08832973,full_text,0,PASS,PASS
D04012,00342314,08832937,full_text,0,PASS,PASS
D04013,0034231C,08C34C1D,full_text,0,PASS,PASS
D04014,00342324,088328F8,full_text,0,PASS,PASS
D04015,00342334,088328CE,full_text,0,PASS,PASS
D04016,00342344,088328B9,full_text,0,PASS,PASS
D04017,0034234C,08C34C2C,full_text,0,PASS,PASS
D04018,00342354,08C34C56,full_text,0,PASS,PASS
D04019,0034235C,08C34C76,full_text,0,PASS,PASS
D04020,00342364,08C34CB3,full_text,0,PASS,PASS
D04021,0034237C,08C34CE5,full_text,0,PASS,PASS
D04022,003423B4,08C34D20,full_text,0,PASS,PASS
D04023,003423BC,08C34D39,full_text,0,PASS,PASS
D04024,003423CC,08832727,full_text,0,PASS,PASS
D04025,003423D4,08C34D63,full_text,0,PASS,PASS
D04026,003423DC,08C71AAA,full_text,0,PASS,PASS
D04027,003423E4,08C34D87,full_text,0,PASS,PASS
D04028,003423EC,08C34DBB,full_text,0,PASS,PASS
D04029,00342404,08C1086F,full_text,0,PASS,PASS
D04030,0034240C,08C34DF3,full_text,0,PASS,PASS
D04031,00342414,08C108B9,full_text,0,PASS,PASS
D04032,0034241C,08C108E1,full_text,0,PASS,PASS
D04033,00342424,08832577,full_text,0,PASS,PASS
D04034,0034242C,08C34E15,full_text,0,PASS,PASS
D04035,0034243C,08C34E45,full_text,0,PASS,PASS
D04036,00342444,08832523,full_text,0,PASS,PASS
D04037,00342474,088324E8,full_text,0,PASS,PASS
D04038,0034249C,08C71AD4,full_text,0,PASS,PASS
D04039,003424A4,08C34E52,full_text,0,PASS,PASS
D04040,00342D44,08C34E59,full_text,0,PASS,PASS
D04041,00342D54,08832F96,full_text,0,PASS,PASS
D04042,00342D64,08C34E6C,full_text,0,PASS,PASS
D04043,00342D6C,08832F42,full_text,0,PASS,PASS
D04044,00342DA4,08C10967,full_text,0,PASS,PASS
D04045,00342DAC,08832EEC,full_text,0,PASS,PASS
D04046,00342DBC,08832EC9,full_text,0,PASS,PASS
D04047,00342DC4,08C71ADF,full_text,0,PASS,PASS
D04048,00342DCC,08C10996,full_text,0,PASS,PASS
D04049,00342DE4,08C109B3,full_text,0,PASS,PASS
D04050,00342E1C,08C34E8F,full_text,0,PASS,PASS
D01181,00342E2C,0881932D,full_text,0,PASS,PASS
D04051,00342E3C,08C71B1E,full_text,0,PASS,PASS
D04052,00342E4C,08C71B4C,full_text,0,PASS,PASS
D04053,00342E5C,08C34EC3,full_text,0,PASS,PASS
D04054,00342E64,08C34EE0,full_text,0,PASS,PASS
D04055,00342E6C,08C34F0C,full_text,0,PASS,PASS
D04056,00342E74,08C71B72,full_text,0,PASS,PASS
D04057,00342E7C,08C71B96,full_text,0,PASS,PASS
D04058,00342E94,08C34F2E,full_text,0,PASS,PASS
D04059,00342EAC,08C34F66,full_text,0,PASS,PASS
D04060,00343224,08C34F81,full_text,0,PASS,PASS
D04061,00343244,08C34FAA,full_text,0,PASS,PASS
D04062,0034324C,0883336D,full_text,0,PASS,PASS
D04063,00343254,08833348,full_text,0,PASS,PASS
D04064,0034325C,08833336,full_text,0,PASS,PASS
D04065,0034326C,0883332B,full_text,0,PASS,PASS
D04066,003432A4,08833324,full_text,0,PASS,PASS
D04067,003432BC,08833305,full_text,0,PASS,PASS
D04068,003432CC,088332EE,full_text,0,PASS,PASS
D04069,003432D4,088332AF,full_text,0,PASS,PASS
D04070,003432DC,08C34FD1,full_text,0,PASS,PASS
D04071,003432E4,08C71B9D,full_text,0,PASS,PASS
D04072,003432EC,08C35002,full_text,0,PASS,PASS
D04073,003432F4,08C35035,full_text,0,PASS,PASS
D04074,003432FC,08C35060,full_text,0,PASS,PASS
D04075,0034330C,08833191,full_text,0,PASS,PASS
D04076,00343324,08C35079,full_text,0,PASS,PASS
D04077,0034332C,0883311F,full_text,0,PASS,PASS
D04078,00343334,08C350B0,full_text,0,PASS,PASS
D04079,0034333C,08C71BB8,full_text,0,PASS,PASS
D04080,00343354,0883308C,full_text,0,PASS,PASS
D04081,0034335C,08C350D7,full_text,0,PASS,PASS
D04082,00343374,0883302C,full_text,0,PASS,PASS
D04083,0034337C,0883300F,full_text,0,PASS,PASS
D04084,0034338C,08832FE0,full_text,0,PASS,PASS
D04085,00343394,08C3510A,full_text,0,PASS,PASS
D04086,00343824,088334F5,full_text,0,PASS,PASS
D04087,00343834,088334EE,full_text,0,PASS,PASS
D04088,0034383C,088334CB,full_text,0,PASS,PASS
D04089,00343844,08C3512B,full_text,0,PASS,PASS
D04090,0034385C,08C3514A,full_text,0,PASS,PASS
D04091,00343874,08C35159,full_text,0,PASS,PASS
D04092,0034387C,08C35188,full_text,0,PASS,PASS
D04093,00343884,08833421,full_text,0,PASS,PASS
D04094,0034388C,08833418,full_text,0,PASS,PASS
D04095,00343894,08C351A1,full_text,0,PASS,PASS
D04096,0034389C,088333D4,full_text,0,PASS,PASS
D01204,00343A6C,08C252EC,full_text,0,PASS,PASS
D04097,00343A7C,088336D7,full_text,0,PASS,PASS
D04098,00343A94,088336CC,full_text,0,PASS,PASS
D04099,00343A9C,08C351B4,full_text,0,PASS,PASS
D04100,00343AC4,08C351E9,full_text,0,PASS,PASS
D04101,00343ACC,08C35208,full_text,0,PASS,PASS
D04102,00343AFC,08C35217,full_text,0,PASS,PASS
D04103,00343B24,08833649,full_text,0,PASS,PASS
D04104,00343B2C,08C35230,full_text,0,PASS,PASS
D04105,00343B34,08C3524F,full_text,0,PASS,PASS
D04106,00343B44,08C35282,full_text,0,PASS,PASS
D04107,00343B4C,088335BD,full_text,0,PASS,PASS
D04108,00343B7C,08C352A9,full_text,0,PASS,PASS
D04109,00343B94,08C352D4,full_text,0,PASS,PASS
D04110,00343BAC,08C35303,full_text,0,PASS,PASS
D04111,00343BB4,08C35324,full_text,0,PASS,PASS
D02841,00343BBC,08C2E0DB,full_text,0,PASS,PASS
D04112,00343E60,08833A56,full_text,0,PASS,PASS
D04113,00343E88,08833A45,full_text,0,PASS,PASS
D04114,00343E90,08833A0A,full_text,0,PASS,PASS
D04115,00343EA0,088339DB,full_text,0,PASS,PASS
D04116,00343EB8,08C3534F,full_text,0,PASS,PASS
D04117,00343EC0,08C35372,full_text,0,PASS,PASS
D04118,00343EC8,08C3539B,full_text,0,PASS,PASS
D04119,00343ED0,08C353B0,full_text,0,PASS,PASS
D04120,00343EF8,08C353E1,full_text,0,PASS,PASS
D04121,00343F08,08C35406,full_text,0,PASS,PASS
D04122,00343F10,08C35425,full_text,0,PASS,PASS
D04123,00343F18,08C35462,full_text,0,PASS,PASS
D04124,00343F20,08C35481,full_text,0,PASS,PASS
D04125,00343F60,0883383B,full_text,0,PASS,PASS
D04126,00343F70,08833824,full_text,0,PASS,PASS
D04127,00343F80,08C3549E,full_text,0,PASS,PASS
D04128,00343F88,088337CA,full_text,0,PASS,PASS
D04129,00343F90,08C354C3,full_text,0,PASS,PASS
D04130,00343FA0,08833744,full_text,0,PASS,PASS
D04131,00343FB0,08C354F4,full_text,0,PASS,PASS
D04132,00343FB8,08C35515,full_text,0,PASS,PASS
D04133,0034439C,08C35548,full_text,0,PASS,PASS
D04134,003443A4,08C71BE5,full_text,0,PASS,PASS
D04135,003443BC,08C3559B,full_text,0,PASS,PASS
D04136,003443C4,08C355B0,full_text,0,PASS,PASS
D04137,003443CC,08C355E5,full_text,0,PASS,PASS
D04138,003443DC,08833C76,full_text,0,PASS,PASS
D04139,003443E4,08C35602,full_text,0,PASS,PASS
D04140,003443EC,08C3562F,full_text,0,PASS,PASS
D04141,00344404,08833C15,full_text,0,PASS,PASS
D04142,0034440C,08C35654,full_text,0,PASS,PASS
D04143,00344414,08C3567D,full_text,0,PASS,PASS
D04144,0034443C,08C3569C,full_text,0,PASS,PASS
D04141,00344454,08833C15,full_text,0,PASS,PASS
D04145,00344464,08C356BF,full_text,0,PASS,PASS
D04146,0034446C,08833B2A,full_text,0,PASS,PASS
D04147,00344474,08833AFD,full_text,0,PASS,PASS
D04148,0034448C,08C71BFA,full_text,0,PASS,PASS
D04149,0034449C,08C356F2,full_text,0,PASS,PASS
D02067,003444DC,08828877,full_text,0,PASS,PASS
D04150,003444EC,08C3570B,full_text,0,PASS,PASS
D04151,00344504,08833A6D,full_text,0,PASS,PASS
D04152,003448AC,08C35720,full_text,0,PASS,PASS
D04153,003448B4,0883418D,full_text,0,PASS,PASS
D04154,003448CC,08834178,full_text,0,PASS,PASS
D04155,0034490C,08C3574D,full_text,0,PASS,PASS
D04156,00344914,08C71C24,full_text,0,PASS,PASS
D04157,00344924,08C35776,full_text,0,PASS,PASS
D04158,0034494C,088340D9,full_text,0,PASS,PASS
D04159,0034495C,088340C8,full_text,0,PASS,PASS
D04160,00344964,088340BB,full_text,0,PASS,PASS
D04161,00344974,08C3579B,full_text,0,PASS,PASS
D04162,0034497C,08834075,full_text,0,PASS,PASS
D04163,0034498C,08C357C2,full_text,0,PASS,PASS
D04164,00344994,0883404F,full_text,0,PASS,PASS
D04165,0034499C,08834024,full_text,0,PASS,PASS
D04166,003449AC,08834011,full_text,0,PASS,PASS
D04167,003449C4,08833FF4,full_text,0,PASS,PASS
D04168,003449E4,08833FD9,full_text,0,PASS,PASS
D04169,003449EC,08C357DD,full_text,0,PASS,PASS
D04170,00344A04,08C35814,full_text,0,PASS,PASS
D04171,00344A0C,08C3583B,full_text,0,PASS,PASS
D04172,00344A1C,08C3586C,full_text,0,PASS,PASS
D04173,00344A24,08833F1A,full_text,0,PASS,PASS
D04174,00344A2C,08C3588F,full_text,0,PASS,PASS
D04175,00344A34,08833ECC,full_text,0,PASS,PASS
D01081,00344A3C,08833EC3,full_text,0,PASS,PASS
D04176,00344A44,08C358B4,full_text,0,PASS,PASS
D04177,00344A54,08833E8D,full_text,0,PASS,PASS
D04178,00344A5C,08C358D9,full_text,0,PASS,PASS
D04179,00344A64,08C35906,full_text,0,PASS,PASS
D04180,00344A74,08C35929,full_text,0,PASS,PASS
D04181,00344A7C,08C35948,full_text,0,PASS,PASS
D04182,00344A94,08833DDC,full_text,0,PASS,PASS
D04183,00344A9C,08C35963,full_text,0,PASS,PASS
D04184,00344AA4,08C3599E,full_text,0,PASS,PASS
D04185,00344F8C,08C359B3,full_text,0,PASS,PASS
D04186,00344F94,08C359CA,full_text,0,PASS,PASS
D04187,00344FA4,08834388,full_text,0,PASS,PASS
D04188,00344FAC,0883436F,full_text,0,PASS,PASS
D04189,00344FD4,0883434C,full_text,0,PASS,PASS
D04190,00344FDC,08C359ED,full_text,0,PASS,PASS
D04191,00344FEC,08C35A0A,full_text,0,PASS,PASS
D04192,00344FFC,0883431D,full_text,0,PASS,PASS
D04193,00345004,08C35A11,full_text,0,PASS,PASS
D04194,0034500C,08C35A3A,full_text,0,PASS,PASS
D04195,0034501C,08C35A5F,full_text,0,PASS,PASS
D04196,0034502C,08C35A8E,full_text,0,PASS,PASS
D04197,00345034,08C35AB9,full_text,0,PASS,PASS
D04198,00345044,08834227,full_text,0,PASS,PASS
D04199,0034504C,08C35AF2,full_text,0,PASS,PASS
D04200,003452D0,08C71C57,full_text,0,PASS,PASS
D04201,003452E0,08C35B35,full_text,0,PASS,PASS
D04202,00345340,0883517D,full_text,0,PASS,PASS
D00928,00345350,08835176,full_text,0,PASS,PASS
D04203,00345360,0883515F,full_text,0,PASS,PASS
D04204,00345368,08835128,full_text,0,PASS,PASS
D04205,00345378,08835113,full_text,0,PASS,PASS
D04206,00345390,08C35B4C,full_text,0,PASS,PASS
D04207,00345398,08C35B67,full_text,0,PASS,PASS
D04208,003453A0,088350B8,full_text,0,PASS,PASS
D04209,003453A8,08C35B8E,full_text,0,PASS,PASS
D04210,003453B0,0883505A,full_text,0,PASS,PASS
D04211,003453B8,08C71C8C,full_text,0,PASS,PASS
D04212,003453C0,08C71CBF,full_text,0,PASS,PASS
D04213,003453C8,08834FC7,full_text,0,PASS,PASS
D04214,003453D0,08C35BB1,full_text,0,PASS,PASS
D04215,003453D8,08C35BC4,full_text,0,PASS,PASS
D04216,003453E0,08C35C03,full_text,0,PASS,PASS
D04217,003453E8,08834F1B,full_text,0,PASS,PASS
D04218,003453F0,08C35C12,full_text,0,PASS,PASS
D04219,003453F8,08834EBF,full_text,0,PASS,PASS
D04220,00345400,08834E88,full_text,0,PASS,PASS
D04221,00345408,08834E79,full_text,0,PASS,PASS
D04222,00345410,08C35C4D,full_text,0,PASS,PASS
D04223,00345418,08C35C82,full_text,0,PASS,PASS
D02382,00345420,088242D6,full_text,0,PASS,PASS
D04224,00345428,08C35C9F,full_text,0,PASS,PASS
D04225,00345430,08C35CE0,full_text,0,PASS,PASS
D04226,00345440,08C71CFA,full_text,0,PASS,PASS
D04227,00345448,08834D59,full_text,0,PASS,PASS
D04228,00345450,08C71D1F,full_text,0,PASS,PASS
D04229,00345460,08C35D0D,full_text,0,PASS,PASS
D04230,00345468,08C35D18,full_text,0,PASS,PASS
D04231,00345470,08C35D37,full_text,0,PASS,PASS
D04232,00345478,08834CAE,full_text,0,PASS,PASS
D04233,00345480,08C35D4E,full_text,0,PASS,PASS
D04234,00345488,08834C5A,full_text,0,PASS,PASS
D04235,00345490,08C35D7D,full_text,0,PASS,PASS
D04236,003454A0,08C71D56,full_text,0,PASS,PASS
D04237,003454A8,08834BBF,full_text,0,PASS,PASS
D04238,003454B0,08834B9E,full_text,0,PASS,PASS
D04239,003454C0,08C35DAA,full_text,0,PASS,PASS
D04240,003454C8,08C35DD3,full_text,0,PASS,PASS
D04241,003454D8,08834B2D,full_text,0,PASS,PASS
D04242,003454E0,08834AFA,full_text,0,PASS,PASS
D04243,003454E8,08C35E08,full_text,0,PASS,PASS
D04244,003454F0,08C35E2F,full_text,0,PASS,PASS
D04245,00345500,08C35E58,full_text,0,PASS,PASS
D04246,00345510,08834A5A,full_text,0,PASS,PASS
D04247,00345518,08C35E7B,full_text,0,PASS,PASS
D04248,00345520,08C35EB2,full_text,0,PASS,PASS
D04249,00345528,088349EB,full_text,0,PASS,PASS
D03878,00345530,088318F8,full_text,0,PASS,PASS
D04250,00345538,088349A8,full_text,0,PASS,PASS
D04251,00345540,08C35EDD,full_text,0,PASS,PASS
D04252,00345548,08834912,full_text,0,PASS,PASS
D04253,00345550,08C35F3E,full_text,0,PASS,PASS
D04254,00345558,088348C2,full_text,0,PASS,PASS
D04255,00345560,08C35F77,full_text,0,PASS,PASS
D04256,00345568,08C35FAE,full_text,0,PASS,PASS
D04257,00345570,08C71D6F,full_text,0,PASS,PASS
D04258,00345578,08C35FE3,full_text,0,PASS,PASS
D04259,00345580,08C3600C,full_text,0,PASS,PASS
D04260,00345588,08C36031,full_text,0,PASS,PASS
D04261,00345590,08834763,full_text,0,PASS,PASS
D04262,00345598,08834742,full_text,0,PASS,PASS
D04263,003455A8,08C36060,full_text,0,PASS,PASS
D04264,003455B8,08C3606D,full_text,0,PASS,PASS
D04265,003455C0,088346B9,full_text,0,PASS,PASS
D04266,003455C8,08C360CC,full_text,0,PASS,PASS
D04267,003455E0,088346A6,full_text,0,PASS,PASS
D04268,003455E8,08C360D5,full_text,0,PASS,PASS
D04269,00345608,08C360E8,full_text,0,PASS,PASS
D04270,00345618,08C3610F,full_text,0,PASS,PASS
D04271,00345620,08834606,full_text,0,PASS,PASS
D04272,00345628,088345E5,full_text,0,PASS,PASS
D04273,00345630,088345DA,full_text,0,PASS,PASS
D04274,00345640,08C36132,full_text,0,PASS,PASS
D04275,00345650,08834584,full_text,0,PASS,PASS
D04276,00345658,08834563,full_text,0,PASS,PASS
D04277,00345668,08834556,full_text,0,PASS,PASS
D04278,00345670,08C3615B,full_text,0,PASS,PASS
D04279,00345678,088344DC,full_text,0,PASS,PASS
D04280,00345680,08C71DA2,full_text,0,PASS,PASS
D04281,00345688,08C36194,full_text,0,PASS,PASS
D04282,00345690,08C361CF,full_text,0,PASS,PASS
D04283,003456C0,08C361FE,full_text,0,PASS,PASS
D04284,003456C8,08C3621F,full_text,0,PASS,PASS
D04285,003464C4,08C36230,full_text,0,PASS,PASS
D03350,003464DC,08C311CB,full_text,0,PASS,PASS
D03351,003464EC,08C311DA,full_text,0,PASS,PASS
D03352,003464F4,0882C8ED,full_text,0,PASS,PASS
D03353,003464FC,08C311FD,full_text,0,PASS,PASS
D04286,00346504,08C71DD1,full_text,0,PASS,PASS
D04287,00346514,08C36278,full_text,0,PASS,PASS
D03356,0034652C,08C31272,full_text,0,PASS,PASS
D04288,00346534,08835285,full_text,0,PASS,PASS
D04289,0034653C,08C3629F,full_text,0,PASS,PASS
D04290,00346544,08C362B0,full_text,0,PASS,PASS
D04291,0034654C,08C362C7,full_text,0,PASS,PASS
D04292,00346554,08C362DC,full_text,0,PASS,PASS
D04293,0034655C,08C36315,full_text,0,PASS,PASS
D04294,00346728,08C3634E,full_text,0,PASS,PASS
D04295,00346738,08C36355,full_text,0,PASS,PASS
D04296,00346740,08C36372,full_text,0,PASS,PASS
D04297,00346750,08C71DF8,full_text,0,PASS,PASS
D04298,00346768,08C3639D,full_text,0,PASS,PASS
D01081,00346770,08833EC3,full_text,0,PASS,PASS
D04299,00346778,08C363B6,full_text,0,PASS,PASS
D04300,00346788,08C363DD,full_text,0,PASS,PASS
D04301,00346798,08C363FE,full_text,0,PASS,PASS
D04302,003467A8,08835319,full_text,0,PASS,PASS
D04294,0034695C,08C3634E,full_text,0,PASS,PASS
D04303,0034696C,08C36421,full_text,0,PASS,PASS
D04304,00346974,0883550C,full_text,0,PASS,PASS
D04305,00346984,08C3643E,full_text,0,PASS,PASS
D04306,00346994,08C3645B,full_text,0,PASS,PASS
D04307,003469A4,08C71E15,full_text,0,PASS,PASS
D04308,003469AC,08835498,full_text,0,PASS,PASS
D04309,003469B4,08C3647A,full_text,0,PASS,PASS
D04310,003469C4,08C3649D,full_text,0,PASS,PASS
D04311,00346B70,08C364CA,full_text,0,PASS,PASS
D04312,00346B78,088355F6,full_text,0,PASS,PASS
D04313,00346B80,088355AD,full_text,0,PASS,PASS
D04314,00346B98,0883559C,full_text,0,PASS,PASS
D04315,00346BA8,08C364E9,full_text,0,PASS,PASS
D04316,00346BB0,08C36508,full_text,0,PASS,PASS
D04317,00346D0C,08835750,full_text,0,PASS,PASS
D04317,00346D1C,08835750,full_text,0,PASS,PASS
D04317,00346D2C,08835750,full_text,0,PASS,PASS
D04318,00346D3C,08835725,full_text,0,PASS,PASS
D04319,00346D4C,08C3652D,full_text,0,PASS,PASS
D04320,00346D5C,088356F9,full_text,0,PASS,PASS
D04321,00346D6C,08C36546,full_text,0,PASS,PASS
D04322,00346D84,08C36561,full_text,0,PASS,PASS
D04323,00346D8C,0883569E,full_text,0,PASS,PASS
D04324,00346D94,08C36584,full_text,0,PASS,PASS
D04325,00346D9C,0883566A,full_text,0,PASS,PASS
D04326,00346DB4,08C3659B,full_text,0,PASS,PASS
D04327,00347010,08C71E39,full_text,0,PASS,PASS
D04328,00347018,08835A18,full_text,0,PASS,PASS
D04329,00347048,088359DF,full_text,0,PASS,PASS
D04330,00347050,08C36605,full_text,0,PASS,PASS
D04331,00347058,08C36644,full_text,0,PASS,PASS
D04332,00347068,08C36683,full_text,0,PASS,PASS
D04333,00347098,08C366B0,full_text,0,PASS,PASS
D04334,003470B8,08C366BF,full_text,0,PASS,PASS
D04335,003470C0,08C366FA,full_text,0,PASS,PASS
D04336,003470C8,08C3672D,full_text,0,PASS,PASS
D04337,003470D0,08C71E6A,full_text,0,PASS,PASS
D04338,003470D8,088357CA,full_text,0,PASS,PASS
D04339,003470E0,08C0E2C4,full_text,0,PASS,PASS
D04340,003470E8,08835770,full_text,0,PASS,PASS
D04341,003470F8,08C36760,full_text,0,PASS,PASS
D04342,00347440,08C36775,full_text,0,PASS,PASS
D04343,00347460,08835E4F,full_text,0,PASS,PASS
D04344,00347468,08C36794,full_text,0,PASS,PASS
D04345,00347470,08C367C9,full_text,0,PASS,PASS
D04346,00347480,08835DB4,full_text,0,PASS,PASS
D04347,00347490,08835D8B,full_text,0,PASS,PASS
D04348,003474A8,08C367FC,full_text,0,PASS,PASS
D04349,003474B0,08C3683D,full_text,0,PASS,PASS
D04350,003474B8,08835CC4,full_text,0,PASS,PASS
D04351,003474C0,08C36866,full_text,0,PASS,PASS
D04352,003474C8,08C71E97,full_text,0,PASS,PASS
D04353,003474E0,08C3689E,full_text,0,PASS,PASS
D02517,00347528,08825527,full_text,0,PASS,PASS
D04354,00347530,08835C2C,full_text,0,PASS,PASS
D04355,00347540,08C368BD,full_text,0,PASS,PASS
D04356,00347560,08835BD0,full_text,0,PASS,PASS
D04357,00347578,08C71EBA,full_text,0,PASS,PASS
D04358,00347588,08835BA2,full_text,0,PASS,PASS
D03763,00347598,0883046E,full_text,0,PASS,PASS
D04359,003475A0,08C368DE,full_text,0,PASS,PASS
D04360,003475B8,08835B3C,full_text,0,PASS,PASS
D04361,003475C0,08C3691D,full_text,0,PASS,PASS
D04362,003475D0,08C3692C,full_text,0,PASS,PASS
D04363,003475E0,08C71EE1,full_text,0,PASS,PASS
D04364,00347600,08835A92,full_text,0,PASS,PASS
D04365,00347610,08C3694D,full_text,0,PASS,PASS
D04366,00347A4C,08836130,full_text,0,PASS,PASS
D04367,00347A84,08836123,full_text,0,PASS,PASS
D04368,00347AD4,08C36966,full_text,0,PASS,PASS
D04369,00347AE4,08C36981,full_text,0,PASS,PASS
D04370,00347B14,08C369A6,full_text,0,PASS,PASS
D04371,00347B24,08C71F02,full_text,0,PASS,PASS
D04372,00347B2C,08836074,full_text,0,PASS,PASS
D04373,00347B34,0883605B,full_text,0,PASS,PASS
D04374,00347B6C,08C369CD,full_text,0,PASS,PASS
D04375,00347B74,08C369DE,full_text,0,PASS,PASS
D04376,00347B7C,08C36A1D,full_text,0,PASS,PASS
D04377,00347B84,08835F7D,full_text,0,PASS,PASS
D04378,00347B8C,08835F62,full_text,0,PASS,PASS
D04379,00347B94,08C36A52,full_text,0,PASS,PASS
D04380,00347BC4,08C36A81,full_text,0,PASS,PASS
D04381,00347BCC,08C36AB6,full_text,0,PASS,PASS
D04382,00347BD4,08C36AEB,full_text,0,PASS,PASS
D04383,00347BDC,08C71F2B,full_text,0,PASS,PASS
D04384,00347EF8,0883643C,full_text,0,PASS,PASS
D04385,00347F28,08836427,full_text,0,PASS,PASS
D04386,00347F40,08C36B02,full_text,0,PASS,PASS
D04387,00347F48,08C71F42,full_text,0,PASS,PASS
D04388,00347F58,088363D2,full_text,0,PASS,PASS
D04389,00347F70,088363B9,full_text,0,PASS,PASS
D04390,00347F80,08C36B44,full_text,0,PASS,PASS
D04391,00347F98,08836381,full_text,0,PASS,PASS
D04392,00347FA0,08836366,full_text,0,PASS,PASS
D04393,00347FA8,08C36B5F,full_text,0,PASS,PASS
D04394,00347FC0,08C36B8A,full_text,0,PASS,PASS
D04395,00347FC8,08C36BB3,full_text,0,PASS,PASS
D04396,00347FD0,08C36BFA,full_text,0,PASS,PASS
D04397,00347FF8,0883625B,full_text,0,PASS,PASS
D04398,00348000,08C36C2D,full_text,0,PASS,PASS
D04399,00348008,08C36C5C,full_text,0,PASS,PASS
D04400,00348028,08C71F63,full_text,0,PASS,PASS
D04401,00348038,08C71F8F,full_text,0,PASS,PASS
D04402,00348048,08C36CB0,full_text,0,PASS,PASS
D04403,00348050,08C36CDF,full_text,0,PASS,PASS
D04404,003483F0,08C36CFC,full_text,0,PASS,PASS
D04405,003483F8,08C71FAA,full_text,0,PASS,PASS
D04406,00348420,08C36D25,full_text,0,PASS,PASS
D04407,00348428,0883699B,full_text,0,PASS,PASS
D04408,00348440,08C36D4C,full_text,0,PASS,PASS
D04409,00348450,08C36D87,full_text,0,PASS,PASS
D04410,00348460,08836916,full_text,0,PASS,PASS
D04411,00348488,08C71FCD,full_text,0,PASS,PASS
D04412,00348498,088368DE,full_text,0,PASS,PASS
D04413,003484A0,08C36DB4,full_text,0,PASS,PASS
D04414,003484B0,08836894,full_text,0,PASS,PASS
D04415,003484B8,08C36DDF,full_text,0,PASS,PASS
D04416,003484C0,0883683E,full_text,0,PASS,PASS
D04417,003484D0,08836835,full_text,0,PASS,PASS
D04418,003484E0,08C36E08,full_text,0,PASS,PASS
D04419,003484E8,08C36E3F,full_text,0,PASS,PASS
D04420,003484F0,08836796,full_text,0,PASS,PASS
D04421,003484F8,08C36E68,full_text,0,PASS,PASS
D04422,00348500,08C36E8F,full_text,0,PASS,PASS
D04423,00348508,08C36EC0,full_text,0,PASS,PASS
D04424,00348520,08C36EEF,full_text,0,PASS,PASS
D04425,00348538,08C36F10,full_text,0,PASS,PASS
D04426,00348568,088366A0,full_text,0,PASS,PASS
D04427,00348578,08836665,full_text,0,PASS,PASS
D04428,00348580,08C36F2B,full_text,0,PASS,PASS
D04429,00348590,08836603,full_text,0,PASS,PASS
D04430,00348598,08C36F62,full_text,0,PASS,PASS
D04431,003485A0,08C36F97,full_text,0,PASS,PASS
D04432,003485A8,08C36FBC,full_text,0,PASS,PASS
D04433,003485B0,08C36FE7,full_text,0,PASS,PASS
D01706,003485D0,08836504,full_text,0,PASS,PASS
D04434,003485E0,08C37000,full_text,0,PASS,PASS
D04435,003485E8,08C3702B,full_text,0,PASS,PASS
D04436,003485F0,08836477,full_text,0,PASS,PASS
D04437,00348C00,08C3704C,full_text,0,PASS,PASS
D04438,00348C08,08836E9E,full_text,0,PASS,PASS
D04439,00348C10,08C37061,full_text,0,PASS,PASS
D04440,00348C18,08C71FE4,full_text,0,PASS,PASS
D04441,00348C38,08C370B7,full_text,0,PASS,PASS
D04442,00348C50,08836DEA,full_text,0,PASS,PASS
D04443,00348C58,08C370D0,full_text,0,PASS,PASS
D04444,00348C60,08836D84,full_text,0,PASS,PASS
D04445,00348C80,08836D59,full_text,0,PASS,PASS
D04446,00348C88,08C3710F,full_text,0,PASS,PASS
D04447,00348C90,08C37142,full_text,0,PASS,PASS
D04448,00348CA0,08C72013,full_text,0,PASS,PASS
D04449,00348CA8,08C72042,full_text,0,PASS,PASS
D04450,00348CB0,08C37182,full_text,0,PASS,PASS
D04451,00348CB8,08C371B3,full_text,0,PASS,PASS
D01040,00348CC8,08817CF9,full_text,0,PASS,PASS
D04452,00348CD8,08836C18,full_text,0,PASS,PASS
D04453,00348CE0,08C371DA,full_text,0,PASS,PASS
D04454,00348CF0,08C3720B,full_text,0,PASS,PASS
D04455,00348CF8,08C3721E,full_text,0,PASS,PASS
D04456,00348D10,08C3723F,full_text,0,PASS,PASS
D04457,00348D20,08C3727A,full_text,0,PASS,PASS
D04458,00348D28,08836AC7,full_text,0,PASS,PASS
D04459,00348D38,08836AA8,full_text,0,PASS,PASS
D04460,00348D40,08C372A5,full_text,0,PASS,PASS
D01828,00348D50,0881F174,full_text,0,PASS,PASS
D04461,003491E4,08C372E0,full_text,0,PASS,PASS
D04462,003491EC,08C372F3,full_text,0,PASS,PASS
D03294,003491F4,0882C1E8,full_text,0,PASS,PASS
D04463,003491FC,088370B6,full_text,0,PASS,PASS
D04464,00349214,08C72061,full_text,0,PASS,PASS
D04465,0034921C,08C72070,full_text,0,PASS,PASS
D04466,00349224,08837067,full_text,0,PASS,PASS
D04467,0034922C,08C37324,full_text,0,PASS,PASS
D04468,00349234,08C3734F,full_text,0,PASS,PASS
D04469,0034923C,08C3738A,full_text,0,PASS,PASS
D04470,00349244,08C720A4,full_text,0,PASS,PASS
D04471,00349254,08C373A5,full_text,0,PASS,PASS
D04472,0034925C,08C373BA,full_text,0,PASS,PASS
D04473,00349264,08C373D7,full_text,0,PASS,PASS
D04474,00349274,08836F3B,full_text,0,PASS,PASS
D04475,0034928C,08C373E2,full_text,0,PASS,PASS
D04476,0034929C,08836F07,full_text,0,PASS,PASS
D04477,003492C4,08C37405,full_text,0,PASS,PASS
D04478,003495CC,08C37434,full_text,0,PASS,PASS
D04479,003495D4,08C37449,full_text,0,PASS,PASS
D04480,003495EC,08C3746E,full_text,0,PASS,PASS
D04481,003495F4,08C3748F,full_text,0,PASS,PASS
D02517,00349614,08825527,full_text,0,PASS,PASS
D04482,0034961C,08C374B6,full_text,0,PASS,PASS
D04483,00349624,08C374D3,full_text,0,PASS,PASS
D04484,0034962C,08837373,full_text,0,PASS,PASS
D04485,00349634,0883734E,full_text,0,PASS,PASS
D04486,0034963C,08837311,full_text,0,PASS,PASS
D04487,00349644,08C374FC,full_text,0,PASS,PASS
D04488,00349654,088372B3,full_text,0,PASS,PASS
D04489,0034965C,08837296,full_text,0,PASS,PASS
D04490,0034969C,08C3753B,full_text,0,PASS,PASS
D04491,003496AC,08837242,full_text,0,PASS,PASS
D04492,003496BC,08C3755A,full_text,0,PASS,PASS
D04493,003496C4,08837208,full_text,0,PASS,PASS
D04494,003496D4,08C3757D,full_text,0,PASS,PASS
D04495,003496E4,08C3759E,full_text,0,PASS,PASS
D04496,003496F4,08C375BB,full_text,0,PASS,PASS
D04497,003496FC,08837186,full_text,0,PASS,PASS
D04498,0034970C,0883713D,full_text,0,PASS,PASS
D04499,00349714,0883712E,full_text,0,PASS,PASS
D04500,00349724,08837115,full_text,0,PASS,PASS
D04501,00349AC8,08C375D8,full_text,0,PASS,PASS
D04502,00349AD0,088375DA,full_text,0,PASS,PASS
D04503,00349AD8,08C375F5,full_text,0,PASS,PASS
D04504,00349AF8,088375AA,full_text,0,PASS,PASS
D04505,00349B08,08C3761A,full_text,0,PASS,PASS
D04506,00349B10,08C37649,full_text,0,PASS,PASS
D04507,00349B20,08837511,full_text,0,PASS,PASS
D04508,00349B40,08C37686,full_text,0,PASS,PASS
D04509,00349B58,08C376B3,full_text,0,PASS,PASS
D04510,00349B60,08C376D4,full_text,0,PASS,PASS
D04511,00349D98,08C3771B,full_text,0,PASS,PASS
D04512,00349DA0,08C37738,full_text,0,PASS,PASS
D04513,00349DC8,08C37775,full_text,0,PASS,PASS
D04514,00349DD8,08C3779A,full_text,0,PASS,PASS
D04515,00349DE0,08C720C9,full_text,0,PASS,PASS
D04516,00349DE8,0883778C,full_text,0,PASS,PASS
D04517,00349DF0,08C377CB,full_text,0,PASS,PASS
D04518,00349DF8,08C377FC,full_text,0,PASS,PASS
D04519,00349E00,0883771B,full_text,0,PASS,PASS
D04520,00349E08,0883770A,full_text,0,PASS,PASS
D01377,00349E10,08C26514,full_text,0,PASS,PASS
D04521,00349E18,08C720F0,full_text,0,PASS,PASS
D04522,00349E30,08C37838,full_text,0,PASS,PASS
D04523,00349E40,08C37861,full_text,0,PASS,PASS
D04524,00349E70,08C378B8,full_text,0,PASS,PASS
D04525,0034A12C,08C378D3,full_text,0,PASS,PASS
D04526,0034A134,08C378F2,full_text,0,PASS,PASS
D04527,0034A14C,08C37919,full_text,0,PASS,PASS
D04528,0034A15C,08C72114,full_text,0,PASS,PASS
D04529,0034A16C,08837AC5,full_text,0,PASS,PASS
D04530,0034A184,08C3794F,full_text,0,PASS,PASS
D04531,0034A18C,08C37976,full_text,0,PASS,PASS
D04532,0034A1A4,08837A48,full_text,0,PASS,PASS
D04533,0034A1B4,08C3799D,full_text,0,PASS,PASS
D04534,0034A1CC,08C379B8,full_text,0,PASS,PASS
D04535,0034A1D4,08C379CB,full_text,0,PASS,PASS
D04536,0034A1E4,08C379F4,full_text,0,PASS,PASS
D04537,0034A1F4,08837998,full_text,0,PASS,PASS
D04538,0034A204,08C72125,full_text,0,PASS,PASS
D04539,0034A214,08C37A1D,full_text,0,PASS,PASS
D04540,0034A21C,08C72153,full_text,0,PASS,PASS
D04541,0034A234,08C721AA,full_text,0,PASS,PASS
D04542,0034A54C,08C37A3A,full_text,0,PASS,PASS
D04543,0034A554,08C37A5D,full_text,0,PASS,PASS
D04544,0034A55C,08837B92,full_text,0,PASS,PASS
D04545,0034A628,08C37A92,full_text,0,PASS,PASS
D04546,0034A684,08837C8F,full_text,0,PASS,PASS
D04547,0034A68C,08C37AB9,full_text,0,PASS,PASS
D04548,0034A774,08838192,full_text,0,PASS,PASS
D04549,0034A784,0883817B,full_text,0,PASS,PASS
D04550,0034A794,08C37AEC,full_text,0,PASS,PASS
D04551,0034A7A4,08838132,full_text,0,PASS,PASS
D01442,0034A7AC,0881BC94,full_text,0,PASS,PASS
D04552,0034A7B4,08C721D1,full_text,0,PASS,PASS
D04553,0034A7BC,088380F2,full_text,0,PASS,PASS
D04554,0034A7C4,08C37B05,full_text,0,PASS,PASS
D04555,0034A7CC,08C37B40,full_text,0,PASS,PASS
D04556,0034A7DC,08838065,full_text,0,PASS,PASS
D04557,0034A7F4,08838050,full_text,0,PASS,PASS
D04558,0034A7FC,08838013,full_text,0,PASS,PASS
D04559,0034A804,08C37B71,full_text,0,PASS,PASS
D04560,0034A80C,08837F99,full_text,0,PASS,PASS
D04561,0034A814,08C37BA8,full_text,0,PASS,PASS
D04562,0034A81C,08C721EE,full_text,0,PASS,PASS
D04563,0034A82C,08837F2A,full_text,0,PASS,PASS
D04564,0034A834,08837EFD,full_text,0,PASS,PASS
D04565,0034A844,08C37BCB,full_text,0,PASS,PASS
D04566,0034A84C,08837EBD,full_text,0,PASS,PASS
D04567,0034A854,08C37BF2,full_text,0,PASS,PASS
D04568,0034A85C,08C37C25,full_text,0,PASS,PASS
D04569,0034A864,08C37C5A,full_text,0,PASS,PASS
D04570,0034A86C,08837DC3,full_text,0,PASS,PASS
D04571,0034A874,08C7220D,full_text,0,PASS,PASS
D04572,0034A87C,08C72246,full_text,0,PASS,PASS
D04573,0034A88C,08C7228B,full_text,0,PASS,PASS
D04574,0034A89C,08837CD7,full_text,0,PASS,PASS
D04575,0034A8A4,08837CB8,full_text,0,PASS,PASS
D04576,0034AD54,08C37CB6,full_text,0,PASS,PASS
D04577,0034AD64,0883819F,full_text,0,PASS,PASS
D04578,0034ADE8,08C37CDB,full_text,0,PASS,PASS
D04579,0034ADF0,08C37D1A,full_text,0,PASS,PASS
D04580,0034AE00,08C722BE,full_text,0,PASS,PASS
D04581,0034AE10,088381F1,full_text,0,PASS,PASS
D04582,0034AF58,08C37D8A,full_text,0,PASS,PASS
D04583,0034AF60,08C7230F,full_text,0,PASS,PASS
D04584,0034AF70,08838369,full_text,0,PASS,PASS
D04585,0034AF78,08C37DB5,full_text,0,PASS,PASS
D04586,0034AF88,088382FF,full_text,0,PASS,PASS
D04587,0034B0A4,08C37DEA,full_text,0,PASS,PASS
D04588,0034B0AC,08838472,full_text,0,PASS,PASS
D04589,0034B0B4,08C37E03,full_text,0,PASS,PASS
D04590,0034B0C4,08C37E26,full_text,0,PASS,PASS
D04585,0034B0CC,08C37DB5,full_text,0,PASS,PASS
D04586,0034B0D4,088382FF,full_text,0,PASS,PASS
D04591,0034B1C8,08838617,full_text,0,PASS,PASS
D01065,0034B1F0,08C70B46,full_text,0,PASS,PASS
D04592,0034B200,08C37E53,full_text,0,PASS,PASS
D04593,0034B228,08C37E78,full_text,0,PASS,PASS
D04594,0034B238,08C37EAD,full_text,0,PASS,PASS
D04595,0034B240,08838556,full_text,0,PASS,PASS
D04596,0034B250,08C37EDC,full_text,0,PASS,PASS
D04597,0034B258,08C37F15,full_text,0,PASS,PASS
D04598,0034B280,08C37F26,full_text,0,PASS,PASS
D04599,0034B288,08C37F47,full_text,0,PASS,PASS
D04600,0034B448,088389E3,full_text,0,PASS,PASS
D04601,0034B450,08C37F60,full_text,0,PASS,PASS
D04602,0034B458,08C37F8B,full_text,0,PASS,PASS
D04603,0034B468,08C37FB8,full_text,0,PASS,PASS
D04604,0034B478,08838933,full_text,0,PASS,PASS
D04605,0034B498,08C72341,full_text,0,PASS,PASS
D04606,0034B4A0,088388CB,full_text,0,PASS,PASS
D04607,0034B4A8,08C37FD3,full_text,0,PASS,PASS
D04608,0034B4B0,08C38014,full_text,0,PASS,PASS
D04609,0034B4B8,08838802,full_text,0,PASS,PASS
D04610,0034B4C0,088387E7,full_text,0,PASS,PASS
D04611,0034B4C8,08C38047,full_text,0,PASS,PASS
D04612,0034B4D0,08838781,full_text,0,PASS,PASS
D04613,0034B4D8,08C38088,full_text,0,PASS,PASS
D04614,0034B4E0,088386CB,full_text,0,PASS,PASS
D04615,0034B4E8,088386A4,full_text,0,PASS,PASS
D04616,0034B4F0,08838697,full_text,0,PASS,PASS
D04617,0034B500,08838688,full_text,0,PASS,PASS
D04618,0034B508,08C380B7,full_text,0,PASS,PASS
D04619,0034B510,08C380DE,full_text,0,PASS,PASS
D04620,0034B8BC,08C380F3,full_text,0,PASS,PASS
D04621,0034B8C4,08838D3A,full_text,0,PASS,PASS
D01065,0034B8D4,08C70B46,full_text,0,PASS,PASS
D04622,0034B8DC,08C38114,full_text,0,PASS,PASS
D04623,0034B8E4,08C38133,full_text,0,PASS,PASS
D04624,0034B8EC,08838CE0,full_text,0,PASS,PASS
D04625,0034B8F4,08C3814E,full_text,0,PASS,PASS
D04626,0034B8FC,08838CB2,full_text,0,PASS,PASS
D01061,0034B90C,08818444,full_text,0,PASS,PASS
D01100,0034B914,0881886A,full_text,0,PASS,PASS
D04627,0034B91C,08C3816F,full_text,0,PASS,PASS
D04628,0034B924,08838C54,full_text,0,PASS,PASS
D04629,0034B92C,08838C37,full_text,0,PASS,PASS
D04630,0034B944,08C38196,full_text,0,PASS,PASS
D04631,0034B94C,08838BF9,full_text,0,PASS,PASS
D04632,0034B964,08C381B3,full_text,0,PASS,PASS
D04633,0034B96C,08C381CA,full_text,0,PASS,PASS
D04634,0034B974,08C381E9,full_text,0,PASS,PASS
D04635,0034B97C,08C3821A,full_text,0,PASS,PASS
D04636,0034B994,08C38251,full_text,0,PASS,PASS
D04637,0034B9A4,08838B1F,full_text,0,PASS,PASS
D04638,0034B9B4,08C38274,full_text,0,PASS,PASS
D04639,0034B9BC,08C38297,full_text,0,PASS,PASS
D04640,0034B9D4,08838AB2,full_text,0,PASS,PASS
D04641,0034B9E4,08838AA9,full_text,0,PASS,PASS
D04642,0034B9EC,08C382B8,full_text,0,PASS,PASS
D04643,0034B9FC,08C72362,full_text,0,PASS,PASS
D04644,0034BA0C,08C382E3,full_text,0,PASS,PASS
D04645,0034BA1C,08C382FE,full_text,0,PASS,PASS
D04646,0034BA2C,08838A20,full_text,0,PASS,PASS
D04647,0034BE18,08838FAC,full_text,0,PASS,PASS
D04648,0034BE20,08838F85,full_text,0,PASS,PASS
D01978,0034BE48,088209BA,full_text,0,PASS,PASS
D01181,0034BE58,0881932D,full_text,0,PASS,PASS
D01182,0034BE60,08C25184,full_text,0,PASS,PASS
D01183,0034BE70,088192F9,full_text,0,PASS,PASS
D04649,0034BE78,08838F7C,full_text,0,PASS,PASS
D04650,0034BE80,08C3831F,full_text,0,PASS,PASS
D04651,0034BE88,08838F1E,full_text,0,PASS,PASS
D04652,0034BE98,08C72375,full_text,0,PASS,PASS
D04653,0034BEA8,08C72382,full_text,0,PASS,PASS
D04654,0034BEB0,08C38354,full_text,0,PASS,PASS
D04655,0034BEB8,08C38387,full_text,0,PASS,PASS
D04656,0034BEC0,08C383C4,full_text,0,PASS,PASS
D04657,0034BEC8,08C383DD,full_text,0,PASS,PASS
D04658,0034BED0,08C38416,full_text,0,PASS,PASS
D04659,0034BED8,08838DDE,full_text,0,PASS,PASS
D01181,0034BEE0,0881932D,full_text,0,PASS,PASS
D04660,0034BEE8,08C38439,full_text,0,PASS,PASS
D04661,0034BEF0,08C3845C,full_text,0,PASS,PASS
D04662,0034C1B0,08C38483,full_text,0,PASS,PASS
D04663,0034C1E0,08C38496,full_text,0,PASS,PASS
D04664,0034C1F0,08839136,full_text,0,PASS,PASS
D04665,0034C1F8,08C384A7,full_text,0,PASS,PASS
D02379,0034C208,08824317,full_text,0,PASS,PASS
D04666,0034C218,08C384B8,full_text,0,PASS,PASS
D04667,0034C220,08C384F3,full_text,0,PASS,PASS
D04668,0034C228,08C38526,full_text,0,PASS,PASS
D04669,0034C230,08C38551,full_text,0,PASS,PASS
D04670,0034C240,08C38572,full_text,0,PASS,PASS
D04671,0034C250,08838FD7,full_text,0,PASS,PASS
D04672,0034C43C,08839246,full_text,0,PASS,PASS
D04673,0034C444,08C3859D,full_text,0,PASS,PASS
D04674,0034C44C,08C385CA,full_text,0,PASS,PASS
D04675,0034C454,088391BB,full_text,0,PASS,PASS
D04676,0034C45C,08C385E9,full_text,0,PASS,PASS
D04677,0034C464,08C38614,full_text,0,PASS,PASS
D04678,0034C604,08C38641,full_text,0,PASS,PASS
D04679,0034C614,08C3865A,full_text,0,PASS,PASS
D04680,0034C624,088393F0,full_text,0,PASS,PASS
D04681,0034C634,08C7239B,full_text,0,PASS,PASS
D04682,0034C64C,0883936C,full_text,0,PASS,PASS
D04683,0034C65C,08839357,full_text,0,PASS,PASS
D04684,0034C664,08C38671,full_text,0,PASS,PASS
D04141,0034C67C,08839337,full_text,0,PASS,PASS
D01685,0034C694,0881E50B,full_text,0,PASS,PASS
D04685,0034C6AC,08C3868A,full_text,0,PASS,PASS
D04686,0034C6C4,08C3869F,full_text,0,PASS,PASS
D04687,0034C6DC,08C386BE,full_text,0,PASS,PASS
D04688,0034C6E4,08C386EF,full_text,0,PASS,PASS
D04341,0034C6F4,08C36760,full_text,0,PASS,PASS
D04689,0034C970,0883966E,full_text,0,PASS,PASS
D04690,0034C988,0883964B,full_text,0,PASS,PASS
D04691,0034C9A0,08C38736,full_text,0,PASS,PASS
D04692,0034C9B0,088395E7,full_text,0,PASS,PASS
D04693,0034C9B8,088395BC,full_text,0,PASS,PASS
D04694,0034C9D0,08C38753,full_text,0,PASS,PASS
D04695,0034C9D8,08C3879A,full_text,0,PASS,PASS
D04696,0034C9E8,08C387E3,full_text,0,PASS,PASS
D04697,0034C9F0,08C3880E,full_text,0,PASS,PASS
D04698,0034CA00,08C38831,full_text,0,PASS,PASS
D04341,0034CA08,08C36760,full_text,0,PASS,PASS
D04699,00357D9C,08847348,full_text,0,PASS,PASS
D04700,00357DA4,08C723F4,full_text,0,PASS,PASS
D04701,00357DAC,08C3886E,full_text,0,PASS,PASS
D04702,00357DB4,08C388AF,full_text,0,PASS,PASS
D04703,00357DBC,08C388EC,full_text,0,PASS,PASS
D04704,00357DC4,08C3894F,full_text,0,PASS,PASS
D04705,00357DCC,0884717E,full_text,0,PASS,PASS
D04706,00357DD4,08C38976,full_text,0,PASS,PASS
D04707,00357DDC,08847102,full_text,0,PASS,PASS
D04708,00357DE4,088470A3,full_text,0,PASS,PASS
D04709,00357DEC,08C7241E,full_text,0,PASS,PASS
D04710,00357DF4,08C389CF,full_text,0,PASS,PASS
D04711,00357DFC,08C38A0E,full_text,0,PASS,PASS
D04712,00357E04,08C38A49,full_text,0,PASS,PASS
D04713,00357E0C,08C38A86,full_text,0,PASS,PASS
D04714,00357E14,08846EE5,full_text,0,PASS,PASS
D04715,00357E1C,08C38ABF,full_text,0,PASS,PASS
D04716,00357E24,08C38B16,full_text,0,PASS,PASS
D04717,00357E2C,08C38B6F,full_text,0,PASS,PASS
D04718,00357E34,08C38BBC,full_text,0,PASS,PASS
D04719,00357E3C,08C38C0F,full_text,0,PASS,PASS
D04720,00357E44,08C38C46,full_text,0,PASS,PASS
D04721,00357E4C,08C38C77,full_text,0,PASS,PASS
D04722,00357E54,08C38CC0,full_text,0,PASS,PASS
D04723,00357E5C,08C38CE9,full_text,0,PASS,PASS
D04724,00357E64,08846B75,full_text,0,PASS,PASS
D04725,00357E6C,08C38D3E,full_text,0,PASS,PASS
D04726,00357E74,08C38D7B,full_text,0,PASS,PASS
D04727,00357E7C,08C38DE8,full_text,0,PASS,PASS
D04728,00357E84,08C38E25,full_text,0,PASS,PASS
D04729,00357E8C,088469C4,full_text,0,PASS,PASS
D04730,00357E94,0884696D,full_text,0,PASS,PASS
D04731,00357E9C,08C72456,full_text,0,PASS,PASS
D04732,00357EA4,08C38E60,full_text,0,PASS,PASS
D04733,00357EAC,08C724A3,full_text,0,PASS,PASS
D04734,00357EB4,08C724F6,full_text,0,PASS,PASS
D04735,00357EBC,08C38EA3,full_text,0,PASS,PASS
D04736,00357EC4,08C38EEE,full_text,0,PASS,PASS
D04737,00357ECC,08C38F5D,full_text,0,PASS,PASS
D04738,00357ED4,08C38FB6,full_text,0,PASS,PASS
D04739,00357EDC,088465F6,full_text,0,PASS,PASS
D04740,00357EE4,088465AF,full_text,0,PASS,PASS
D04741,00357EEC,08C39001,full_text,0,PASS,PASS
D04742,00357EF4,088464E7,full_text,0,PASS,PASS
D04743,00357EFC,08C3905C,full_text,0,PASS,PASS
D04744,00357F04,08C3909F,full_text,0,PASS,PASS
D04745,00357F0C,08C390DA,full_text,0,PASS,PASS
D04746,00357F14,08C39127,full_text,0,PASS,PASS
D04747,00357F1C,08C7253D,full_text,0,PASS,PASS
D04748,00357F24,08C39178,full_text,0,PASS,PASS
D04749,00357F2C,0884626E,full_text,0,PASS,PASS
D04750,00357F34,08C391B5,full_text,0,PASS,PASS
D04751,00357F3C,08846148,full_text,0,PASS,PASS
D04752,00357F44,08C3922A,full_text,0,PASS,PASS
D04753,00357F4C,08C39275,full_text,0,PASS,PASS
D04754,00357F54,08C392AE,full_text,0,PASS,PASS
D04755,00357F5C,08C392D7,full_text,0,PASS,PASS
D04756,00357F64,08C39326,full_text,0,PASS,PASS
D04757,00357F6C,08C3937D,full_text,0,PASS,PASS
D04758,00357F74,08C393CC,full_text,0,PASS,PASS
D04759,00357F7C,08C39413,full_text,0,PASS,PASS
D04760,00357F84,08C39440,full_text,0,PASS,PASS
D04761,00357F8C,08845D9A,full_text,0,PASS,PASS
D04762,00357F94,08C394A7,full_text,0,PASS,PASS
D04763,00357F9C,08C394FE,full_text,0,PASS,PASS
D04764,00357FA4,08C39549,full_text,0,PASS,PASS
D04765,00357FAC,08845BF4,full_text,0,PASS,PASS
D04766,00357FB4,08C39596,full_text,0,PASS,PASS
D04767,00357FBC,08845B46,full_text,0,PASS,PASS
D04768,00357FC4,08C395DD,full_text,0,PASS,PASS
D04769,00357FCC,08C725A4,full_text,0,PASS,PASS
D04770,00357FD4,08845A71,full_text,0,PASS,PASS
D04771,00357FDC,08C3961E,full_text,0,PASS,PASS
D04772,00357FE4,088459D3,full_text,0,PASS,PASS
D04773,00357FEC,08C3964B,full_text,0,PASS,PASS
D04774,00357FF4,08C39698,full_text,0,PASS,PASS
D04775,00357FFC,08C396D5,full_text,0,PASS,PASS
D04776,00358004,08C396FE,full_text,0,PASS,PASS
D04777,0035800C,08845848,full_text,0,PASS,PASS
D04778,00358014,08C39735,full_text,0,PASS,PASS
D04779,0035801C,088457BC,full_text,0,PASS,PASS
D04780,00358024,08C39774,full_text,0,PASS,PASS
D04781,0035802C,08C397B1,full_text,0,PASS,PASS
D04782,00358034,08C397EE,full_text,0,PASS,PASS
D04783,0035803C,0884565C,full_text,0,PASS,PASS
D04784,00358044,08C725ED,full_text,0,PASS,PASS
D04785,0035804C,08C39837,full_text,0,PASS,PASS
D04786,00358054,08C7266A,full_text,0,PASS,PASS
D04787,0035805C,08C398AA,full_text,0,PASS,PASS
D04788,00358064,08C39901,full_text,0,PASS,PASS
D04789,0035806C,08C3994E,full_text,0,PASS,PASS
D04790,00358074,08C3999D,full_text,0,PASS,PASS
D04791,0035807C,08C399D8,full_text,0,PASS,PASS
D04792,00358084,08C39A0F,full_text,0,PASS,PASS
D04793,0035808C,08C39A42,full_text,0,PASS,PASS
D04794,00358094,08C39A7B,full_text,0,PASS,PASS
D04795,0035809C,08C39AAA,full_text,0,PASS,PASS
D04796,003580A4,08C39AEF,full_text,0,PASS,PASS
D04797,003580AC,08C726E7,full_text,0,PASS,PASS
D04798,003580B4,0884510F,full_text,0,PASS,PASS
D04799,003580BC,08C39B44,full_text,0,PASS,PASS
D04800,003580C4,08C39B8D,full_text,0,PASS,PASS
D04801,003580CC,08844FF2,full_text,0,PASS,PASS
D04802,003580D4,08C39BD6,full_text,0,PASS,PASS
D04803,003580DC,08C7271F,full_text,0,PASS,PASS
D04804,003580E4,08844EDF,full_text,0,PASS,PASS
D04805,003580EC,08844E88,full_text,0,PASS,PASS
D04806,003580F4,08C39C62,full_text,0,PASS,PASS
D04807,003580FC,08C39CB5,full_text,0,PASS,PASS
D04808,00358104,08C39D02,full_text,0,PASS,PASS
D04809,0035A86C,0884F8A1,full_text,0,PASS,PASS
D04810,0035A870,08C39D57,full_text,0,PASS,PASS
D04811,0035A874,08C7277B,full_text,0,PASS,PASS
D04812,0035A878,0884F7AA,full_text,0,PASS,PASS
D04813,0035A87C,08C39D98,full_text,0,PASS,PASS
D04814,0035A880,08C39E25,full_text,0,PASS,PASS
D04815,0035A884,08C39E9A,full_text,0,PASS,PASS
D04816,0035A888,08C39EE3,full_text,0,PASS,PASS
D04817,0035A88C,08C39F2E,full_text,0,PASS,PASS
D04818,0035A890,08C39F71,full_text,0,PASS,PASS
D04819,0035A894,0884F40B,full_text,0,PASS,PASS
D04820,0035A898,08C3A044,full_text,0,PASS,PASS
D04821,0035A89C,08C3A066,full_text,0,PASS,PASS
D04822,0035A8A0,08C3A08C,full_text,0,PASS,PASS
D04823,0035A8A4,08C3A0A5,full_text,0,PASS,PASS
D04824,0035A8A8,08C3A0BE,full_text,0,PASS,PASS
D04825,0035A8AC,0884F35F,full_text,0,PASS,PASS
D04826,0035A8B0,08C3A0E9,full_text,0,PASS,PASS
D04827,0035A8B4,08C3A114,full_text,0,PASS,PASS
D04828,0035A8B8,08C3A149,full_text,0,PASS,PASS
D04829,0035A8BC,08C3A16E,full_text,0,PASS,PASS
D04830,0035A8C0,08C3A19B,full_text,0,PASS,PASS
D04831,0035A8C4,0884F203,full_text,0,PASS,PASS
D04825,0035A8C8,0884F35F,full_text,0,PASS,PASS
D04832,0035A8CC,08C3A1C2,full_text,0,PASS,PASS
D04833,0035A8D0,0884F18B,full_text,0,PASS,PASS
D04834,0035A8D4,08C3A1FB,full_text,0,PASS,PASS
D04835,0035A8D8,08C3A22E,full_text,0,PASS,PASS
D04836,0035A8DC,08C3A255,full_text,0,PASS,PASS
D04837,0035A8E0,08C3A27E,full_text,0,PASS,PASS
D04838,0035A8E4,08C3A29D,full_text,0,PASS,PASS
D04839,0035A8E8,08C3A2B2,full_text,0,PASS,PASS
D04840,0035A8EC,0884F03A,full_text,0,PASS,PASS
D04841,0035A8F0,0884EFEB,full_text,0,PASS,PASS
D04842,0035A8F4,0884EF9E,full_text,0,PASS,PASS
D04843,0035A8F8,0884EF73,full_text,0,PASS,PASS
D04844,0035A8FC,08C3A2C5,full_text,0,PASS,PASS
D04845,0035A900,08C3A326,full_text,0,PASS,PASS
D04846,0035A904,08C3A36B,full_text,0,PASS,PASS
D04847,0035A908,08C3A3A2,full_text,0,PASS,PASS
D04848,0035A90C,08C3A3CD,full_text,0,PASS,PASS
D04849,0035A910,08C3A3F8,full_text,0,PASS,PASS
D04850,0035A914,08C3A469,full_text,0,PASS,PASS
D04851,0035A918,08C3A4A4,full_text,0,PASS,PASS
D04852,0035A91C,08C3A4D0,full_text,0,PASS,PASS
D04853,0035A920,08C3A4E9,full_text,0,PASS,PASS
D04854,0035A924,08C3A502,full_text,0,PASS,PASS
D04855,0035A928,08C3A53D,full_text,0,PASS,PASS
D04856,0035A92C,08C3A56C,full_text,0,PASS,PASS
D04857,0035A930,0884EC60,full_text,0,PASS,PASS
D04858,0035A934,0884EC23,full_text,0,PASS,PASS
D04859,0035A938,08C3A589,full_text,0,PASS,PASS
D04860,0035A93C,08C3A5BC,full_text,0,PASS,PASS
D04861,0035A940,0884EB8C,full_text,0,PASS,PASS
D04862,0035A944,08C3A603,full_text,0,PASS,PASS
D04863,0035A948,08C3A628,full_text,0,PASS,PASS
D04864,0035A94C,08C3A653,full_text,0,PASS,PASS
D04865,0035A950,0884EACC,full_text,0,PASS,PASS
D04866,0035A954,08C3A67E,full_text,0,PASS,PASS
D04867,0035A958,08C3A6B7,full_text,0,PASS,PASS
D04868,0035A95C,08C3A70E,full_text,0,PASS,PASS
D04869,0035A960,08C3A72B,full_text,0,PASS,PASS
D04870,0035A964,08C3A754,full_text,0,PASS,PASS
D04871,0035A968,08C3A781,full_text,0,PASS,PASS
D04872,0035A96C,08C3A7AA,full_text,0,PASS,PASS
D04873,0035A970,08C3A7DB,full_text,0,PASS,PASS
D04874,0035A974,08C3A814,full_text,0,PASS,PASS
D04875,0035A978,08C3A849,full_text,0,PASS,PASS
D04876,0035A97C,08C3A864,full_text,0,PASS,PASS
D04877,0035A980,08C3A8D3,full_text,0,PASS,PASS
D04878,0035A984,08C3A90E,full_text,0,PASS,PASS
D04879,0035A988,08C3A951,full_text,0,PASS,PASS
D04880,0035A98C,08C3A994,full_text,0,PASS,PASS
D04881,0035A994,08C3AA11,full_text,0,PASS,PASS
D04882,0035A998,08C3AA46,full_text,0,PASS,PASS
D04883,0035A99C,08C3AA76,full_text,0,PASS,PASS
D04884,0035A9A0,08C3AAB7,full_text,0,PASS,PASS
D04885,0035A9A4,08C3AAE8,full_text,0,PASS,PASS
D04886,0035A9A8,08C3AB1D,full_text,0,PASS,PASS
D04887,0035A9B0,08C3AB78,full_text,0,PASS,PASS
D04888,0035A9B4,08C3ABA9,full_text,0,PASS,PASS
D04889,0035A9B8,08C3ABDE,full_text,0,PASS,PASS
D04890,0035A9BC,08C3AC05,full_text,0,PASS,PASS
D04891,0035A9C0,08C3AC4C,full_text,0,PASS,PASS
D04892,0035A9C4,08C3AC73,full_text,0,PASS,PASS
D04893,0035A9C8,08C3ACBA,full_text,0,PASS,PASS
D04894,0035A9CC,08C3ACE3,full_text,0,PASS,PASS
D04895,0035A9D0,08C727D6,full_text,0,PASS,PASS
D04896,0035A9D4,08C3AD00,full_text,0,PASS,PASS
D04897,0035A9D8,08C3AD33,full_text,0,PASS,PASS
D04898,0035A9DC,08C3AD58,full_text,0,PASS,PASS
D04899,0035A9E4,08C3AD8F,full_text,0,PASS,PASS
D04900,0035A9E8,08C3ADC0,full_text,0,PASS,PASS
D04901,0035A9EC,0884E2BC,full_text,0,PASS,PASS
D04902,0035A9F0,08C3ADEF,full_text,0,PASS,PASS
D04903,0035A9F4,08C3AE2A,full_text,0,PASS,PASS
D04904,0035A9F8,08C3AE83,full_text,0,PASS,PASS
D04905,0035A9FC,08C3AEAC,full_text,0,PASS,PASS
D04906,0035AA00,08C3AF2F,full_text,0,PASS,PASS
D04907,0035AA04,0884E0F4,full_text,0,PASS,PASS
D04908,0035AA08,08C3AF7E,full_text,0,PASS,PASS
D04909,0035AA0C,08C3AFCD,full_text,0,PASS,PASS
D04910,0035AA14,08C3B034,full_text,0,PASS,PASS
D04911,0035AA18,08C3B06B,full_text,0,PASS,PASS
D04912,0035AA1C,08C3B0A4,full_text,0,PASS,PASS
D04913,0035AA20,08C3B0CA,full_text,0,PASS,PASS
D04914,0035AA24,08C3B107,full_text,0,PASS,PASS
D04915,0035AA28,08C3B148,full_text,0,PASS,PASS
D04916,0035AA30,08C3B1B3,full_text,0,PASS,PASS
D04917,0035AA34,08C3B1E0,full_text,0,PASS,PASS
D04918,0035AA38,08C3B217,full_text,0,PASS,PASS
D04919,0035AA3C,08C3B254,full_text,0,PASS,PASS
D04920,0035AA40,0884DDD1,full_text,0,PASS,PASS
D04921,0035AA44,08C3B29F,full_text,0,PASS,PASS
D04922,0035AA48,08C3B2D0,full_text,0,PASS,PASS
D04923,0035AA4C,08C3B301,full_text,0,PASS,PASS
D04924,0035AA50,08C3B32E,full_text,0,PASS,PASS
D04925,0035AA54,08C3B379,full_text,0,PASS,PASS
D04926,0035AA58,08C3B3A0,full_text,0,PASS,PASS
D04927,0035AA5C,08C3B3D3,full_text,0,PASS,PASS
D04928,0035AA64,08C3B406,full_text,0,PASS,PASS
D04929,0035AA68,08C3B431,full_text,0,PASS,PASS
D04930,0035AA6C,08C3B456,full_text,0,PASS,PASS
D04931,0035AA70,0884DBB2,full_text,0,PASS,PASS
D04932,0035AA74,08C3B485,full_text,0,PASS,PASS
D04933,0035AA78,08C3B4C6,full_text,0,PASS,PASS
D04934,0035AA7C,08C3B4E1,full_text,0,PASS,PASS
D04935,0035AA80,08C3B538,full_text,0,PASS,PASS
D04936,0035AA84,08C3B583,full_text,0,PASS,PASS
D04937,0035AA88,08C3B5D6,full_text,0,PASS,PASS
D04938,0035AA8C,08C3B615,full_text,0,PASS,PASS
D04939,0035AA90,08C3B676,full_text,0,PASS,PASS
D04940,0035AA94,0884D951,full_text,0,PASS,PASS
D04941,0035AA98,08C3B6DB,full_text,0,PASS,PASS
D04942,0035AA9C,08C3B714,full_text,0,PASS,PASS
D04943,0035AAA0,08C3B747,full_text,0,PASS,PASS
D04944,0035AAA4,08C3B770,full_text,0,PASS,PASS
D04945,0035AAA8,08C3B7C1,full_text,0,PASS,PASS
D04946,0035AAAC,08C3B7F8,full_text,0,PASS,PASS
D04947,0035AAB0,08C3B833,full_text,0,PASS,PASS
D04948,0035AAB4,0884D7B5,full_text,0,PASS,PASS
D04949,0035AAB8,08C3B85C,full_text,0,PASS,PASS
D04950,0035AABC,08C3B885,full_text,0,PASS,PASS
D04951,0035AAC0,08C3B8B8,full_text,0,PASS,PASS
D04952,0035AAC4,0884D6F3,full_text,0,PASS,PASS
D04953,0035AAC8,08C3B8E3,full_text,0,PASS,PASS
D04954,0035AACC,08C3B90A,full_text,0,PASS,PASS
D04955,0035AAD0,0884D67A,full_text,0,PASS,PASS
D04956,0035AAD4,08C3B92B,full_text,0,PASS,PASS
D04957,0035AAD8,08C3B960,full_text,0,PASS,PASS
D04958,0035AADC,08C3B999,full_text,0,PASS,PASS
D04959,0035AAE0,08C3B9BE,full_text,0,PASS,PASS
D04960,0035AAE4,08C3B9E5,full_text,0,PASS,PASS
D04961,0035AAE8,08C3BA0E,full_text,0,PASS,PASS
D04962,0035AAEC,08C3BA49,full_text,0,PASS,PASS
D04963,0035AAF0,08C3BA8A,full_text,0,PASS,PASS
D04964,0035AAF4,08C3BAB5,full_text,0,PASS,PASS
D04965,0035AAF8,08C3BAF6,full_text,0,PASS,PASS
D04966,0035AAFC,08C3BB0F,full_text,0,PASS,PASS
D04967,0035AB00,08C3BB4C,full_text,0,PASS,PASS
D04968,0035AB04,08C3BB8B,full_text,0,PASS,PASS
D04969,0035AB08,08C3BBAE,full_text,0,PASS,PASS
D04970,0035AB0C,08C3BBDD,full_text,0,PASS,PASS
D04971,0035AB10,08C3BC58,full_text,0,PASS,PASS
D04972,0035AB14,08C3BCB7,full_text,0,PASS,PASS
D04973,0035AB18,08C3BCE4,full_text,0,PASS,PASS
D04974,0035AB1C,08C3BD31,full_text,0,PASS,PASS
D04975,0035AB20,08C3BD8C,full_text,0,PASS,PASS
D04976,0035AB24,08C3BDD9,full_text,0,PASS,PASS
D04977,0035AB28,08C3BE26,full_text,0,PASS,PASS
D04978,0035AB2C,08C3BE85,full_text,0,PASS,PASS
D04979,0035AB30,08C3BE9C,full_text,0,PASS,PASS
D04980,0035AB34,08C3BED3,full_text,0,PASS,PASS
D04981,0035AB38,08C3BF0A,full_text,0,PASS,PASS
D04982,0035AB3C,08C3BF25,full_text,0,PASS,PASS
D04983,0035AB40,08C3BF56,full_text,0,PASS,PASS
D04984,0035AB44,08C3BF85,full_text,0,PASS,PASS
D04985,0035AB48,08C3BFAC,full_text,0,PASS,PASS
D04986,0035AB4C,08C3BFE5,full_text,0,PASS,PASS
D04987,0035AB50,08C3C02E,full_text,0,PASS,PASS
D04988,0035AB54,08C3C095,full_text,0,PASS,PASS
D04989,0035AB58,08C3C0C6,full_text,0,PASS,PASS
D04990,0035AB5C,08C3C10B,full_text,0,PASS,PASS
D04991,0035AB60,08C3C138,full_text,0,PASS,PASS
D04992,0035AB64,08C3C179,full_text,0,PASS,PASS
D04993,0035AB68,08C3C1C0,full_text,0,PASS,PASS
D04994,0035AB6C,08C3C1DB,full_text,0,PASS,PASS
D04995,0035AB70,0884CD1F,full_text,0,PASS,PASS
D04996,0035AB74,0884CCE6,full_text,0,PASS,PASS
D04997,0035AB78,08C3C216,full_text,0,PASS,PASS
D04998,0035AB7C,08C3C249,full_text,0,PASS,PASS
D04999,0035AB80,08C3C2BE,full_text,0,PASS,PASS
D05000,0035AB84,08C3C2F3,full_text,0,PASS,PASS
D05001,0035AB88,08C3C334,full_text,0,PASS,PASS
D05002,0035AB8C,08C3C395,full_text,0,PASS,PASS
D05003,0035AB94,08C3C3DE,full_text,0,PASS,PASS
D05004,0035AB98,08C3C3F5,full_text,0,PASS,PASS
D05005,0035AB9C,08C3C424,full_text,0,PASS,PASS
D05006,0035ABA0,08C3C455,full_text,0,PASS,PASS
D05007,0035ABA4,08C3C4A0,full_text,0,PASS,PASS
D05008,0035ABA8,08C3C4CF,full_text,0,PASS,PASS
D05009,0035ABB0,08C3C522,full_text,0,PASS,PASS
D05010,0035ABB4,08C3C577,full_text,0,PASS,PASS
D05011,0035ABB8,08C3C5A0,full_text,0,PASS,PASS
D05012,0035ABBC,08C3C5BD,full_text,0,PASS,PASS
D05013,0035ABC0,08C3C61C,full_text,0,PASS,PASS
D05014,0035ABC4,08C3C631,full_text,0,PASS,PASS
D05015,0035ABC8,08C3C680,full_text,0,PASS,PASS
D05016,0035ABCC,08C3C6A5,full_text,0,PASS,PASS
D05017,0035ABD0,08C3C6D4,full_text,0,PASS,PASS
D05018,0035ABD4,08C3C71D,full_text,0,PASS,PASS
D05019,0035ABD8,08C3C77A,full_text,0,PASS,PASS
D05020,0035ABDC,08C3C7A9,full_text,0,PASS,PASS
D05021,0035ABE4,08C3C7D0,full_text,0,PASS,PASS
D05022,0035ABE8,08C3C7E3,full_text,0,PASS,PASS
D05023,0035ABEC,08C3C7FC,full_text,0,PASS,PASS
D05024,0035ABF0,08C3C833,full_text,0,PASS,PASS
D05025,0035ABF4,08C3C868,full_text,0,PASS,PASS
D05026,0035ABF8,08C3C8B5,full_text,0,PASS,PASS
D05027,0035ABFC,08C3C8E4,full_text,0,PASS,PASS
D05028,0035AC00,08C3C93F,full_text,0,PASS,PASS
D05029,0035AC04,08C3C988,full_text,0,PASS,PASS
D05030,0035AC08,08C3C9FD,full_text,0,PASS,PASS
D05031,0035AC0C,08C3CA44,full_text,0,PASS,PASS
D05032,0035AC14,08C3CAB1,full_text,0,PASS,PASS
D05033,0035AC18,08C3CAD8,full_text,0,PASS,PASS
D05034,0035AC1C,08C3CB1B,full_text,0,PASS,PASS
D04975,0035AC20,08C3BD8C,full_text,0,PASS,PASS
D05035,0035AC24,08C3CB50,full_text,0,PASS,PASS
D05036,0035AC28,08C3CB97,full_text,0,PASS,PASS
D05037,0035AC30,08C3CC02,full_text,0,PASS,PASS
D05038,0035AC34,08C3CC43,full_text,0,PASS,PASS
D05039,0035AC38,08C3CC7C,full_text,0,PASS,PASS
D05040,0035AC3C,08C3CCCF,full_text,0,PASS,PASS
D05041,0035AC40,08C3CCF0,full_text,0,PASS,PASS
D05042,0035AC44,08C3CD19,full_text,0,PASS,PASS
D05043,0035AC48,08C3CD6C,full_text,0,PASS,PASS
D05044,0035AC4C,08C3CDA9,full_text,0,PASS,PASS
D05045,0035AC50,08C3CDF2,full_text,0,PASS,PASS
D05046,0035AC54,08C3CE39,full_text,0,PASS,PASS
D05047,0035AC58,08C3CE90,full_text,0,PASS,PASS
D05048,0035AC5C,08C3CED1,full_text,0,PASS,PASS
D05049,0035AC64,08C3CF0E,full_text,0,PASS,PASS
D05050,0035AC68,08C3CF3B,full_text,0,PASS,PASS
D05051,0035AC6C,08C3CF8A,full_text,0,PASS,PASS
D05052,0035AC70,08C3CFB9,full_text,0,PASS,PASS
D05053,0035AC74,08C3CFEA,full_text,0,PASS,PASS
D05054,0035AC78,08C3D025,full_text,0,PASS,PASS
D05055,0035AC7C,08C3D054,full_text,0,PASS,PASS
D05056,0035AC80,08C3D0D7,full_text,0,PASS,PASS
D05057,0035AC84,08C3D146,full_text,0,PASS,PASS
D05058,0035AC88,08C3D185,full_text,0,PASS,PASS
D05059,0035AC8C,08C3D1C6,full_text,0,PASS,PASS
D05060,0035AC90,08C3D239,full_text,0,PASS,PASS
D05061,0035AC94,08C3D28E,full_text,0,PASS,PASS
D05062,0035AC98,08C3D2AD,full_text,0,PASS,PASS
D05063,0035AC9C,08C3D2D6,full_text,0,PASS,PASS
D05064,0035ACA0,08C3D303,full_text,0,PASS,PASS
D05065,0035ACA4,08C3D326,full_text,0,PASS,PASS
D05066,0035ACA8,08C3D351,full_text,0,PASS,PASS
D05067,0035ACAC,08C3D396,full_text,0,PASS,PASS
D05068,0035ACB0,08C3D3C3,full_text,0,PASS,PASS
D05069,0035ACB4,08C3D3D8,full_text,0,PASS,PASS
D05070,0035ACB8,08C3D3ED,full_text,0,PASS,PASS
D05071,0035ACBC,08C3D404,full_text,0,PASS,PASS
D05072,0035ACC0,08C3D433,full_text,0,PASS,PASS
D05073,0035ACC4,08C3D460,full_text,0,PASS,PASS
D05074,0035ACC8,08C3D481,full_text,0,PASS,PASS
D05075,0035ACCC,08C3D4B0,full_text,0,PASS,PASS
D05076,0035ACD0,08C3D4D5,full_text,0,PASS,PASS
D05077,0035ACD4,08C3D508,full_text,0,PASS,PASS
D05078,0035ACD8,08C3D537,full_text,0,PASS,PASS
D05079,0035ACDC,08C3D558,full_text,0,PASS,PASS
D05080,0035ACE0,08C3D585,full_text,0,PASS,PASS
D05081,0035ACE4,08C3D5CE,full_text,0,PASS,PASS
D05082,0035ACE8,0884B881,full_text,0,PASS,PASS
D05083,0035ACEC,08C3D607,full_text,0,PASS,PASS
D05084,0035ACF0,08C3D622,full_text,0,PASS,PASS
D05085,0035ACF4,08C3D645,full_text,0,PASS,PASS
D05086,0035ACF8,08C3D678,full_text,0,PASS,PASS
D05087,0035ACFC,08C3D69F,full_text,0,PASS,PASS
D05088,0035AD00,08C3D6D4,full_text,0,PASS,PASS
D05089,0035AD04,08C3D73B,full_text,0,PASS,PASS
D05090,0035AD08,08C3D760,full_text,0,PASS,PASS
D05091,0035AD0C,08C3D7B5,full_text,0,PASS,PASS
D05092,0035AD10,08C3D812,full_text,0,PASS,PASS
D05093,0035AD14,08C3D849,full_text,0,PASS,PASS
D05094,0035AD18,08C3D858,full_text,0,PASS,PASS
D05095,0035AD1C,08C3D871,full_text,0,PASS,PASS
D05096,0035AD20,08C3D8A4,full_text,0,PASS,PASS
D05097,0035AD24,08C3D8E9,full_text,0,PASS,PASS
D05098,0035AD28,08C3D912,full_text,0,PASS,PASS
D05099,0035AD2C,08C3D935,full_text,0,PASS,PASS
D05100,0035AD30,08C3D94C,full_text,0,PASS,PASS
D05101,0035AD34,08C3D96B,full_text,0,PASS,PASS
D05102,0035AD38,08C3D9A4,full_text,0,PASS,PASS
D05103,0035AD3C,08C3D9C9,full_text,0,PASS,PASS
D05104,0035AD40,08C3D9F0,full_text,0,PASS,PASS
D05105,0035AD44,08C3DA1B,full_text,0,PASS,PASS
D05106,0035AD48,08C3DA4A,full_text,0,PASS,PASS
D05107,0035AD4C,08C3DA87,full_text,0,PASS,PASS
D05108,0035AD50,08C3DADC,full_text,0,PASS,PASS
D05109,0035AD54,08C3DB0F,full_text,0,PASS,PASS
D05110,0035AD58,08C3DB3C,full_text,0,PASS,PASS
D05111,0035AD5C,08C3DB6B,full_text,0,PASS,PASS
D05112,0035AD60,08C3DBAC,full_text,0,PASS,PASS
D05113,0035AD64,08C3DBDD,full_text,0,PASS,PASS
D05114,0035AD68,08C3DBFC,full_text,0,PASS,PASS
D05115,0035AD6C,08C3DC11,full_text,0,PASS,PASS
D05116,0035AD70,08C3DC4A,full_text,0,PASS,PASS
D05117,0035AD74,08C3DC85,full_text,0,PASS,PASS
D05118,0035AD78,08C3DCE0,full_text,0,PASS,PASS
D05119,0035AD7C,08C3DD0B,full_text,0,PASS,PASS
D05120,0035AD80,08C72813,full_text,0,PASS,PASS
D05121,0035AD84,08C3DDD3,full_text,0,PASS,PASS
D05122,0035AD88,08C3DE42,full_text,0,PASS,PASS
D05123,0035AD8C,08C3DE7D,full_text,0,PASS,PASS
D05124,0035AD90,08C3DEDE,full_text,0,PASS,PASS
D05125,0035AD94,08C3DFCD,full_text,0,PASS,PASS
D05126,0035AD98,08C3DFE6,full_text,0,PASS,PASS
D05127,0035AD9C,08C3E037,full_text,0,PASS,PASS
D05128,0035ADA0,08C3E070,full_text,0,PASS,PASS
D05129,0035ADA4,08C3E0C7,full_text,0,PASS,PASS
D05130,0035ADA8,08C3E0EE,full_text,0,PASS,PASS
D05131,0035ADAC,08C3E11B,full_text,0,PASS,PASS
D05132,0035ADB0,08C3E13C,full_text,0,PASS,PASS
D05133,0035ADB4,08C3E163,full_text,0,PASS,PASS
D05134,0035ADB8,08C3E184,full_text,0,PASS,PASS
D05135,0035ADBC,08C3E1A7,full_text,0,PASS,PASS
D05136,0035ADC0,08C3E1F4,full_text,0,PASS,PASS
D05137,0035ADC4,08C3E20D,full_text,0,PASS,PASS
D05138,0035ADC8,08C3E244,full_text,0,PASS,PASS
D05139,0035ADCC,08C3E26B,full_text,0,PASS,PASS
D05140,0035ADD0,08C3E2C0,full_text,0,PASS,PASS
D05141,0035ADD4,08C3E303,full_text,0,PASS,PASS
D05142,0035ADD8,08C3E34A,full_text,0,PASS,PASS
D05143,0035ADDC,08C3E371,full_text,0,PASS,PASS
D05144,0035ADE0,08C3E39A,full_text,0,PASS,PASS
D05145,0035ADE4,08C3E3ED,full_text,0,PASS,PASS
D05146,0035ADE8,08C3E40A,full_text,0,PASS,PASS
D05147,0035ADEC,08C3E44D,full_text,0,PASS,PASS
D05148,0035ADF0,08C3E4BA,full_text,0,PASS,PASS
D05149,0035ADF4,08C3E505,full_text,0,PASS,PASS
D05150,0035ADF8,08C3E548,full_text,0,PASS,PASS
D05151,0035ADFC,08C3E589,full_text,0,PASS,PASS
D05152,0035AE00,08C3E5DA,full_text,0,PASS,PASS
D05153,0035AE04,08C3E62D,full_text,0,PASS,PASS
D05154,0035AE08,08C3E694,full_text,0,PASS,PASS
D05155,0035AE0C,08C3E70D,full_text,0,PASS,PASS
D05156,0035AE14,08C3E778,full_text,0,PASS,PASS
D05157,0035AE18,08C3E7A5,full_text,0,PASS,PASS
D05158,0035AE1C,08C3E7D8,full_text,0,PASS,PASS
D05159,0035AE20,08C3E827,full_text,0,PASS,PASS
D05160,0035AE24,08C3E856,full_text,0,PASS,PASS
D05161,0035AE28,08C3E877,full_text,0,PASS,PASS
D05162,0035AE30,08C3E8BA,full_text,0,PASS,PASS
D05163,0035AE34,08C3E901,full_text,0,PASS,PASS
D05164,0035AE38,08C3E92A,full_text,0,PASS,PASS
D05165,0035AE3C,08C3E94B,full_text,0,PASS,PASS
D05166,0035AE40,0884A4A6,full_text,0,PASS,PASS
D05167,0035AE44,08C3E96E,full_text,0,PASS,PASS
D05168,0035AE48,0884A43A,full_text,0,PASS,PASS
D05169,0035AE4C,08C3E9BF,full_text,0,PASS,PASS
D05170,0035AE50,08C3EA0C,full_text,0,PASS,PASS
D05171,0035AE54,08C3EA47,full_text,0,PASS,PASS
D05172,0035AE58,08C3EA8E,full_text,0,PASS,PASS
D05173,0035AE5C,08C3EABF,full_text,0,PASS,PASS
D05174,0035AE64,08C3EAF4,full_text,0,PASS,PASS
D05175,0035AE68,08C3EB25,full_text,0,PASS,PASS
D05176,0035AE6C,08C3EB6A,full_text,0,PASS,PASS
D05177,0035AE70,08C3EBC1,full_text,0,PASS,PASS
D05178,0035AE74,08C3EC30,full_text,0,PASS,PASS
D05179,0035AE78,08C3EC6D,full_text,0,PASS,PASS
D05180,0035AE84,08C3EC90,full_text,0,PASS,PASS
D05181,0035AE88,08C3ED1F,full_text,0,PASS,PASS
D05182,0035AE8C,08C3ED64,full_text,0,PASS,PASS
D05183,0035AE94,08C3EDAB,full_text,0,PASS,PASS
D05184,0035AEA0,08849FCA,full_text,0,PASS,PASS
D05185,0035AEA4,08C3EDDC,full_text,0,PASS,PASS
D05186,0035AEA8,08C3EE2B,full_text,0,PASS,PASS
D05187,0035AEB0,08C3EE52,full_text,0,PASS,PASS
D05188,0035AEB4,08C3EEAB,full_text,0,PASS,PASS
D05189,0035AEB8,08C3EEE0,full_text,0,PASS,PASS
D05190,0035AEBC,08C3EF1B,full_text,0,PASS,PASS
D05191,0035AEC0,08C3EF50,full_text,0,PASS,PASS
D05192,0035AEC4,08C3EF71,full_text,0,PASS,PASS
D05193,0035AEC8,08C3EFBA,full_text,0,PASS,PASS
D05194,0035AED4,08C3F009,full_text,0,PASS,PASS
D05195,0035AED8,08C3F036,full_text,0,PASS,PASS
D05196,0035AEDC,08C3F063,full_text,0,PASS,PASS
D05197,0035AEE4,08C3F080,full_text,0,PASS,PASS
D05198,0035AEE8,08C3F0BB,full_text,0,PASS,PASS
D05199,0035AEEC,08849C69,full_text,0,PASS,PASS
D05200,0035AEF0,08C3F0E4,full_text,0,PASS,PASS
D05201,0035AEF4,08C3F13D,full_text,0,PASS,PASS
D05202,0035AEF8,08849B94,full_text,0,PASS,PASS
D05203,0035AF08,08849B35,full_text,0,PASS,PASS
D05204,0035AF0C,08C3F190,full_text,0,PASS,PASS
D05205,0035AF14,08849ABF,full_text,0,PASS,PASS
D05206,0035AF24,08C3F1E5,full_text,0,PASS,PASS
D05207,0035AF28,08C3F20C,full_text,0,PASS,PASS
D05208,0035AF30,08C3F23D,full_text,0,PASS,PASS
D05209,0035AF34,08849A01,full_text,0,PASS,PASS
D05210,0035AF38,08C3F272,full_text,0,PASS,PASS
D05211,0035AF3C,08C3F2BB,full_text,0,PASS,PASS
D05212,0035AF40,08849972,full_text,0,PASS,PASS
D05213,0035AF44,08C3F2E2,full_text,0,PASS,PASS
D05214,0035AF48,08C3F321,full_text,0,PASS,PASS
D05215,0035AF58,08C3F346,full_text,0,PASS,PASS
D05216,0035AF5C,08849898,full_text,0,PASS,PASS
D05217,0035AF64,08C3F389,full_text,0,PASS,PASS
D05218,0035AF68,08C3F3C6,full_text,0,PASS,PASS
D05219,0035AF6C,08C3F3F1,full_text,0,PASS,PASS
D05220,0035AF70,08C3F42C,full_text,0,PASS,PASS
D05221,0035AF74,08C3F47D,full_text,0,PASS,PASS
D05222,0035AF78,08849754,full_text,0,PASS,PASS
D05223,0035AF7C,08C3F4AC,full_text,0,PASS,PASS
D05224,0035AF80,08C3F505,full_text,0,PASS,PASS
D05225,0035AF84,08C3F580,full_text,0,PASS,PASS
D05226,0035AF88,08C3F663,full_text,0,PASS,PASS
D05227,0035AF90,08C3F6A8,full_text,0,PASS,PASS
D05228,0035AF94,0884948E,full_text,0,PASS,PASS
D05229,0035AF98,08C3F749,full_text,0,PASS,PASS
D05230,0035AF9C,08C3F76A,full_text,0,PASS,PASS
D05231,0035AFA0,08C3F7E3,full_text,0,PASS,PASS
D05232,0035AFA4,08C3F7FC,full_text,0,PASS,PASS
D05233,0035AFAC,08C3F861,full_text,0,PASS,PASS
D05234,0035AFB0,08C3F8B0,full_text,0,PASS,PASS
D05235,0035AFB4,08C3F8E1,full_text,0,PASS,PASS
D05236,0035AFB8,08C3F910,full_text,0,PASS,PASS
D05237,0035AFBC,08849233,full_text,0,PASS,PASS
D05238,0035AFC0,08C3F93F,full_text,0,PASS,PASS
D05239,0035AFC4,08C3F970,full_text,0,PASS,PASS
D05240,0035AFC8,08C3F9B5,full_text,0,PASS,PASS
D05241,0035AFCC,08C3F9EE,full_text,0,PASS,PASS
D05242,0035AFD0,08C3FA0B,full_text,0,PASS,PASS
D05243,0035AFD4,08C3FA2A,full_text,0,PASS,PASS
D05244,0035AFD8,088490C3,full_text,0,PASS,PASS
D05245,0035AFE0,08C72884,full_text,0,PASS,PASS
D05246,0035AFE4,08C3FAA0,full_text,0,PASS,PASS
D05247,0035AFE8,08C3FADB,full_text,0,PASS,PASS
D05248,0035AFEC,08C3FB0C,full_text,0,PASS,PASS
D05249,0035AFF0,08C3FB5F,full_text,0,PASS,PASS
D05250,0035AFF4,08C3FB88,full_text,0,PASS,PASS
D05251,0035AFF8,08848F05,full_text,0,PASS,PASS
D05252,0035AFFC,08C3FBC1,full_text,0,PASS,PASS
D05253,0035B000,08C3FC38,full_text,0,PASS,PASS
D05254,0035B004,08C3FC8D,full_text,0,PASS,PASS
D05255,0035B010,08C3FCCA,full_text,0,PASS,PASS
D05256,0035B014,08C3FCF1,full_text,0,PASS,PASS
D05257,0035B018,08C3FD16,full_text,0,PASS,PASS
D05258,0035B01C,08C3FD55,full_text,0,PASS,PASS
D05259,0035B020,08C3FD9A,full_text,0,PASS,PASS
D05260,0035B02C,08C3FDDD,full_text,0,PASS,PASS
D05261,0035B030,08C3FDF6,full_text,0,PASS,PASS
D05262,0035B034,08848C26,full_text,0,PASS,PASS
D05263,0035B038,08C3FE35,full_text,0,PASS,PASS
D05264,0035B03C,08C3FE4E,full_text,0,PASS,PASS
D05265,0035B040,08C3FE81,full_text,0,PASS,PASS
D05266,0035B044,08C3FE94,full_text,0,PASS,PASS
D05267,0035B048,08C3FECB,full_text,0,PASS,PASS
D05268,0035B04C,08C3FEF2,full_text,0,PASS,PASS
D05269,0035B050,08C3FF13,full_text,0,PASS,PASS
D05270,0035B054,08C3FF4A,full_text,0,PASS,PASS
D05271,0035B060,08848A89,full_text,0,PASS,PASS
D05272,0035B064,08C3FF7F,full_text,0,PASS,PASS
D05273,0035B068,08848A3F,full_text,0,PASS,PASS
D05274,0035B06C,08C3FFAE,full_text,0,PASS,PASS
D05275,0035B070,08C3FFDF,full_text,0,PASS,PASS
D05276,0035B074,08848998,full_text,0,PASS,PASS
D05277,0035B078,08848975,full_text,0,PASS,PASS
D05278,0035B07C,08C4000A,full_text,0,PASS,PASS
D05279,0035B080,08C40073,full_text,0,PASS,PASS
D05280,0035B084,08C400C4,full_text,0,PASS,PASS
D05281,0035B088,08C40105,full_text,0,PASS,PASS
D05282,0035B08C,08848800,full_text,0,PASS,PASS
D05283,0035B094,08C4013E,full_text,0,PASS,PASS
D05284,0035B098,08C40165,full_text,0,PASS,PASS
D05285,0035B09C,08C401A6,full_text,0,PASS,PASS
D05286,0035B0A0,08C401D9,full_text,0,PASS,PASS
D05287,0035B0A4,08C401F2,full_text,0,PASS,PASS
D05288,0035B0A8,088486EE,full_text,0,PASS,PASS
D05289,0035B0B0,08C40231,full_text,0,PASS,PASS
D05290,0035B0B4,08C4025C,full_text,0,PASS,PASS
D05291,0035B0B8,08C40289,full_text,0,PASS,PASS
D05292,0035B0BC,08848646,full_text,0,PASS,PASS
D05293,0035B0C0,0884862B,full_text,0,PASS,PASS
D05294,0035B0C4,08C402B0,full_text,0,PASS,PASS
D05295,0035B0C8,08C402F9,full_text,0,PASS,PASS
D05296,0035B0CC,08C40312,full_text,0,PASS,PASS
D05297,0035B0D0,08C40335,full_text,0,PASS,PASS
D05298,0035B0D4,08C4035C,full_text,0,PASS,PASS
D05299,0035B0D8,08C728CB,full_text,0,PASS,PASS
D05300,0035B0DC,08C403B4,full_text,0,PASS,PASS
D05301,0035B0E4,088484A9,full_text,0,PASS,PASS
D05302,0035B0E8,08C403F1,full_text,0,PASS,PASS
D05303,0035B0EC,08C4044E,full_text,0,PASS,PASS
D05304,0035B0F0,08C40485,full_text,0,PASS,PASS
D05305,0035B0F4,08C404C8,full_text,0,PASS,PASS
D05306,0035B0F8,08C4051D,full_text,0,PASS,PASS
D05307,0035B104,08C40546,full_text,0,PASS,PASS
D05308,0035B108,08C40599,full_text,0,PASS,PASS
D05309,0035B10C,08C405E6,full_text,0,PASS,PASS
D05310,0035B110,08C40635,full_text,0,PASS,PASS
D05311,0035B114,0884817B,full_text,0,PASS,PASS
D05312,0035B120,08C406A4,full_text,0,PASS,PASS
D05313,0035B124,08C406DD,full_text,0,PASS,PASS
D05314,0035B128,08C4072A,full_text,0,PASS,PASS
D05315,0035B12C,08C40773,full_text,0,PASS,PASS
D05316,0035B130,08C407A4,full_text,0,PASS,PASS
D05317,0035B134,08C407D5,full_text,0,PASS,PASS
D05318,0035B138,08C407FE,full_text,0,PASS,PASS
D05319,0035B13C,08C4082B,full_text,0,PASS,PASS
D05320,0035B140,08847F90,full_text,0,PASS,PASS
D05321,0035B144,08C40870,full_text,0,PASS,PASS
D05322,0035B148,08C408CB,full_text,0,PASS,PASS
D05323,0035B154,08C4090C,full_text,0,PASS,PASS
D05324,0035B158,08C40937,full_text,0,PASS,PASS
D05325,0035B15C,08C40976,full_text,0,PASS,PASS
D05326,0035B160,08C409A9,full_text,0,PASS,PASS
D05327,0035B164,08C409C4,full_text,0,PASS,PASS
D05328,0035B168,08C40A09,full_text,0,PASS,PASS
D05329,0035B16C,08C40A44,full_text,0,PASS,PASS
D05330,0035B170,08C40A8B,full_text,0,PASS,PASS
D05331,0035B174,08C40AD0,full_text,0,PASS,PASS
D05332,0035B178,08C40B33,full_text,0,PASS,PASS
D05333,0035B17C,08C40B72,full_text,0,PASS,PASS
D05334,0035B180,08C40BC7,full_text,0,PASS,PASS
D05335,0035B188,08C40C2E,full_text,0,PASS,PASS
D05336,0035B18C,08C40C6F,full_text,0,PASS,PASS
D05337,0035B194,08C40CF8,full_text,0,PASS,PASS
D05338,0035B198,08C40D31,full_text,0,PASS,PASS
D05339,0035B19C,08C40DA2,full_text,0,PASS,PASS
D05340,0035B1A4,08C40DED,full_text,0,PASS,PASS
D05341,0035B1A8,08C40E26,full_text,0,PASS,PASS
D05342,0035B1B0,08C40EAF,full_text,0,PASS,PASS
D05343,0035B1B4,08C40EFC,full_text,0,PASS,PASS
D05344,0035B1B8,08C40F39,full_text,0,PASS,PASS
D05345,0035B1BC,08C40F70,full_text,0,PASS,PASS
D05346,0035B1C0,08C40FC7,full_text,0,PASS,PASS
D05347,0035B1C4,08C40FF0,full_text,0,PASS,PASS
D05348,0035B1C8,08C41027,full_text,0,PASS,PASS
D05349,0035B1CC,08C41058,full_text,0,PASS,PASS
D05350,0035B1D0,08C4108B,full_text,0,PASS,PASS
D05351,0035B1D8,08C410D4,full_text,0,PASS,PASS
D05352,0035B1DC,08C410F5,full_text,0,PASS,PASS
D05353,0035B1E4,08C41132,full_text,0,PASS,PASS
D05354,0035B1E8,08C41173,full_text,0,PASS,PASS
D05355,003638D4,08C411C2,full_text,0,PASS,PASS
D05356,003638D8,08C41269,full_text,0,PASS,PASS
D05357,003638DC,08C41332,full_text,0,PASS,PASS
D05358,003638E0,08C4135F,full_text,0,PASS,PASS
D05359,003638E4,08C413EE,full_text,0,PASS,PASS
D05357,003638E8,08C41332,full_text,0,PASS,PASS
D05360,003638EC,08C41453,full_text,0,PASS,PASS
D05361,003638F0,08C414B6,full_text,0,PASS,PASS
D05362,003638F4,08C414F3,full_text,0,PASS,PASS
D05357,003638F8,08C41332,full_text,0,PASS,PASS
D05363,003638FC,08C41584,full_text,0,PASS,PASS
D05364,00363900,08C415E3,full_text,0,PASS,PASS
D05365,00363F0C,08C41652,full_text,0,PASS,PASS
D05366,00363F10,08C41679,full_text,0,PASS,PASS
D05367,00363F14,08C41698,full_text,0,PASS,PASS
D05368,00363F18,08C416BB,full_text,0,PASS,PASS
D05369,00363F1C,08C416DA,full_text,0,PASS,PASS
D05370,00363F20,08C41709,full_text,0,PASS,PASS
D05371,00363F24,08C41724,full_text,0,PASS,PASS
D05372,00363F28,08850B34,full_text,0,PASS,PASS
D05373,00363F2C,08850B11,full_text,0,PASS,PASS
D05374,00363F30,08C41749,full_text,0,PASS,PASS
D05375,00363F34,08C4175C,full_text,0,PASS,PASS
D05376,00363F38,08C4176F,full_text,0,PASS,PASS
D05377,00363F3C,08850A99,full_text,0,PASS,PASS
D05378,00363F40,08C4178C,full_text,0,PASS,PASS
D05379,00363F44,08C417AF,full_text,0,PASS,PASS
D05380,00363F48,08850A3C,full_text,0,PASS,PASS
D05381,00363F58,08C417C0,full_text,0,PASS,PASS
D05382,00363F5C,08C417F1,full_text,0,PASS,PASS
D05383,00363F60,08C41828,full_text,0,PASS,PASS
D05384,00363F64,08C41867,full_text,0,PASS,PASS
D05385,00363F68,08C41892,full_text,0,PASS,PASS
D05386,00363F6C,08C418B3,full_text,0,PASS,PASS
D05387,00363F70,08C418D8,full_text,0,PASS,PASS
D05388,00363F74,08C418F9,full_text,0,PASS,PASS
D05389,00363F78,08C4191E,full_text,0,PASS,PASS
D05390,00363F7C,08C4194B,full_text,0,PASS,PASS
D05391,00363F80,08C4196E,full_text,0,PASS,PASS
D05392,00363F84,08C419AD,full_text,0,PASS,PASS
D05393,00363F88,08C419D4,full_text,0,PASS,PASS
D05394,00363F8C,08C41A05,full_text,0,PASS,PASS
D05395,00363F9C,08C41A22,full_text,0,PASS,PASS
D05396,00363FA0,08C41A3B,full_text,0,PASS,PASS
D05397,00363FA4,08C41A66,full_text,0,PASS,PASS
D05398,00363FA8,08C41A87,full_text,0,PASS,PASS
D05399,00363FAC,08C41AC0,full_text,0,PASS,PASS
D05400,00363FB0,08C41AEF,full_text,0,PASS,PASS
D05401,00363FB4,08C41B0E,full_text,0,PASS,PASS
D05402,00363FB8,08C41B31,full_text,0,PASS,PASS
D05403,00363FBC,08C41B50,full_text,0,PASS,PASS
D05404,00363FC0,08C41B7F,full_text,0,PASS,PASS
D05405,00363FC4,08C41B9C,full_text,0,PASS,PASS
D05406,00363FC8,08C41BC1,full_text,0,PASS,PASS
D05407,00363FCC,08C41BEA,full_text,0,PASS,PASS
D05408,00363FD0,08C41C07,full_text,0,PASS,PASS
D05409,00363FD4,08C41C24,full_text,0,PASS,PASS
D05410,00363FD8,08C41C37,full_text,0,PASS,PASS
D05411,00363FDC,0885057D,full_text,0,PASS,PASS
D05412,00363FE0,0885055C,full_text,0,PASS,PASS
D05413,00363FE4,08C41C50,full_text,0,PASS,PASS
D05414,00363FE8,08850522,full_text,0,PASS,PASS
D05415,00363FF8,08C41C63,full_text,0,PASS,PASS
D05416,00363FFC,08C41C96,full_text,0,PASS,PASS
D05417,00364000,08C41CC7,full_text,0,PASS,PASS
D05418,00364004,08C41D04,full_text,0,PASS,PASS
D05419,00364008,08C41D2B,full_text,0,PASS,PASS
D05420,0036400C,08C41D4A,full_text,0,PASS,PASS
D05421,00364010,08C41D71,full_text,0,PASS,PASS
D05422,00364014,08C41D92,full_text,0,PASS,PASS
D05423,00364018,08C41DB1,full_text,0,PASS,PASS
D05424,0036401C,08C41DDE,full_text,0,PASS,PASS
D05425,00364020,08C41E01,full_text,0,PASS,PASS
D05426,00364024,08C41E40,full_text,0,PASS,PASS
D05427,00364028,08C41E67,full_text,0,PASS,PASS
D05428,0036402C,08C41E96,full_text,0,PASS,PASS
D05429,0036403C,08C41EB3,full_text,0,PASS,PASS
D05430,00364040,08C41ECC,full_text,0,PASS,PASS
D05431,00364044,08C41EF7,full_text,0,PASS,PASS
D08037,00364048,08C64E01,full_text,0,PASS,PASS
D05432,00364A84,08C41F18,full_text,0,PASS,PASS
D05433,00364A88,08C41F4B,full_text,0,PASS,PASS
D05434,00364A8C,08C41FA0,full_text,0,PASS,PASS
D05435,00364A90,08C41FBD,full_text,0,PASS,PASS
D05436,00364A94,08C42000,full_text,0,PASS,PASS
D05437,00364A98,08C4205F,full_text,0,PASS,PASS
D05438,00364A9C,08C42092,full_text,0,PASS,PASS
D05439,00364AA0,08C420D9,full_text,0,PASS,PASS
D05440,00364AA4,08C42130,full_text,0,PASS,PASS
D05441,00364AA8,08C4216F,full_text,0,PASS,PASS
D05442,00364AAC,08C421A8,full_text,0,PASS,PASS
D05443,00364AB0,08C42205,full_text,0,PASS,PASS
D05444,00364AB4,08C4224A,full_text,0,PASS,PASS
D05445,00364AB8,08C42283,full_text,0,PASS,PASS
D05446,00364ABC,08C422C2,full_text,0,PASS,PASS
D05447,00364AC0,08C422FF,full_text,0,PASS,PASS
D05448,00364AC4,08C42328,full_text,0,PASS,PASS
D05449,00364AC8,08C42369,full_text,0,PASS,PASS
D05450,00364ACC,08C423BE,full_text,0,PASS,PASS
D05451,00364AD0,08C42407,full_text,0,PASS,PASS
D05452,00364AD4,08C42468,full_text,0,PASS,PASS
D05453,00364AD8,08C42495,full_text,0,PASS,PASS
D05454,00364ADC,08C424D6,full_text,0,PASS,PASS
D05455,00364AE0,08C42525,full_text,0,PASS,PASS
D05456,00364AE4,08C42562,full_text,0,PASS,PASS
D05457,00364AE8,08C425A3,full_text,0,PASS,PASS
D05458,00364AEC,08C425F4,full_text,0,PASS,PASS
D05459,00364AF0,08C42623,full_text,0,PASS,PASS
D05460,00364AF4,08C42660,full_text,0,PASS,PASS
D05461,00364AF8,08C426B5,full_text,0,PASS,PASS
D05462,00364AFC,08C426EA,full_text,0,PASS,PASS
D05463,00364B00,08C42737,full_text,0,PASS,PASS
D05464,00364B04,08C42794,full_text,0,PASS,PASS
D05465,00364B08,08C427C5,full_text,0,PASS,PASS
D05466,00364B0C,08C427FE,full_text,0,PASS,PASS
D05467,00364B10,08C42855,full_text,0,PASS,PASS
D05468,00364B14,08C4288E,full_text,0,PASS,PASS
D05469,00364B18,08C428BF,full_text,0,PASS,PASS
D05470,00364B1C,08C428E2,full_text,0,PASS,PASS
D05471,00364B20,08C42937,full_text,0,PASS,PASS
D05472,00364B24,08C42968,full_text,0,PASS,PASS
D05473,00364B28,08C429D7,full_text,0,PASS,PASS
D05474,00364B2C,08C42A0E,full_text,0,PASS,PASS
D05475,00364B30,08C42A33,full_text,0,PASS,PASS
D05476,00364B34,08C42A88,full_text,0,PASS,PASS
D05477,00364B38,08C42AC9,full_text,0,PASS,PASS
D05478,00364B3C,08C42B0C,full_text,0,PASS,PASS
D05479,00364B40,08C42B61,full_text,0,PASS,PASS
D05480,00364B44,08C42B9C,full_text,0,PASS,PASS
D05481,00364B48,08C42BE7,full_text,0,PASS,PASS
D05482,00364B4C,08C42C48,full_text,0,PASS,PASS
D05483,00364B50,08C42C8D,full_text,0,PASS,PASS
D05484,00364B54,08C42CE0,full_text,0,PASS,PASS
D05485,00364B58,08C42D33,full_text,0,PASS,PASS
D05486,00364B5C,08C42DB4,full_text,0,PASS,PASS
D05487,00364B60,08C42DDD,full_text,0,PASS,PASS
D05488,00364B64,08C42E26,full_text,0,PASS,PASS
D05489,00364B68,08C42E57,full_text,0,PASS,PASS
D05490,00364B6C,08C42E9A,full_text,0,PASS,PASS
D05491,00364B70,08C42EDF,full_text,0,PASS,PASS
D05492,00364B74,08C42F1E,full_text,0,PASS,PASS
D05493,00364B78,08C42F73,full_text,0,PASS,PASS
D05494,00364B7C,08C42FC4,full_text,0,PASS,PASS
D05495,00364B80,08C42FF7,full_text,0,PASS,PASS
D05496,00364B84,08C4304C,full_text,0,PASS,PASS
D05497,00364B88,08C43081,full_text,0,PASS,PASS
D05498,00364B8C,08C430CC,full_text,0,PASS,PASS
D05499,00364B90,08C4310D,full_text,0,PASS,PASS
D05500,00364B94,08C43158,full_text,0,PASS,PASS
D05501,00364B98,08C43199,full_text,0,PASS,PASS
D05502,00364B9C,08C431DA,full_text,0,PASS,PASS
D05503,00364BA0,08C43239,full_text,0,PASS,PASS
D05504,00364BA4,08C4326A,full_text,0,PASS,PASS
D05505,00364BA8,08C432A3,full_text,0,PASS,PASS
D05506,00364BAC,0885119D,full_text,0,PASS,PASS
D05507,00364BB0,08C4330A,full_text,0,PASS,PASS
D05508,00364BB4,08C43325,full_text,0,PASS,PASS
D05509,00364BB8,08C43362,full_text,0,PASS,PASS
D05510,00364BBC,08C433AB,full_text,0,PASS,PASS
D05511,00364BC0,08C433E0,full_text,0,PASS,PASS
D05512,00364BC4,08C43451,full_text,0,PASS,PASS
D05513,00364BC8,08C4348E,full_text,0,PASS,PASS
D05514,00364BCC,08C434C9,full_text,0,PASS,PASS
D05515,00364BD0,08C434FA,full_text,0,PASS,PASS
D05516,00364BD4,08C4352D,full_text,0,PASS,PASS
D05517,00364BD8,08C43580,full_text,0,PASS,PASS
D05518,00364BDC,08C435EF,full_text,0,PASS,PASS
D05519,00364BE0,08C43636,full_text,0,PASS,PASS
D05520,00364BE4,08C4367D,full_text,0,PASS,PASS
D05521,00364BE8,08C436D6,full_text,0,PASS,PASS
D05522,00364BEC,08C4370D,full_text,0,PASS,PASS
D05523,00364BF0,08C43752,full_text,0,PASS,PASS
D05524,00364BF4,08C43793,full_text,0,PASS,PASS
D05525,00364BF8,08C437D2,full_text,0,PASS,PASS
D05526,00364BFC,08C437EF,full_text,0,PASS,PASS
D05527,00364C00,08C4380C,full_text,0,PASS,PASS
D05525,00364C04,08C437D2,full_text,0,PASS,PASS
D05526,00364C08,08C437EF,full_text,0,PASS,PASS
D05527,00364C0C,08C4380C,full_text,0,PASS,PASS
D05525,00364C10,08C437D2,full_text,0,PASS,PASS
D05526,00364C14,08C437EF,full_text,0,PASS,PASS
D05527,00364C18,08C4380C,full_text,0,PASS,PASS
D05525,00364C1C,08C437D2,full_text,0,PASS,PASS
D05526,00364C20,08C437EF,full_text,0,PASS,PASS
D05527,00364C24,08C4380C,full_text,0,PASS,PASS
D05525,00364C28,08C437D2,full_text,0,PASS,PASS
D05526,00364C2C,08C437EF,full_text,0,PASS,PASS
D05527,00364C30,08C4380C,full_text,0,PASS,PASS
D05525,00364C34,08C437D2,full_text,0,PASS,PASS
D05526,00364C38,08C437EF,full_text,0,PASS,PASS
D05527,00364C3C,08C4380C,full_text,0,PASS,PASS
D05525,00364C40,08C437D2,full_text,0,PASS,PASS
D05526,00364C44,08C437EF,full_text,0,PASS,PASS
D05527,00364C48,08C4380C,full_text,0,PASS,PASS
D05525,00364C4C,08C437D2,full_text,0,PASS,PASS
D05526,00364C50,08C437EF,full_text,0,PASS,PASS
D05527,00364C54,08C4380C,full_text,0,PASS,PASS
D05525,00364C58,08C437D2,full_text,0,PASS,PASS
D05526,00364C5C,08C437EF,full_text,0,PASS,PASS
D05527,00364C60,08C4380C,full_text,0,PASS,PASS
D05525,00364C64,08C437D2,full_text,0,PASS,PASS
D05526,00364C68,08C437EF,full_text,0,PASS,PASS
D05527,00364C6C,08C4380C,full_text,0,PASS,PASS
D05525,00364C70,08C437D2,full_text,0,PASS,PASS
D05526,00364C74,08C437EF,full_text,0,PASS,PASS
D05527,00364C78,08C4380C,full_text,0,PASS,PASS
D05525,00364C7C,08C437D2,full_text,0,PASS,PASS
D05526,00364C80,08C437EF,full_text,0,PASS,PASS
D05527,00364C84,08C4380C,full_text,0,PASS,PASS
D05525,00364C88,08C437D2,full_text,0,PASS,PASS
D05526,00364C8C,08C437EF,full_text,0,PASS,PASS
D05527,00364C90,08C4380C,full_text,0,PASS,PASS
D05528,00368B24,08C72909,full_text,0,PASS,PASS
D05529,00368B28,08C4381B,full_text,0,PASS,PASS
D05530,00368B2C,0885693D,full_text,0,PASS,PASS
D05531,00368B30,08C43850,full_text,0,PASS,PASS
D05532,00368B34,08C4388B,full_text,0,PASS,PASS
D05533,00368B38,088568A8,full_text,0,PASS,PASS
D05534,00368B40,08856879,full_text,0,PASS,PASS
D05535,00368B44,08C438B4,full_text,0,PASS,PASS
D05536,00368B48,08C438ED,full_text,0,PASS,PASS
D05537,00368B4C,08C4391E,full_text,0,PASS,PASS
D05538,00368B50,08C4395F,full_text,0,PASS,PASS
D05539,00368B54,08C43978,full_text,0,PASS,PASS
D05540,00368B5C,08C4399F,full_text,0,PASS,PASS
D05541,00368B60,08C439C4,full_text,0,PASS,PASS
D05542,00368B64,08C439FF,full_text,0,PASS,PASS
D05543,00368B68,08C43A40,full_text,0,PASS,PASS
D05544,00368B6C,08C43A6B,full_text,0,PASS,PASS
D05545,00368B70,08C43AA8,full_text,0,PASS,PASS
D05546,00368B78,08C43AE5,full_text,0,PASS,PASS
D05547,00368B7C,08C43B10,full_text,0,PASS,PASS
D05548,00368B80,08C43B4B,full_text,0,PASS,PASS
D05549,00368B84,08C43BAC,full_text,0,PASS,PASS
D05550,00368B88,08C43BDD,full_text,0,PASS,PASS
D05551,00368B8C,08C43C04,full_text,0,PASS,PASS
D05552,00368B94,08C43C2D,full_text,0,PASS,PASS
D05553,00368B98,08C43C52,full_text,0,PASS,PASS
D05554,00368B9C,08C43C7D,full_text,0,PASS,PASS
D05555,00368BA0,08C43CAA,full_text,0,PASS,PASS
D05556,00368BA4,08C43CD3,full_text,0,PASS,PASS
D05557,00368BA8,08C43CFE,full_text,0,PASS,PASS
D05558,00368BB0,08C43D3D,full_text,0,PASS,PASS
D05559,00368BB4,08C43D6A,full_text,0,PASS,PASS
D05560,00368BB8,08C43D9D,full_text,0,PASS,PASS
D05561,00368BBC,08C43DE8,full_text,0,PASS,PASS
D05562,00368BC0,08C43E17,full_text,0,PASS,PASS
D05563,00368BC4,08C43E40,full_text,0,PASS,PASS
D05564,00368BCC,08C43E73,full_text,0,PASS,PASS
D05565,00368BD0,08C43E98,full_text,0,PASS,PASS
D05566,00368BD4,08C43EC9,full_text,0,PASS,PASS
D05567,00368BD8,08C43EF2,full_text,0,PASS,PASS
D05568,00368BDC,08C43F21,full_text,0,PASS,PASS
D05569,00368BE0,08C43F3E,full_text,0,PASS,PASS
D05570,00368BE8,08C43F6B,full_text,0,PASS,PASS
D05571,00368BEC,08C43F9C,full_text,0,PASS,PASS
D05572,00368BF0,08C44005,full_text,0,PASS,PASS
D05573,00368BF4,08C44052,full_text,0,PASS,PASS
D05574,00368BF8,08C44087,full_text,0,PASS,PASS
D05575,00368BFC,08C440B2,full_text,0,PASS,PASS
D05576,00368C04,08C44111,full_text,0,PASS,PASS
D05577,00368C08,08C44150,full_text,0,PASS,PASS
D05578,00368C0C,08C44181,full_text,0,PASS,PASS
D05579,00368C10,08C441B8,full_text,0,PASS,PASS
D05580,00368C14,08C441E7,full_text,0,PASS,PASS
D05581,00368C18,08C44214,full_text,0,PASS,PASS
D05582,00368C20,08C4424D,full_text,0,PASS,PASS
D05583,00368C24,08C44286,full_text,0,PASS,PASS
D05584,00368C28,08C442D1,full_text,0,PASS,PASS
D05585,00368C2C,08C4430A,full_text,0,PASS,PASS
D05586,00368C30,08855D6A,full_text,0,PASS,PASS
D05587,00368C34,08C44355,full_text,0,PASS,PASS
D05588,00368C3C,08C4438C,full_text,0,PASS,PASS
D05589,00368C40,08C443BD,full_text,0,PASS,PASS
D05590,00368C44,08C443F4,full_text,0,PASS,PASS
D05591,00368C48,08C44431,full_text,0,PASS,PASS
D05592,00368C4C,08C44468,full_text,0,PASS,PASS
D05593,00368C50,08C4448F,full_text,0,PASS,PASS
D05594,00368C58,08C444AA,full_text,0,PASS,PASS
D05595,00368C5C,08C444DD,full_text,0,PASS,PASS
D05596,00368C60,08C44524,full_text,0,PASS,PASS
D05597,00368C64,08C44559,full_text,0,PASS,PASS
D05598,00368C68,08C4459A,full_text,0,PASS,PASS
D05599,00368C6C,08C445B5,full_text,0,PASS,PASS
D05600,00368C74,08C445F6,full_text,0,PASS,PASS
D05601,00368C78,08855A4F,full_text,0,PASS,PASS
D05602,00368C7C,08C4461B,full_text,0,PASS,PASS
D05603,00368C80,08C44648,full_text,0,PASS,PASS
D05604,00368C84,08C4467D,full_text,0,PASS,PASS
D05605,00368C88,08C446A6,full_text,0,PASS,PASS
D05606,00368C90,08C446CB,full_text,0,PASS,PASS
D05607,00368C94,08C44708,full_text,0,PASS,PASS
D05608,00368C98,08C44757,full_text,0,PASS,PASS
D05609,00368C9C,08C4479C,full_text,0,PASS,PASS
D05610,00368CA0,08C44805,full_text,0,PASS,PASS
D05611,00368CA4,08C44836,full_text,0,PASS,PASS
D05612,00368CAC,08C4486D,full_text,0,PASS,PASS
D05613,00368CB0,08C448B8,full_text,0,PASS,PASS
D05614,00368CB4,08C4490D,full_text,0,PASS,PASS
D05615,00368CB8,08C4495C,full_text,0,PASS,PASS
D05616,00368CBC,08C44985,full_text,0,PASS,PASS
D05617,00368CC0,08C449CC,full_text,0,PASS,PASS
D05618,00368CC8,08C44A17,full_text,0,PASS,PASS
D05619,00368CCC,08C44A48,full_text,0,PASS,PASS
D05620,00368CD0,08C44A75,full_text,0,PASS,PASS
D05621,00368CD4,08C44AB6,full_text,0,PASS,PASS
D05622,00368CD8,0885550B,full_text,0,PASS,PASS
D05623,00368CDC,088554E4,full_text,0,PASS,PASS
D05624,00368CE4,08C44AD5,full_text,0,PASS,PASS
D05625,00368CE8,08C44B06,full_text,0,PASS,PASS
D05626,00368CEC,08C44B5B,full_text,0,PASS,PASS
D05627,00368CF0,08C44B92,full_text,0,PASS,PASS
D05628,00368CF4,08C44BC5,full_text,0,PASS,PASS
D05629,00368CF8,08C44BEA,full_text,0,PASS,PASS
D05630,00368D00,08C44C03,full_text,0,PASS,PASS
D05631,00368D04,08C44C2C,full_text,0,PASS,PASS
D05632,00368D08,08C44CB7,full_text,0,PASS,PASS
D05633,00368D0C,08C44D16,full_text,0,PASS,PASS
D05634,00368D10,08C44D63,full_text,0,PASS,PASS
D05635,00368D14,08C44DB2,full_text,0,PASS,PASS
D05636,00368D1C,08C44DE1,full_text,0,PASS,PASS
D05637,00368D20,08C44E04,full_text,0,PASS,PASS
D05638,00368D24,08C10C5D,full_text,0,PASS,PASS
D05639,00368D28,08C44E47,full_text,0,PASS,PASS
D05640,00368D2C,08C44E70,full_text,0,PASS,PASS
D05641,00368D30,08C44E9B,full_text,0,PASS,PASS
D05642,00368D38,08C44ECC,full_text,0,PASS,PASS
D05643,00368D3C,08C44EE9,full_text,0,PASS,PASS
D05644,00368D40,08C44F20,full_text,0,PASS,PASS
D05645,00368D44,08C44F57,full_text,0,PASS,PASS
D05646,00368D48,08C44F86,full_text,0,PASS,PASS
D05647,00368D4C,08C44FA9,full_text,0,PASS,PASS
D05648,00368D54,08C44FD4,full_text,0,PASS,PASS
D05649,00368D58,08C45005,full_text,0,PASS,PASS
D05650,00368D5C,08C45038,full_text,0,PASS,PASS
D05651,00368D60,08C4508B,full_text,0,PASS,PASS
D05652,00368D64,08C450FA,full_text,0,PASS,PASS
D05653,00368D68,08C4514B,full_text,0,PASS,PASS
D05654,00368D70,08C4518C,full_text,0,PASS,PASS
D05655,00368D74,08C451B7,full_text,0,PASS,PASS
D05656,00368D78,08C45210,full_text,0,PASS,PASS
D05657,00368D7C,08C45269,full_text,0,PASS,PASS
D05658,00368D80,08C452C6,full_text,0,PASS,PASS
D05659,00368D84,08C452FD,full_text,0,PASS,PASS
D05660,00373760,08C4531A,full_text,0,PASS,PASS
D05661,00373764,08C45365,full_text,0,PASS,PASS
ARTE_000,00374A38,08C0BB30,compact,0,PASS,PASS
D05662,00374A3C,08C0E922,full_text,0,PASS,PASS
D05663,00374A40,08C45380,full_text,0,PASS,PASS
ARTE_001,00374A4C,08C0BB37,compact,0,PASS,PASS
D05664,00374A50,08C0E927,full_text,0,PASS,PASS
D05665,00374A54,08C4539D,full_text,0,PASS,PASS
ARTE_002,00374A60,08C0BB47,compact,0,PASS,PASS
D05666,00374A64,08C0E932,full_text,0,PASS,PASS
D05667,00374A68,08C453B8,full_text,0,PASS,PASS
ARTE_003,00374A74,08C0BB58,compact,0,PASS,PASS
D05668,00374A78,08C0E93F,full_text,0,PASS,PASS
D05669,00374A7C,08C453E1,full_text,0,PASS,PASS
ARTE_004,00374A88,08C0BB6F,compact,0,PASS,PASS
D05670,00374A8C,08C0E950,full_text,0,PASS,PASS
D05671,00374A90,08C45400,full_text,0,PASS,PASS
ARTE_005,00374A9C,08C0BB80,compact,0,PASS,PASS
D05672,00374AA0,08C0E95D,full_text,0,PASS,PASS
D05673,00374AA4,0880439F,full_text,0,PASS,PASS
ARTE_006,00374AB0,08C0BB8A,compact,0,PASS,PASS
D05674,00374AB4,08C0E964,full_text,0,PASS,PASS
D05675,00374AB8,08804381,full_text,0,PASS,PASS
ARTE_007,00374AC4,08C0BB97,compact,0,PASS,PASS
D05676,00374AC8,08C0E96D,full_text,0,PASS,PASS
D05677,00374ACC,08C4541D,full_text,0,PASS,PASS
ARTE_008,00374AD8,08C0BBA1,compact,0,PASS,PASS
D05678,00374ADC,08C0E974,full_text,0,PASS,PASS
D05679,00374AE0,08C4543A,full_text,0,PASS,PASS
ARTE_009,00374AEC,08C0BBB4,compact,0,PASS,PASS
D05680,00374AF0,08C0E981,full_text,0,PASS,PASS
D05681,00374AF4,08C45459,full_text,0,PASS,PASS
ARTE_010,00374B00,08C0BBBE,compact,0,PASS,PASS
D05682,00374B04,08C0E988,full_text,0,PASS,PASS
D05683,00374B08,088042F1,full_text,0,PASS,PASS
ARTE_011,00374B14,08C0BBC5,compact,0,PASS,PASS
D05684,00374B18,08C0E98D,full_text,0,PASS,PASS
D05685,00374B1C,088042D7,full_text,0,PASS,PASS
ARTE_012,00374B28,08C0BBCF,compact,0,PASS,PASS
D05686,00374B2C,08C0E994,full_text,0,PASS,PASS
D05687,00374B30,08C4547E,full_text,0,PASS,PASS
ARTE_013,00374B3C,08C0BBDF,compact,0,PASS,PASS
D05688,00374B40,08C0E99F,full_text,0,PASS,PASS
D05689,00374B44,0880428F,full_text,0,PASS,PASS
ARTE_014,00374B50,08C0BBE9,compact,0,PASS,PASS
D05690,00374B54,08C0E9A6,full_text,0,PASS,PASS
D05691,00374B58,08C454A1,full_text,0,PASS,PASS
ARTE_015,00374B64,08C0BBF6,compact,0,PASS,PASS
D05692,00374B68,08C0E9AF,full_text,0,PASS,PASS
D05693,00374B6C,08C454C2,full_text,0,PASS,PASS
ARTE_016,00374B78,08C0BC03,compact,0,PASS,PASS
D05694,00374B7C,08C0E9B8,full_text,0,PASS,PASS
D05695,00374B80,08C454E1,full_text,0,PASS,PASS
ARTE_017,00374B8C,08C0BC17,compact,0,PASS,PASS
D05696,00374B90,08C0E9C7,full_text,0,PASS,PASS
D05697,00374B94,088041EF,full_text,0,PASS,PASS
ARTE_018,00374BA0,08C0BC24,compact,0,PASS,PASS
D05698,00374BA4,08C0E9D0,full_text,0,PASS,PASS
D05699,00374BA8,088041D5,full_text,0,PASS,PASS
ARTE_019,00374BB4,08C0BC2E,compact,0,PASS,PASS
D05700,00374BB8,08C0E9D7,full_text,0,PASS,PASS
D05701,00374BBC,088041B1,full_text,0,PASS,PASS
ARTE_020,00374BC8,08C0BC3C,compact,0,PASS,PASS
D05702,00374BCC,08C0E9E2,full_text,0,PASS,PASS
D05703,00374BD0,0880419B,full_text,0,PASS,PASS
ARTE_021,00374BDC,08C0BC43,compact,0,PASS,PASS
D05704,00374BE0,08C0E9E7,full_text,0,PASS,PASS
D05705,00374BE4,08804173,full_text,0,PASS,PASS
ARTE_022,00374BF0,08C0BC4A,compact,0,PASS,PASS
D05706,00374BF4,08C0E9EC,full_text,0,PASS,PASS
D05707,00374BF8,08C454FA,full_text,0,PASS,PASS
ARTE_023,00374C04,08C0BC55,compact,0,PASS,PASS
D05708,00374C08,08C0E9F5,full_text,0,PASS,PASS
D05709,00374C0C,08C45517,full_text,0,PASS,PASS
ARTE_024,00374C18,08C0BC69,compact,0,PASS,PASS
D05710,00374C1C,08C0EA04,full_text,0,PASS,PASS
D05711,00374C20,088040F1,full_text,0,PASS,PASS
ARTE_025,00374C2C,08C0BC76,compact,0,PASS,PASS
D05712,00374C30,08C0EA0D,full_text,0,PASS,PASS
D05713,00374C34,088040C7,full_text,0,PASS,PASS
ARTE_026,00374C40,08C0BC8A,compact,0,PASS,PASS
D05714,00374C44,08C0EA1C,full_text,0,PASS,PASS
D05715,00374C48,08C4553E,full_text,0,PASS,PASS
ARTE_027,00374C54,08C0BC98,compact,0,PASS,PASS
D05716,00374C58,08C0EA27,full_text,0,PASS,PASS
D05717,00374C5C,08C4555F,full_text,0,PASS,PASS
ARTE_028,00374C68,08C0BCA2,compact,0,PASS,PASS
D05718,00374C6C,08C0EA2E,full_text,0,PASS,PASS
D05719,00374C70,0880403D,full_text,0,PASS,PASS
ARTE_029,00374C7C,08C0BCB3,compact,0,PASS,PASS
D05720,00374C80,08C0EA3B,full_text,0,PASS,PASS
D05719,00374C84,0880403D,full_text,0,PASS,PASS
ARTE_030,00374C90,08C0BCC4,compact,0,PASS,PASS
D05721,00374C94,08C0EA48,full_text,0,PASS,PASS
D05722,00374C98,08804000,full_text,0,PASS,PASS
ARTE_031,00374CA4,08C0BCD5,compact,0,PASS,PASS
D05723,00374CA8,08C0EA55,full_text,0,PASS,PASS
D05724,00374CAC,08C45584,full_text,0,PASS,PASS
ARTE_032,00374CB8,08C0BCE2,compact,0,PASS,PASS
D05725,00374CBC,08C0EA5E,full_text,0,PASS,PASS
D05726,00374CC0,08C455A9,full_text,0,PASS,PASS
ARTE_033,00374CCC,08C0BCF0,compact,0,PASS,PASS
D00750,00374CD0,08C0EA69,full_text,0,PASS,PASS
D05727,00374CD4,08C455D0,full_text,0,PASS,PASS
ARTE_034,00374CE0,08C0BCF7,compact,0,PASS,PASS
D05728,00374CE4,08C0EA6E,full_text,0,PASS,PASS
D05729,00374CE8,08C455F1,full_text,0,PASS,PASS
ARTE_035,00374CF4,08C0BCFE,compact,0,PASS,PASS
D05730,00374CF8,08C0EA73,full_text,0,PASS,PASS
D05731,00374CFC,08803F40,full_text,0,PASS,PASS
ARTE_036,00374D08,08C0BD08,compact,0,PASS,PASS
D05732,00374D0C,08C0EA7A,full_text,0,PASS,PASS
D05733,00374D10,08803F16,full_text,0,PASS,PASS
ARTE_037,00374D1C,08C0BD0F,compact,0,PASS,PASS
D05734,00374D20,08C0EA7F,full_text,0,PASS,PASS
D05735,00374D24,08803EE8,full_text,0,PASS,PASS
ARTE_038,00374D30,08C0BD1D,compact,0,PASS,PASS
D05736,00374D34,08C0EA8A,full_text,0,PASS,PASS
D05737,00374D38,08C45602,full_text,0,PASS,PASS
ARTE_039,00374D44,08C0BD2E,compact,0,PASS,PASS
D05738,00374D48,08C0EA97,full_text,0,PASS,PASS
D05739,00374D4C,08803E7E,full_text,0,PASS,PASS
ARTE_040,00374D58,08C0BD38,compact,0,PASS,PASS
D05740,00374D5C,08C0EA9E,full_text,0,PASS,PASS
D05741,00374D60,08803E4C,full_text,0,PASS,PASS
ARTE_041,00374D6C,08C0BD49,compact,0,PASS,PASS
D05742,00374D70,08C0EAAB,full_text,0,PASS,PASS
D05743,00374D74,08C45629,full_text,0,PASS,PASS
ARTE_042,00374D80,08C0BD56,compact,0,PASS,PASS
D05744,00374D84,08C0EAB4,full_text,0,PASS,PASS
D05745,00374D88,08C45642,full_text,0,PASS,PASS
ARTE_043,00374D94,08C0BD64,compact,0,PASS,PASS
D05746,00374D98,08C0EABF,full_text,0,PASS,PASS
D05747,00374D9C,08C4566B,full_text,0,PASS,PASS
ARTE_044,00374DA8,08C0BD6E,compact,0,PASS,PASS
D05748,00374DAC,08C0EAC6,full_text,0,PASS,PASS
D05749,00374DB0,08803D96,full_text,0,PASS,PASS
ARTE_045,00374DBC,08C0BD7C,compact,0,PASS,PASS
D05750,00374DC0,08C0EAD1,full_text,0,PASS,PASS
D05751,00374DC4,08803D7C,full_text,0,PASS,PASS
ARTE_046,00374DD0,08C0BD86,compact,0,PASS,PASS
D05752,00374DD4,08C0EAD8,full_text,0,PASS,PASS
D05753,00374DD8,08803D48,full_text,0,PASS,PASS
ARTE_047,00374DE4,08C0BD96,compact,0,PASS,PASS
D05754,00374DE8,08C0EAE3,full_text,0,PASS,PASS
D05755,00374DEC,08C45696,full_text,0,PASS,PASS
ARTE_048,00374DF8,08C0BDA7,compact,0,PASS,PASS
D05756,00374DFC,08C0EAF0,full_text,0,PASS,PASS
D05757,00374E00,08C456BF,full_text,0,PASS,PASS
ARTE_049,00374E0C,08C0BDB1,compact,0,PASS,PASS
D05758,00374E10,08C0EAF7,full_text,0,PASS,PASS
D05759,00374E14,08803CC4,full_text,0,PASS,PASS
ARTE_050,00374E20,08C0BDB8,compact,0,PASS,PASS
D05760,00374E24,08C0EAFC,full_text,0,PASS,PASS
D05761,00374E28,08803C90,full_text,0,PASS,PASS
ARTE_051,00374E34,08C0BDBF,compact,0,PASS,PASS
D05762,00374E38,08C0EB01,full_text,0,PASS,PASS
D05763,00374E3C,08C456E4,full_text,0,PASS,PASS
ARTE_052,00374E48,08C0BDD0,compact,0,PASS,PASS
D05764,00374E4C,08C0EB0E,full_text,0,PASS,PASS
D05765,00374E50,08803C26,full_text,0,PASS,PASS
ARTE_053,00374E5C,08C0BDE1,compact,0,PASS,PASS
D05766,00374E60,08C0EB1B,full_text,0,PASS,PASS
D05767,00374E64,08C4570B,full_text,0,PASS,PASS
ARTE_054,00374E70,08C0BDF2,compact,0,PASS,PASS
D05768,00374E74,08C0EB28,full_text,0,PASS,PASS
D05769,00374E78,08C4572C,full_text,0,PASS,PASS
ARTE_055,00374E84,08C0BDFC,compact,0,PASS,PASS
D05770,00374E88,08C0EB2F,full_text,0,PASS,PASS
D05771,00374E8C,08C4574F,full_text,0,PASS,PASS
ARTE_056,00374E98,08C0BE12,compact,0,PASS,PASS
D05772,00374E9C,08C0EB3E,full_text,0,PASS,PASS
D05773,00374EA0,08803B70,full_text,0,PASS,PASS
ARTE_057,00374EAC,08C0BE20,compact,0,PASS,PASS
D05774,00374EB0,08C0EB49,full_text,0,PASS,PASS
D05775,00374EB4,08803B48,full_text,0,PASS,PASS
ARTE_058,00374EC0,08C0BE31,compact,0,PASS,PASS
D05776,00374EC4,08C0EB56,full_text,0,PASS,PASS
D05777,00374EC8,08803B28,full_text,0,PASS,PASS
ARTE_059,00374ED4,08C0BE3E,compact,0,PASS,PASS
D05778,00374ED8,08C0EB5F,full_text,0,PASS,PASS
D05779,00374EDC,08C45776,full_text,0,PASS,PASS
ARTE_060,00374EE8,08C0BE4B,compact,0,PASS,PASS
D05780,00374EEC,08C0EB68,full_text,0,PASS,PASS
D05781,00374EF0,08C45799,full_text,0,PASS,PASS
ARTE_061,00374EFC,08C0BE5F,compact,0,PASS,PASS
D05782,00374F00,08C0EB77,full_text,0,PASS,PASS
D05783,00374F04,08C457BA,full_text,0,PASS,PASS
ARTE_062,00374F10,08C0BE63,compact,0,PASS,PASS
D05784,00374F14,08C0EB7A,full_text,0,PASS,PASS
D05785,00374F18,08C457DB,full_text,0,PASS,PASS
ARTE_063,00374F24,08C0BE6A,compact,0,PASS,PASS
D05786,00374F28,08C0EB7F,full_text,0,PASS,PASS
D05787,00374F2C,08C457FC,full_text,0,PASS,PASS
ARTE_064,00374F38,08C0BE77,compact,0,PASS,PASS
D05788,00374F3C,08C0EB88,full_text,0,PASS,PASS
D05789,00374F40,08C45817,full_text,0,PASS,PASS
ARTE_065,00374F4C,08C0BE81,compact,0,PASS,PASS
D05790,00374F50,08C0EB8F,full_text,0,PASS,PASS
D05791,00374F54,08803A1C,full_text,0,PASS,PASS
ARTE_066,00374F60,08C0BE8E,compact,0,PASS,PASS
D05792,00374F64,08C0EB98,full_text,0,PASS,PASS
D05793,00374F68,088039E4,full_text,0,PASS,PASS
ARTE_067,00374F74,08C0BE9C,compact,0,PASS,PASS
D05794,00374F78,08C0EBA3,full_text,0,PASS,PASS
D05795,00374F7C,08C4582E,full_text,0,PASS,PASS
ARTE_068,00374F88,08C0BEAD,compact,0,PASS,PASS
D05796,00374F8C,08C0EBB0,full_text,0,PASS,PASS
D05797,00374F90,08C45857,full_text,0,PASS,PASS
ARTE_069,00374F9C,08C0BEBE,compact,0,PASS,PASS
D05798,00374FA0,08C0EBBD,full_text,0,PASS,PASS
D05799,00374FA4,08C45872,full_text,0,PASS,PASS
ARTE_070,00374FB0,08C0BECC,compact,0,PASS,PASS
D05800,00374FB4,08C0EBC8,full_text,0,PASS,PASS
D05801,00374FB8,08803928,full_text,0,PASS,PASS
ARTE_071,00374FC4,08C0BEE0,compact,0,PASS,PASS
D05802,00374FC8,08C0EBD7,full_text,0,PASS,PASS
D05803,00374FCC,088038FA,full_text,0,PASS,PASS
ARTE_072,00374FD8,08C0BEEA,compact,0,PASS,PASS
D05804,00374FDC,08C0EBDE,full_text,0,PASS,PASS
D05805,00374FE0,088038CE,full_text,0,PASS,PASS
ARTE_073,00374FEC,08C0BF01,compact,0,PASS,PASS
D05806,00374FF0,08C0EBEF,full_text,0,PASS,PASS
D05807,00374FF4,08C4588D,full_text,0,PASS,PASS
ARTE_074,00375000,08C0BF12,compact,0,PASS,PASS
D05808,00375004,08C0EBFC,full_text,0,PASS,PASS
D05809,00375008,08C458AE,full_text,0,PASS,PASS
ARTE_075,00375014,08C0BF23,compact,0,PASS,PASS
D05810,00375018,08C0EC09,full_text,0,PASS,PASS
D05811,0037501C,08C458DF,full_text,0,PASS,PASS
ARTE_076,00375028,08C0BF2E,compact,0,PASS,PASS
D05812,0037502C,08C0EC12,full_text,0,PASS,PASS
D05813,00375030,08803816,full_text,0,PASS,PASS
ARTE_077,0037503C,08C0BF3C,compact,0,PASS,PASS
D05814,00375040,08C0EC1D,full_text,0,PASS,PASS
D05815,00375044,08C45900,full_text,0,PASS,PASS
ARTE_078,00375050,08C0BF4A,compact,0,PASS,PASS
D05816,00375054,08C0EC28,full_text,0,PASS,PASS
D05781,00375058,08C45799,full_text,0,PASS,PASS
ARTE_079,00375064,08C0BF54,compact,0,PASS,PASS
D05817,00375068,08C0EC2F,full_text,0,PASS,PASS
D05818,0037506C,08C4592B,full_text,0,PASS,PASS
ARTE_080,00375078,08C0BF5E,compact,0,PASS,PASS
D05819,0037507C,08C0EC36,full_text,0,PASS,PASS
D05820,00375080,08C4594E,full_text,0,PASS,PASS
ARTE_081,0037508C,08C0BF68,compact,0,PASS,PASS
D05821,00375090,08C0EC3D,full_text,0,PASS,PASS
D05822,00375094,08C45975,full_text,0,PASS,PASS
ARTE_082,003750A0,08C0BF72,compact,0,PASS,PASS
D05823,003750A4,08C0EC44,full_text,0,PASS,PASS
D05824,003750A8,08C459A2,full_text,0,PASS,PASS
ARTE_083,003750B4,08C0BF86,compact,0,PASS,PASS
D05825,003750B8,08C0EC53,full_text,0,PASS,PASS
D05826,003750BC,08C459C9,full_text,0,PASS,PASS
ARTE_084,003750C8,08C0BF9A,compact,0,PASS,PASS
D05827,003750CC,08C0EC62,full_text,0,PASS,PASS
D05828,003750D0,08C459EC,full_text,0,PASS,PASS
ARTE_085,003750DC,08C0BFAE,compact,0,PASS,PASS
D05829,003750E0,08C0EC71,full_text,0,PASS,PASS
D05830,003750E4,088036A1,full_text,0,PASS,PASS
ARTE_086,003750F0,08C0BFB5,compact,0,PASS,PASS
D05831,003750F4,08C0EC76,full_text,0,PASS,PASS
D05832,003750F8,08C45A05,full_text,0,PASS,PASS
ARTE_087,00375104,08C0BFCC,compact,0,PASS,PASS
D05833,00375108,08C0EC87,full_text,0,PASS,PASS
D05830,0037510C,088036A1,full_text,0,PASS,PASS
ARTE_088,00375118,08C0BFDC,compact,0,PASS,PASS
D05834,0037511C,08C0EC92,full_text,0,PASS,PASS
D05835,00375120,08C45A2E,full_text,0,PASS,PASS
ARTE_089,0037512C,08C0BFED,compact,0,PASS,PASS
D05836,00375130,08C0EC9F,full_text,0,PASS,PASS
D05837,00375134,08C45A59,full_text,0,PASS,PASS
ARTE_090,00375140,08C0BFFA,compact,0,PASS,PASS
D05838,00375144,08C0ECA8,full_text,0,PASS,PASS
D05839,00375148,08C45A80,full_text,0,PASS,PASS
ARTE_091,00375154,08C0C004,compact,0,PASS,PASS
D05840,00375158,08C0ECAF,full_text,0,PASS,PASS
D05841,0037515C,08C45A99,full_text,0,PASS,PASS
ARTE_092,00375168,08C0C015,compact,0,PASS,PASS
D05842,0037516C,08C0ECBC,full_text,0,PASS,PASS
D05843,00375170,08C45AC2,full_text,0,PASS,PASS
ARTE_093,0037517C,08C0C022,compact,0,PASS,PASS
D05844,00375180,08C0ECC5,full_text,0,PASS,PASS
D05845,00375184,08C45AE5,full_text,0,PASS,PASS
ARTE_094,00375190,08C0C030,compact,0,PASS,PASS
D05846,00375194,08C0ECD0,full_text,0,PASS,PASS
D05787,00375198,08C457FC,full_text,0,PASS,PASS
ARTE_095,003751A4,08C0C03A,compact,0,PASS,PASS
D05847,003751A8,08C0ECD7,full_text,0,PASS,PASS
D05848,003751AC,08C45B12,full_text,0,PASS,PASS
ARTE_096,003751B8,08C0C041,compact,0,PASS,PASS
D05849,003751BC,08C0ECDC,full_text,0,PASS,PASS
D05850,003751C0,08803503,full_text,0,PASS,PASS
ARTE_097,003751CC,08C0C04F,compact,0,PASS,PASS
D05851,003751D0,08C0ECE7,full_text,0,PASS,PASS
D05852,003751D4,08C45B31,full_text,0,PASS,PASS
ARTE_098,003751E0,08C0C05D,compact,0,PASS,PASS
D05853,003751E4,08C0ECF2,full_text,0,PASS,PASS
D05854,003751E8,08C45B56,full_text,0,PASS,PASS
ARTE_099,003751F4,08C0C064,compact,0,PASS,PASS
D05855,003751F8,08C0ECF7,full_text,0,PASS,PASS
D05856,003751FC,08C45B81,full_text,0,PASS,PASS
ARTE_100,00375208,08C0C06E,compact,0,PASS,PASS
D05857,0037520C,08C0ECFE,full_text,0,PASS,PASS
D05858,00375210,08C45BA8,full_text,0,PASS,PASS
ARTE_101,0037521C,08C0C075,compact,0,PASS,PASS
D05859,00375220,08C0ED03,full_text,0,PASS,PASS
D05860,00375224,08C45BCD,full_text,0,PASS,PASS
ARTE_102,00375230,08C0C07F,compact,0,PASS,PASS
D05861,00375234,08C0ED0A,full_text,0,PASS,PASS
D05862,00375238,08C45BEA,full_text,0,PASS,PASS
ARTE_103,00375244,08C0C089,compact,0,PASS,PASS
D05863,00375248,08C0ED11,full_text,0,PASS,PASS
D05864,0037524C,088033D7,full_text,0,PASS,PASS
ARTE_104,00375258,08C0C09D,compact,0,PASS,PASS
D05865,0037525C,08C0ED20,full_text,0,PASS,PASS
D05866,00375260,088033B7,full_text,0,PASS,PASS
ARTE_105,0037526C,08C0C0A4,compact,0,PASS,PASS
D05867,00375270,08C0ED25,full_text,0,PASS,PASS
D05868,00375274,08C45C15,full_text,0,PASS,PASS
ARTE_106,00375280,08C0C0AE,compact,0,PASS,PASS
D05869,00375284,08C0ED2C,full_text,0,PASS,PASS
D05870,00375288,08803353,full_text,0,PASS,PASS
ARTE_107,00375294,08C0C0BB,compact,0,PASS,PASS
D05871,00375298,08C0ED35,full_text,0,PASS,PASS
D05872,0037529C,08C45C40,full_text,0,PASS,PASS
ARTE_108,003752A8,08C0C0C9,compact,0,PASS,PASS
D05873,003752AC,08C0ED40,full_text,0,PASS,PASS
D05874,003752B0,088032EB,full_text,0,PASS,PASS
ARTE_109,003752BC,08C0C0DD,compact,0,PASS,PASS
D05875,003752C0,08C0ED4F,full_text,0,PASS,PASS
D05876,003752C4,08C45C69,full_text,0,PASS,PASS
ARTE_110,003752D0,08C0C0EE,compact,0,PASS,PASS
D05877,003752D4,08C0ED5C,full_text,0,PASS,PASS
D05878,003752D8,0880328F,full_text,0,PASS,PASS
ARTE_111,003752E4,08C0C0F5,compact,0,PASS,PASS
D05879,003752E8,08C0ED61,full_text,0,PASS,PASS
D05880,003752EC,08C45C92,full_text,0,PASS,PASS
ARTE_112,003752F8,08C0C102,compact,0,PASS,PASS
D05881,003752FC,08C0ED6A,full_text,0,PASS,PASS
D05882,00375300,08C45CBF,full_text,0,PASS,PASS
ARTE_113,0037530C,08C0C10F,compact,0,PASS,PASS
D05883,00375310,08C0ED73,full_text,0,PASS,PASS
D05884,00375314,08C45CEA,full_text,0,PASS,PASS
ARTE_114,00375320,08C0C11C,compact,0,PASS,PASS
D05885,00375324,08C0ED7C,full_text,0,PASS,PASS
D05886,00375328,08C45D05,full_text,0,PASS,PASS
ARTE_115,00375334,08C0C129,compact,0,PASS,PASS
D05887,00375338,08C0ED85,full_text,0,PASS,PASS
D05888,0037533C,08C45D32,full_text,0,PASS,PASS
ARTE_116,00375348,08C0C133,compact,0,PASS,PASS
D05889,0037534C,08C0ED8C,full_text,0,PASS,PASS
D05890,00375350,08C45D57,full_text,0,PASS,PASS
ARTE_117,0037535C,08C0C140,compact,0,PASS,PASS
D05891,00375360,08C0ED95,full_text,0,PASS,PASS
D05892,00375364,08C45D82,full_text,0,PASS,PASS
ARTE_118,00375370,08C0C147,compact,0,PASS,PASS
D05893,00375374,08C0ED9A,full_text,0,PASS,PASS
D05894,00375378,08C45DAD,full_text,0,PASS,PASS
ARTE_119,00375384,08C0C155,compact,0,PASS,PASS
D05895,00375388,08C0EDA5,full_text,0,PASS,PASS
D05896,0037538C,08C45DD8,full_text,0,PASS,PASS
ARTE_120,00375398,08C0C15C,compact,0,PASS,PASS
D05897,0037539C,08C0EDAA,full_text,0,PASS,PASS
D05898,003753A0,088030A1,full_text,0,PASS,PASS
ARTE_121,003753AC,08C0C170,compact,0,PASS,PASS
D05899,003753B0,08C0EDB9,full_text,0,PASS,PASS
D05900,003753B4,08C45DFF,full_text,0,PASS,PASS
ARTE_122,003753C0,08C0C17E,compact,0,PASS,PASS
D05901,003753C4,08C0EDC4,full_text,0,PASS,PASS
D05902,003753C8,08C45E2C,full_text,0,PASS,PASS
ARTE_123,003753D4,08C0C188,compact,0,PASS,PASS
D05903,003753D8,08C0EDCB,full_text,0,PASS,PASS
D05904,003753DC,08C45E4F,full_text,0,PASS,PASS
ARTE_124,003753E8,08C0C18F,compact,0,PASS,PASS
D00795,003753EC,08C0EDD0,full_text,0,PASS,PASS
D05905,003753F0,08802FD5,full_text,0,PASS,PASS
ARTE_125,003753FC,08C0C19C,compact,0,PASS,PASS
D05906,00375400,08C0EDD9,full_text,0,PASS,PASS
D05907,00375404,08C45E7A,full_text,0,PASS,PASS
ARTE_126,00375410,08C0C1A6,compact,0,PASS,PASS
D05908,00375414,08C0EDE0,full_text,0,PASS,PASS
D05909,00375418,08802F83,full_text,0,PASS,PASS
ARTE_127,00375424,08C0C1AD,compact,0,PASS,PASS
D05910,00375428,08C0EDE5,full_text,0,PASS,PASS
D05763,0037542C,08C456E4,full_text,0,PASS,PASS
ARTE_128,00375438,08C0C1B7,compact,0,PASS,PASS
D05911,0037543C,08C0EDEC,full_text,0,PASS,PASS
D05876,00375440,08C45C69,full_text,0,PASS,PASS
ARTE_129,0037544C,08C0C1C7,compact,0,PASS,PASS
D00791,00375450,08C0EDF7,full_text,0,PASS,PASS
D05912,00375454,08802F45,full_text,0,PASS,PASS
ARTE_130,00375460,08C0C1D7,compact,0,PASS,PASS
D05913,00375464,08C0EE02,full_text,0,PASS,PASS
D05848,00375468,08C45B12,full_text,0,PASS,PASS
ARTE_131,00375474,08C0C1E8,compact,0,PASS,PASS
D05914,00375478,08C0EE0F,full_text,0,PASS,PASS
D05915,0037547C,08C45E97,full_text,0,PASS,PASS
ARTE_132,00375488,08C0C1F5,compact,0,PASS,PASS
ARTE_132_FULL_pointer,0037548C,08C0EE18,other_declared_pointer,0,ROM,NOT_A_TEXT_ASSERTION
D05862,00375490,08C45BEA,full_text,0,PASS,PASS
ARTE_133,0037549C,08C0C205,compact,0,PASS,PASS
D05916,003754A0,08C0EE23,full_text,0,PASS,PASS
D05917,003754A4,08802EE6,full_text,0,PASS,PASS
ARTE_134,003754B0,08C0C215,compact,0,PASS,PASS
D05918,003754B4,08C0EE2E,full_text,0,PASS,PASS
D05919,003754B8,08802EC2,full_text,0,PASS,PASS
ARTE_135,003754C4,08C0C225,compact,0,PASS,PASS
D05920,003754C8,08C0EE39,full_text,0,PASS,PASS
D05921,003754CC,08C45EBA,full_text,0,PASS,PASS
ARTE_136,003754D8,08C0C22F,compact,0,PASS,PASS
D05922,003754DC,08C0EE40,full_text,0,PASS,PASS
D05923,003754E0,08C45EDF,full_text,0,PASS,PASS
ARTE_137,003754EC,08C0C23F,compact,0,PASS,PASS
D05924,003754F0,08C0EE4B,full_text,0,PASS,PASS
D05925,003754F4,08C45F0C,full_text,0,PASS,PASS
ARTE_138,00375500,08C0C249,compact,0,PASS,PASS
D05926,00375504,08C0EE52,full_text,0,PASS,PASS
D05925,00375508,08C45F0C,full_text,0,PASS,PASS
ARTE_139,00375514,08C0C257,compact,0,PASS,PASS
D05927,00375518,08C0EE5D,full_text,0,PASS,PASS
D05928,0037551C,08802DF1,full_text,0,PASS,PASS
ARTE_140,00375528,08C0C268,compact,0,PASS,PASS
D05929,0037552C,08C0EE6A,full_text,0,PASS,PASS
D05930,00375530,08C45F33,full_text,0,PASS,PASS
ARTE_141,0037553C,08C0C278,compact,0,PASS,PASS
D05931,00375540,08C0EE75,full_text,0,PASS,PASS
D05932,00375544,08C45F60,full_text,0,PASS,PASS
ARTE_142,00375550,08C0C282,compact,0,PASS,PASS
D05933,00375554,08C0EE7C,full_text,0,PASS,PASS
D05934,00375558,08802D61,full_text,0,PASS,PASS
ARTE_143,00375564,08C0C28F,compact,0,PASS,PASS
D05935,00375568,08C0EE85,full_text,0,PASS,PASS
D05936,0037556C,08C45F83,full_text,0,PASS,PASS
ARTE_144,00375578,08C0C29F,compact,0,PASS,PASS
D05937,0037557C,08C0EE90,full_text,0,PASS,PASS
D05815,00375580,08C45900,full_text,0,PASS,PASS
ARTE_145,0037558C,08C0C2AD,compact,0,PASS,PASS
D05938,00375590,08C0EE9B,full_text,0,PASS,PASS
D05862,00375594,08C45BEA,full_text,0,PASS,PASS
ARTE_146,003755A0,08C0C2BD,compact,0,PASS,PASS
D05939,003755A4,08C0EEA6,full_text,0,PASS,PASS
D05940,003755A8,08802CFB,full_text,0,PASS,PASS
ARTE_147,003755B4,08C0C2D1,compact,0,PASS,PASS
D05941,003755B8,08C0EEB5,full_text,0,PASS,PASS
D05942,003755BC,08C45FA4,full_text,0,PASS,PASS
ARTE_148,003755C8,08C0C2E1,compact,0,PASS,PASS
D05943,003755CC,08C0EEC0,full_text,0,PASS,PASS
D05944,003755D0,08C45FCF,full_text,0,PASS,PASS
ARTE_149,003755DC,08C0C2EB,compact,0,PASS,PASS
D05945,003755E0,08C0EEC7,full_text,0,PASS,PASS
D05946,003755E4,08C45FF6,full_text,0,PASS,PASS
ARTE_150,003755F0,08C0C2FF,compact,0,PASS,PASS
D05947,003755F4,08C0EED6,full_text,0,PASS,PASS
D05948,003755F8,08C46017,full_text,0,PASS,PASS
ARTE_151,00375604,08C0C309,compact,0,PASS,PASS
D05949,00375608,08C0EEDD,full_text,0,PASS,PASS
D05950,0037560C,08C46036,full_text,0,PASS,PASS
ARTE_152,00375618,08C0C310,compact,0,PASS,PASS
D05951,0037561C,08C0EEE2,full_text,0,PASS,PASS
D05952,00375620,08C46061,full_text,0,PASS,PASS
ARTE_153,0037562C,08C0C321,compact,0,PASS,PASS
D05953,00375630,08C0EEEF,full_text,0,PASS,PASS
D05954,00375634,08802BB5,full_text,0,PASS,PASS
ARTE_154,00375640,08C0C32F,compact,0,PASS,PASS
D05955,00375644,08C0EEFA,full_text,0,PASS,PASS
D05956,00375648,08C46082,full_text,0,PASS,PASS
ARTE_155,00375654,08C0C339,compact,0,PASS,PASS
D05957,00375658,08C0EF01,full_text,0,PASS,PASS
D05958,0037565C,08C460A3,full_text,0,PASS,PASS
ARTE_156,00375668,08C0C34D,compact,0,PASS,PASS
D05959,0037566C,08C0EF10,full_text,0,PASS,PASS
D05960,00375670,08C460BE,full_text,0,PASS,PASS
ARTE_157,0037567C,08C0C354,compact,0,PASS,PASS
D05961,00375680,08C0EF15,full_text,0,PASS,PASS
D05962,00375684,08C460E7,full_text,0,PASS,PASS
ARTE_158,00375690,08C0C364,compact,0,PASS,PASS
D05963,00375694,08C0EF20,full_text,0,PASS,PASS
D05843,00375698,08C45AC2,full_text,0,PASS,PASS
ARTE_159,003756A4,08C0C36E,compact,0,PASS,PASS
D05964,003756A8,08C0EF27,full_text,0,PASS,PASS
D05965,003756AC,08C46112,full_text,0,PASS,PASS
ARTE_160,003756B8,08C0C378,compact,0,PASS,PASS
D05966,003756BC,08C0EF2E,full_text,0,PASS,PASS
D05967,003756C0,08C4613F,full_text,0,PASS,PASS
ARTE_161,003756CC,08C0C382,compact,0,PASS,PASS
D05968,003756D0,08C0EF35,full_text,0,PASS,PASS
D05969,003756D4,08802A94,full_text,0,PASS,PASS
ARTE_162,003756E0,08C0C38C,compact,0,PASS,PASS
D05970,003756E4,08C0EF3C,full_text,0,PASS,PASS
D05971,003756E8,08C46162,full_text,0,PASS,PASS
ARTE_163,003756F4,08C0C396,compact,0,PASS,PASS
D05972,003756F8,08C0EF43,full_text,0,PASS,PASS
D05973,003756FC,08C4618D,full_text,0,PASS,PASS
ARTE_164,00375708,08C0C3A4,compact,0,PASS,PASS
D05974,0037570C,08C0EF4E,full_text,0,PASS,PASS
D05975,00375710,08C461B2,full_text,0,PASS,PASS
ARTE_165,0037571C,08C0C3AF,compact,0,PASS,PASS
D05976,00375720,08C0EF57,full_text,0,PASS,PASS
D05977,00375724,088029D8,full_text,0,PASS,PASS
ARTE_166,00375730,08C0C3C3,compact,0,PASS,PASS
D05978,00375734,08C0EF66,full_text,0,PASS,PASS
D05979,00375738,08C461DD,full_text,0,PASS,PASS
ARTE_167,00375744,08C0C3D0,compact,0,PASS,PASS
D05980,00375748,08C0EF6F,full_text,0,PASS,PASS
D05981,0037574C,08C461FE,full_text,0,PASS,PASS
ARTE_168,00375758,08C0C3E0,compact,0,PASS,PASS
D05982,0037575C,08C0EF7A,full_text,0,PASS,PASS
D05983,00375760,08802958,full_text,0,PASS,PASS
ARTE_169,0037576C,08C0C3F0,compact,0,PASS,PASS
D05984,00375770,08C0EF85,full_text,0,PASS,PASS
D05985,00375774,0880293A,full_text,0,PASS,PASS
ARTE_170,00375780,08C0C3FA,compact,0,PASS,PASS
D05986,00375784,08C0EF8C,full_text,0,PASS,PASS
D05987,00375788,08802920,full_text,0,PASS,PASS
ARTE_171,00375794,08C0C408,compact,0,PASS,PASS
D05988,00375798,08C0EF97,full_text,0,PASS,PASS
D05989,0037579C,08C46219,full_text,0,PASS,PASS
ARTE_172,003757A8,08C0C415,compact,0,PASS,PASS
D05990,003757AC,08C0EFA0,full_text,0,PASS,PASS
D05991,003757B0,088028C8,full_text,0,PASS,PASS
ARTE_173,003757BC,08C0C423,compact,0,PASS,PASS
D05992,003757C0,08C0EFAB,full_text,0,PASS,PASS
D05993,003757C4,08C46242,full_text,0,PASS,PASS
ARTE_174,003757D0,08C0C431,compact,0,PASS,PASS
D05994,003757D4,08C0EFB6,full_text,0,PASS,PASS
D05995,003757D8,08C46261,full_text,0,PASS,PASS
ARTE_175,003757E4,08C0C43E,compact,0,PASS,PASS
D05996,003757E8,08C0EFBF,full_text,0,PASS,PASS
D05997,003757EC,08C46286,full_text,0,PASS,PASS
ARTE_176,003757F8,08C0C445,compact,0,PASS,PASS
D05998,003757FC,08C0EFC4,full_text,0,PASS,PASS
D05999,00375800,0880281A,full_text,0,PASS,PASS
ARTE_177,0037580C,08C0C44C,compact,0,PASS,PASS
D06000,00375810,08C0EFC9,full_text,0,PASS,PASS
D05977,00375814,088029D8,full_text,0,PASS,PASS
ARTE_178,00375820,08C0C459,compact,0,PASS,PASS
D06001,00375824,08C0EFD2,full_text,0,PASS,PASS
D06002,00375828,08C462B5,full_text,0,PASS,PASS
ARTE_179,00375834,08C0C469,compact,0,PASS,PASS
D06003,00375838,08C0EFDD,full_text,0,PASS,PASS
D06004,0037583C,08C462CC,full_text,0,PASS,PASS
ARTE_180,00375848,08C0C476,compact,0,PASS,PASS
D06005,0037584C,08C0EFE6,full_text,0,PASS,PASS
D06006,00375850,08802793,full_text,0,PASS,PASS
ARTE_181,0037585C,08C0C486,compact,0,PASS,PASS
D06007,00375860,08C0EFF1,full_text,0,PASS,PASS
D06008,00375864,0880275F,full_text,0,PASS,PASS
ARTE_182,00375870,08C0C48D,compact,0,PASS,PASS
D06009,00375874,08C0EFF6,full_text,0,PASS,PASS
D06010,00375878,08C462F7,full_text,0,PASS,PASS
ARTE_183,00375884,08C0C497,compact,0,PASS,PASS
D06011,00375888,08C0EFFD,full_text,0,PASS,PASS
D06012,0037588C,08C46322,full_text,0,PASS,PASS
ARTE_184,00375898,08C0C4A7,compact,0,PASS,PASS
D06013,0037589C,08C0F008,full_text,0,PASS,PASS
D06014,003758A0,088026DF,full_text,0,PASS,PASS
ARTE_185,003758AC,08C0C4AE,compact,0,PASS,PASS
D06015,003758B0,08C0F00D,full_text,0,PASS,PASS
D06016,003758B4,08C46349,full_text,0,PASS,PASS
ARTE_186,003758C0,08C0C4B8,compact,0,PASS,PASS
D06017,003758C4,08C0F014,full_text,0,PASS,PASS
D06018,003758C8,08802691,full_text,0,PASS,PASS
ARTE_187,003758D4,08C0C4C2,compact,0,PASS,PASS
D06019,003758D8,08C0F01B,full_text,0,PASS,PASS
D06020,003758DC,08C46372,full_text,0,PASS,PASS
ARTE_188,003758E8,08C0C4D6,compact,0,PASS,PASS
D06021,003758EC,08C0F02A,full_text,0,PASS,PASS
D06022,003758F0,08802635,full_text,0,PASS,PASS
ARTE_189,003758FC,08C0C4DD,compact,0,PASS,PASS
D06023,00375900,08C0F02F,full_text,0,PASS,PASS
D06024,00375904,0880261F,full_text,0,PASS,PASS
ARTE_190,00375910,08C0C4ED,compact,0,PASS,PASS
D06025,00375914,08C0F03A,full_text,0,PASS,PASS
D06026,00375918,08C4638F,full_text,0,PASS,PASS
ARTE_191,00375924,08C0C4FD,compact,0,PASS,PASS
D06027,00375928,08C0F045,full_text,0,PASS,PASS
D05763,0037592C,08C456E4,full_text,0,PASS,PASS
ARTE_192,00375938,08C0C504,compact,0,PASS,PASS
D06028,0037593C,08C0F04A,full_text,0,PASS,PASS
D05715,00375940,08C4553E,full_text,0,PASS,PASS
ARTE_193,0037594C,08C0C512,compact,0,PASS,PASS
D06029,00375950,08C0F055,full_text,0,PASS,PASS
D06030,00375954,088025C5,full_text,0,PASS,PASS
ARTE_194,00375960,08C0C519,compact,0,PASS,PASS
D06031,00375964,08C0F05A,full_text,0,PASS,PASS
D06032,00375968,08C463B8,full_text,0,PASS,PASS
ARTE_195,00375974,08C0C52D,compact,0,PASS,PASS
D06033,00375978,08C0F069,full_text,0,PASS,PASS
D06034,0037597C,08C463DD,full_text,0,PASS,PASS
ARTE_196,00375988,08C0C534,compact,0,PASS,PASS
D06035,0037598C,08C0F06E,full_text,0,PASS,PASS
D06036,00375990,08C463F8,full_text,0,PASS,PASS
ARTE_197,0037599C,08C0C542,compact,0,PASS,PASS
D06037,003759A0,08C0F079,full_text,0,PASS,PASS
D06038,003759A4,08C4641D,full_text,0,PASS,PASS
ARTE_198,003759B0,08C0C552,compact,0,PASS,PASS
D06039,003759B4,08C0F084,full_text,0,PASS,PASS
D06040,003759B8,08C46446,full_text,0,PASS,PASS
ARTE_199,003759C4,08C0C560,compact,0,PASS,PASS
D06041,003759C8,08C0F08F,full_text,0,PASS,PASS
D06042,003759CC,08C46467,full_text,0,PASS,PASS
ARTE_200,003759D8,08C0C567,compact,0,PASS,PASS
D06043,003759DC,08C0F094,full_text,0,PASS,PASS
D06044,003759E0,08C46498,full_text,0,PASS,PASS
ARTE_201,003759EC,08C0C56E,compact,0,PASS,PASS
D06045,003759F0,08C0F099,full_text,0,PASS,PASS
D06046,003759F4,08C464C3,full_text,0,PASS,PASS
ARTE_202,00375A00,08C0C585,compact,0,PASS,PASS
D06047,00375A04,08C0F0AA,full_text,0,PASS,PASS
D06048,00375A08,08C464EE,full_text,0,PASS,PASS
ARTE_203,00375A14,08C0C5A2,compact,0,PASS,PASS
D06049,00375A18,08C0F0BF,full_text,0,PASS,PASS
D06050,00375A1C,08C46509,full_text,0,PASS,PASS
ARTE_204,00375A28,08C0C5B6,compact,0,PASS,PASS
D06051,00375A2C,08C0F0CE,full_text,0,PASS,PASS
D06052,00375A30,08C46536,full_text,0,PASS,PASS
ARTE_205,00375A3C,08C0C5C7,compact,0,PASS,PASS
D06053,00375A40,08C0F0DB,full_text,0,PASS,PASS
D06054,00375A44,0880235F,full_text,0,PASS,PASS
ARTE_206,00375A50,08C0C5D7,compact,0,PASS,PASS
D06055,00375A54,08C0F0E6,full_text,0,PASS,PASS
D06056,00375A58,08802333,full_text,0,PASS,PASS
ARTE_207,00375A64,08C0C23F,compact,0,PASS,PASS
D05924,00375A68,08C0F0ED,full_text,0,PASS,PASS
D05925,00375A6C,08C45F0C,full_text,0,PASS,PASS
ARTE_208,00375A78,08C0BEBE,compact,0,PASS,PASS
D05798,00375A7C,08C0F0F4,full_text,0,PASS,PASS
D05799,00375A80,08C45872,full_text,0,PASS,PASS
ARTE_209,00375A8C,08C0BE12,compact,0,PASS,PASS
D05772,00375A90,08C0F0FF,full_text,0,PASS,PASS
D05773,00375A94,08803B70,full_text,0,PASS,PASS
ARTE_210,00375AA0,08C0BE3E,compact,0,PASS,PASS
D05778,00375AA4,08C0F10A,full_text,0,PASS,PASS
D05779,00375AA8,08C45776,full_text,0,PASS,PASS
ARTE_211,00375AB4,08C0BE31,compact,0,PASS,PASS
D05776,00375AB8,08C0F113,full_text,0,PASS,PASS
D05777,00375ABC,08803B28,full_text,0,PASS,PASS
ARTE_212,00375AC8,08C0BDB8,compact,0,PASS,PASS
D05760,00375ACC,08C0F11C,full_text,0,PASS,PASS
D05761,00375AD0,08803C90,full_text,0,PASS,PASS
ARTE_213,00375ADC,08C0C5E1,compact,0,PASS,PASS
D06057,00375AE0,08C0F121,full_text,0,PASS,PASS
D06058,00375AE4,08C4655D,full_text,0,PASS,PASS
ARTE_214,00375AF0,08C0C5F2,compact,0,PASS,PASS
D06059,00375AF4,08C0F12E,full_text,0,PASS,PASS
D06060,00375AF8,088022DB,full_text,0,PASS,PASS
ARTE_215,00375B04,08C0C600,compact,0,PASS,PASS
D06061,00375B08,08C0F139,full_text,0,PASS,PASS
D06062,00375B0C,08C46578,full_text,0,PASS,PASS
ARTE_216,00375B18,08C0C611,compact,0,PASS,PASS
D06063,00375B1C,08C0F146,full_text,0,PASS,PASS
D06064,00375B20,08C46593,full_text,0,PASS,PASS
ARTE_217,00375B2C,08C0C618,compact,0,PASS,PASS
D06065,00375B30,08C0F14B,full_text,0,PASS,PASS
D06066,00375B34,08802267,full_text,0,PASS,PASS
ARTE_218,00375B40,08C0C626,compact,0,PASS,PASS
D06067,00375B44,08C0F156,full_text,0,PASS,PASS
D06068,00375B48,08C465B0,full_text,0,PASS,PASS
ARTE_219,00375B54,08C0C634,compact,0,PASS,PASS
D06069,00375B58,08C0F161,full_text,0,PASS,PASS
D06070,00375B5C,08C465C9,full_text,0,PASS,PASS
ARTE_220,00375B68,08C0C63B,compact,0,PASS,PASS
D06071,00375B6C,08C0F166,full_text,0,PASS,PASS
D06072,00375B70,08C465F7,full_text,0,PASS,PASS
ARTE_221,00375B7C,08C0C0F5,compact,0,PASS,PASS
D05879,00375B80,08C0F16B,full_text,0,PASS,PASS
D06073,00375B84,088021C6,full_text,0,PASS,PASS
ARTE_222,00375B90,08C0C469,compact,0,PASS,PASS
D06003,00375B94,08C0F174,full_text,0,PASS,PASS
D06074,00375B98,08C46625,full_text,0,PASS,PASS
ARTE_223,00375BA4,08C0BE5F,compact,0,PASS,PASS
D05782,00375BA8,08C0F17D,full_text,0,PASS,PASS
D05783,00375BAC,08C457BA,full_text,0,PASS,PASS
ARTE_224,00375BB8,08C0BE77,compact,0,PASS,PASS
D05788,00375BBC,08C0F180,full_text,0,PASS,PASS
D06075,00375BC0,08802178,full_text,0,PASS,PASS
ARTE_225,00375BCC,08C0C11C,compact,0,PASS,PASS
D05885,00375BD0,08C0F187,full_text,0,PASS,PASS
D05886,00375BD4,08C45D05,full_text,0,PASS,PASS
ARTE_226,00375BE0,08C0C642,compact,0,PASS,PASS
D06076,00375BE4,08C0F190,full_text,0,PASS,PASS
D06077,00375BE8,08802160,full_text,0,PASS,PASS
ARTE_227,00375BF4,08C0C649,compact,0,PASS,PASS
D06078,00375BF8,08C0F195,full_text,0,PASS,PASS
D06079,00375BFC,08C46652,full_text,0,PASS,PASS
ARTE_228,00375C08,08C0C65A,compact,0,PASS,PASS
D06080,00375C0C,08C0F1A2,full_text,0,PASS,PASS
D06081,00375C10,08C46676,full_text,0,PASS,PASS
ARTE_229,00375C1C,08C0C668,compact,0,PASS,PASS
D06082,00375C20,08C0F1AD,full_text,0,PASS,PASS
D06083,00375C24,08C46697,full_text,0,PASS,PASS
ARTE_230,00375C30,08C0C679,compact,0,PASS,PASS
D06084,00375C34,08C0F1BA,full_text,0,PASS,PASS
D06085,00375C38,08C466B4,full_text,0,PASS,PASS
ARTE_231,00375C44,08C0C680,compact,0,PASS,PASS
D06086,00375C48,08C0F1BF,full_text,0,PASS,PASS
D06087,00375C4C,08C466CF,full_text,0,PASS,PASS
D00708,00375C58,08804674,full_text,0,PASS,PASS
D06088,00375C5C,08C466F6,full_text,0,PASS,PASS
D00710,00375C60,08804668,full_text,0,PASS,PASS
D00711,00375C64,08C10D03,full_text,0,PASS,PASS
D00712,00375C68,0880465C,full_text,0,PASS,PASS
D00713,00375C6C,08804657,full_text,0,PASS,PASS
D00714,00375C70,08C10D0A,full_text,0,PASS,PASS
D00715,00375C74,0880464D,full_text,0,PASS,PASS
D00716,00375C78,08804648,full_text,0,PASS,PASS
D00717,00375C7C,08C10D0F,full_text,0,PASS,PASS
D00718,00375C80,08804638,full_text,0,PASS,PASS
D00719,00375C84,08804633,full_text,0,PASS,PASS
D00720,00375C88,0880462E,full_text,0,PASS,PASS
D06089,00375C8C,08C466FD,full_text,0,PASS,PASS
D00722,00375C90,08804622,full_text,0,PASS,PASS
D00723,00375C94,08C10D16,full_text,0,PASS,PASS
D00724,00375C98,08C10D1B,full_text,0,PASS,PASS
D00725,00375C9C,08804615,full_text,0,PASS,PASS
D00726,00375CA0,08C10D20,full_text,0,PASS,PASS
D00727,00375CA4,0880460B,full_text,0,PASS,PASS
D06090,00375CA8,08C46702,full_text,0,PASS,PASS
D00729,00375CAC,088045FF,full_text,0,PASS,PASS
D06091,00375CB0,08C46707,full_text,0,PASS,PASS
D06092,00375CB4,088045E7,full_text,0,PASS,PASS
D06093,00375CB8,08C46716,full_text,0,PASS,PASS
D06094,00375CBC,08C46725,full_text,0,PASS,PASS
D06095,00375CC0,08C46728,full_text,0,PASS,PASS
D06096,00375CC4,08C4672F,full_text,0,PASS,PASS
D06097,00375CC8,088045BC,full_text,0,PASS,PASS
D06098,00375CCC,088045B5,full_text,0,PASS,PASS
D06099,00375CD0,088045B0,full_text,0,PASS,PASS
D06100,00375CD4,08C46738,full_text,0,PASS,PASS
D06101,00375CD8,088045A6,full_text,0,PASS,PASS
D06102,00375CDC,08C4673D,full_text,0,PASS,PASS
D06103,00375CE0,08C46746,full_text,0,PASS,PASS
D06104,00375CE4,08804585,full_text,0,PASS,PASS
D06105,00375CE8,0880457A,full_text,0,PASS,PASS
D06106,00375CEC,08804571,full_text,0,PASS,PASS
D06107,00375CF0,08C4674F,full_text,0,PASS,PASS
D06108,00375CF4,08804565,full_text,0,PASS,PASS
D06109,00375CF8,08C46754,full_text,0,PASS,PASS
D06110,00375CFC,08804559,full_text,0,PASS,PASS
D06111,00375D00,08804550,full_text,0,PASS,PASS
D06112,00375D04,08C4675B,full_text,0,PASS,PASS
D06113,00375D08,08804536,full_text,0,PASS,PASS
D06114,00375D0C,08804529,full_text,0,PASS,PASS
D06115,00375D10,0880451C,full_text,0,PASS,PASS
D06116,00375D14,08C46768,full_text,0,PASS,PASS
D06117,00375D18,08804504,full_text,0,PASS,PASS
D06118,00375D1C,088044FB,full_text,0,PASS,PASS
D06119,00375D20,088044F0,full_text,0,PASS,PASS
D06120,00375D24,08C46775,full_text,0,PASS,PASS
D06121,00375D28,08C46782,full_text,0,PASS,PASS
D06122,00375D2C,088044CD,full_text,0,PASS,PASS
D06123,00375D30,088044C2,full_text,0,PASS,PASS
D06124,00375D34,088044B3,full_text,0,PASS,PASS
D06125,00375D38,088044A6,full_text,0,PASS,PASS
D06126,00375D3C,0880449B,full_text,0,PASS,PASS
BATTLE_NAME_000,00375D40,08C0C694,compact,0,PASS,PASS
BATTLE_NAME_001,00375D44,08C0C69E,compact,0,PASS,PASS
BATTLE_NAME_002,00375D48,08C0C6A8,compact,0,PASS,PASS
BATTLE_NAME_003,00375D4C,08C0C6AF,compact,0,PASS,PASS
BATTLE_NAME_004,00375D50,08C0C6B9,compact,0,PASS,PASS
BATTLE_NAME_005,00375D54,08C0C6C0,compact,0,PASS,PASS
BATTLE_NAME_006,00375D58,08C0C6C7,compact,0,PASS,PASS
BATTLE_NAME_007,00375D5C,08C0C6CE,compact,0,PASS,PASS
BATTLE_NAME_008,00375D60,08C0C6D5,compact,0,PASS,PASS
BATTLE_NAME_009,00375D64,08C0C6DC,compact,0,PASS,PASS
BATTLE_NAME_010,00375D68,08C0C6E6,compact,0,PASS,PASS
BATTLE_NAME_011,00375D6C,08C0C6F3,compact,0,PASS,PASS
BATTLE_NAME_012,00375D70,08C0C6FA,compact,0,PASS,PASS
BATTLE_NAME_013,00375D74,08C0C701,compact,0,PASS,PASS
BATTLE_NAME_014,00375D78,08C0C708,compact,0,PASS,PASS
BATTLE_NAME_015,00375D7C,08C0C70F,compact,0,PASS,PASS
BATTLE_NAME_016,00375D80,08C0C716,compact,0,PASS,PASS
BATTLE_NAME_017,00375D84,08C0C71D,compact,0,PASS,PASS
BATTLE_NAME_018,00375D88,08C0C721,compact,0,PASS,PASS
BATTLE_NAME_019,00375D8C,08C0C72B,compact,0,PASS,PASS
BATTLE_NAME_020,00375D90,08C0C732,compact,0,PASS,PASS
BATTLE_NAME_021,00375D94,08C0C739,compact,0,PASS,PASS
BATTLE_NAME_022,00375D98,08C0C743,compact,0,PASS,PASS
BATTLE_NAME_023,00375D9C,08C0C750,compact,0,PASS,PASS
BATTLE_NAME_024,00375DA0,08C0C757,compact,0,PASS,PASS
BATTLE_NAME_025,00375DA4,08C0C764,compact,0,PASS,PASS
BATTLE_NAME_026,00375DA8,08C0C768,compact,0,PASS,PASS
BATTLE_NAME_027,00375DAC,08C0C772,compact,0,PASS,PASS
BATTLE_NAME_028,00375DB0,08C0C77F,compact,0,PASS,PASS
BATTLE_NAME_029,00375DB4,08C0C786,compact,0,PASS,PASS
BATTLE_NAME_030,00375DB8,08C0C790,compact,0,PASS,PASS
BATTLE_NAME_031,00375DBC,08C0C797,compact,0,PASS,PASS
BATTLE_NAME_032,00375DC0,08C0C79E,compact,0,PASS,PASS
BATTLE_NAME_033,00375DC4,08C0C7A5,compact,0,PASS,PASS
BATTLE_NAME_034,00375DC8,08C0C7B0,compact,0,PASS,PASS
BATTLE_NAME_035,00375DCC,08C0C7BD,compact,0,PASS,PASS
BATTLE_NAME_036,00375DD0,08C0C7C7,compact,0,PASS,PASS
BATTLE_NAME_037,00375DD4,08C0C7D5,compact,0,PASS,PASS
BATTLE_NAME_038,00375DD8,08C0C7E2,compact,0,PASS,PASS
BATTLE_NAME_039,00375DDC,08C0C7E9,compact,0,PASS,PASS
BATTLE_NAME_040,00375DE0,08C0C7F3,compact,0,PASS,PASS
BATTLE_NAME_041,00375DE4,08C0C7FD,compact,0,PASS,PASS
BATTLE_NAME_042,00375DE8,08C0C804,compact,0,PASS,PASS
BATTLE_NAME_043,00375DEC,08C0C811,compact,0,PASS,PASS
BATTLE_NAME_044,00375DF0,08C0C818,compact,0,PASS,PASS
BATTLE_NAME_045,00375DF4,08C0C81F,compact,0,PASS,PASS
BATTLE_NAME_046,00375DF8,08C0C826,compact,0,PASS,PASS
BATTLE_NAME_047,00375DFC,08C0C82D,compact,0,PASS,PASS
BATTLE_NAME_048,00375E00,08C0C834,compact,0,PASS,PASS
BATTLE_NAME_049,00375E04,08C0C83B,compact,0,PASS,PASS
BATTLE_NAME_050,00375E08,08C0C83F,compact,0,PASS,PASS
BATTLE_NAME_051,00375E0C,08C0C846,compact,0,PASS,PASS
BATTLE_NAME_052,00375E10,08C0C850,compact,0,PASS,PASS
BATTLE_NAME_053,00375E14,08C0C854,compact,0,PASS,PASS
BATTLE_NAME_054,00375E18,08C0C85B,compact,0,PASS,PASS
BATTLE_NAME_055,00375E1C,08C0C85F,compact,0,PASS,PASS
BATTLE_NAME_056,00375E20,08C0C869,compact,0,PASS,PASS
BATTLE_NAME_057,00375E24,08C0C870,compact,0,PASS,PASS
D06127,00375E28,088046D5,full_text,0,PASS,PASS
D06128,00375E2C,088046CC,full_text,0,PASS,PASS
D06129,00375E30,088046C1,full_text,0,PASS,PASS
D06130,00375E34,088046B6,full_text,0,PASS,PASS
D06131,00375E38,088046AD,full_text,0,PASS,PASS
D06132,00375E3C,088046A0,full_text,0,PASS,PASS
D06133,00375E40,08804695,full_text,0,PASS,PASS
D06134,00375E44,08C4678B,full_text,0,PASS,PASS
D06135,00375E48,0880467B,full_text,0,PASS,PASS
title_10_relative_pointer,00376924,008A7708,other_declared_pointer,0,TYPED_NONABSOLUTE,NOT_A_TEXT_ASSERTION
title_13_relative_pointer,00376930,008A7908,other_declared_pointer,0,TYPED_NONABSOLUTE,NOT_A_TEXT_ASSERTION
title_14_relative_pointer,00376934,008A7B08,other_declared_pointer,0,TYPED_NONABSOLUTE,NOT_A_TEXT_ASSERTION
title_15_relative_pointer,00376938,008A7D08,other_declared_pointer,0,TYPED_NONABSOLUTE,NOT_A_TEXT_ASSERTION
D06136,00380A2C,08C46798,full_text,0,PASS,PASS
D06137,00380A30,08804844,full_text,0,PASS,PASS
D06138,00380A34,08C467CC,full_text,0,PASS,PASS
D06139,00380A38,08C467F4,full_text,0,PASS,PASS
D06140,00380A3C,08C4681A,full_text,0,PASS,PASS
D06141,00380A40,08C4682F,full_text,0,PASS,PASS
D06142,00380A44,088049CE,full_text,0,PASS,PASS
D06142,00380A48,088049B5,full_text,0,PASS,PASS
D06143,00380A4C,08C46844,full_text,0,PASS,PASS
D06144,00380A50,08C4688F,full_text,0,PASS,PASS
D06145,00380A54,08C468DE,full_text,0,PASS,PASS
D06146,00380A58,08C46933,full_text,0,PASS,PASS
D06147,00380A5C,08C4697C,full_text,0,PASS,PASS
D06148,00380A60,08C469D5,full_text,0,PASS,PASS
D06149,00380A64,08C46A22,full_text,0,PASS,PASS
D06150,00380A68,08C46A83,full_text,0,PASS,PASS
D06151,00380A6C,08804D43,full_text,0,PASS,PASS
D06152,00380A70,08804D00,full_text,0,PASS,PASS
D06153,00380A74,08C46AD8,full_text,0,PASS,PASS
D06154,00380A78,08C46B32,full_text,0,PASS,PASS
D06155,00380A7C,08C46B7B,full_text,0,PASS,PASS
info_graphic_relative_pointer,00380F20,0089B0F8,other_declared_pointer,0,TYPED_NONABSOLUTE,NOT_A_TEXT_ASSERTION
UI_003A7080_pointer,003A7080,08C0DD79,other_declared_pointer,0,ROM,NOT_A_TEXT_ASSERTION
UI_003A7084_pointer,003A7084,08C0DD80,other_declared_pointer,0,ROM,NOT_A_TEXT_ASSERTION
UI_003A7088_pointer,003A7088,08C0DD8A,other_declared_pointer,0,ROM,NOT_A_TEXT_ASSERTION
UI_003A708C_pointer,003A708C,08C0DD91,other_declared_pointer,0,ROM,NOT_A_TEXT_ASSERTION
UI_003A7090_pointer,003A7090,08C0DD9B,other_declared_pointer,0,ROM,NOT_A_TEXT_ASSERTION
UI_003A7094_pointer,003A7094,08C0DDA2,other_declared_pointer,0,ROM,NOT_A_TEXT_ASSERTION
D06156,003A7098,08C46BC0,full_text,0,PASS,PASS
D06157,003A709C,08C46BEC,full_text,0,PASS,PASS
D06158,003A70A0,08805F42,full_text,0,PASS,PASS
D06159,003A70A8,08C46C12,full_text,0,PASS,PASS
D06160,003A70AC,08C46C36,full_text,0,PASS,PASS
D06161,003A70B0,08806006,full_text,0,PASS,PASS
D06162,003A70B4,08C46C60,full_text,0,PASS,PASS
D06163,003A70B8,08805FBC,full_text,0,PASS,PASS
D06164,003A70BC,08C46C94,full_text,0,PASS,PASS
D06165,003A70C0,08C46CC6,full_text,0,PASS,PASS
D06166,003A70C4,08C46CE8,full_text,0,PASS,PASS
D06167,003A70C8,08C46D0A,full_text,0,PASS,PASS
D06168,003A70CC,08C46D2C,full_text,0,PASS,PASS
D06169,003A70D0,08C46D54,full_text,0,PASS,PASS
D06170,003A70D4,08C46D72,full_text,0,PASS,PASS
D06171,003A70D8,08C46D9D,full_text,0,PASS,PASS
UI_003A70DC_pointer,003A70DC,08C0DDAC,other_declared_pointer,0,ROM,NOT_A_TEXT_ASSERTION
UI_003A70E0_pointer,003A70E0,08C0DDC3,other_declared_pointer,0,ROM,NOT_A_TEXT_ASSERTION
UI_003A70E4_pointer,003A70E4,08C0DDDA,other_declared_pointer,0,ROM,NOT_A_TEXT_ASSERTION
UI_003A70E8_pointer,003A70E8,08C0DDEE,other_declared_pointer,0,ROM,NOT_A_TEXT_ASSERTION
UI_003A70EC_pointer,003A70EC,08C0DDFF,other_declared_pointer,0,ROM,NOT_A_TEXT_ASSERTION
D06172,003A70F0,08C46DCA,full_text,0,PASS,PASS
D06173,003A70F4,0880662D,full_text,0,PASS,PASS
D06174,003A70F8,08C46DED,full_text,0,PASS,PASS
D06175,003A70FC,08C46E1A,full_text,0,PASS,PASS
D06176,003A7100,08C46E31,full_text,0,PASS,PASS
D06176,003A7104,08C46E31,full_text,0,PASS,PASS
D06177,003A7108,08C46E56,full_text,0,PASS,PASS
D06178,003A710C,08C46E77,full_text,0,PASS,PASS
D06179,003A7110,08C46E94,full_text,0,PASS,PASS
D06180,003A7114,08C46EBB,full_text,0,PASS,PASS
D06181,003A7118,08C46EDE,full_text,0,PASS,PASS
D06182,003A711C,08C46F0D,full_text,0,PASS,PASS
D06183,003A7120,08C46F2E,full_text,0,PASS,PASS
D06184,003A7124,08C46F4B,full_text,0,PASS,PASS
D06185,003A7128,08806514,full_text,0,PASS,PASS
D06186,003A712C,0880650E,full_text,0,PASS,PASS
D06187,003A7130,08806508,full_text,0,PASS,PASS
D06177,003A7134,08C46E56,full_text,0,PASS,PASS
D06177,003A7138,08C46E56,full_text,0,PASS,PASS
D06177,003A713C,08C46E56,full_text,0,PASS,PASS
D06188,003A7140,08C46F6C,full_text,0,PASS,PASS
D06189,003A7144,08C46F91,full_text,0,PASS,PASS
D06190,003A7148,08C46FD1,full_text,0,PASS,PASS
D06191,003A714C,08C46FDE,full_text,0,PASS,PASS
D06191,003A7150,08C46FDE,full_text,0,PASS,PASS
D06192,003A7154,08C46FFD,full_text,0,PASS,PASS
D06193,003A7158,08C4701E,full_text,0,PASS,PASS
D06194,003A715C,08C4703D,full_text,0,PASS,PASS
D06195,003A7160,08C47062,full_text,0,PASS,PASS
D06196,003A7164,08C47093,full_text,0,PASS,PASS
D06197,003A7168,08C470C6,full_text,0,PASS,PASS
D06198,003A716C,08C4710C,full_text,0,PASS,PASS
D06199,003A7170,08C4717E,full_text,0,PASS,PASS
D06185,003A7174,08806514,full_text,0,PASS,PASS
D06186,003A7178,0880650E,full_text,0,PASS,PASS
D06187,003A717C,08806508,full_text,0,PASS,PASS
D06192,003A7180,08C46FFD,full_text,0,PASS,PASS
D06192,003A7184,08C46FFD,full_text,0,PASS,PASS
D06192,003A7188,08C46FFD,full_text,0,PASS,PASS
D06200,003A718C,08C471A3,full_text,0,PASS,PASS
D06201,003A7190,08C471D0,full_text,0,PASS,PASS
D06202,003A7194,08C471EB,full_text,0,PASS,PASS
D06203,003A7198,08C471FA,full_text,0,PASS,PASS
D06204,003A719C,08C47223,full_text,0,PASS,PASS
D06205,003A71A0,08C47244,full_text,0,PASS,PASS
D06206,003A71A4,08C4725D,full_text,0,PASS,PASS
D06207,003A71A8,088061C9,full_text,0,PASS,PASS
UI_003A71AC_pointer,003A71AC,08C0DE14,other_declared_pointer,0,ROM,NOT_A_TEXT_ASSERTION
UI_003A71B0_pointer,003A71B0,08C0DE25,other_declared_pointer,0,ROM,NOT_A_TEXT_ASSERTION
UI_003A71B4_pointer,003A71B4,08C0DE32,other_declared_pointer,0,ROM,NOT_A_TEXT_ASSERTION
UI_003A71B8_pointer,003A71B8,08C0DE40,other_declared_pointer,0,ROM,NOT_A_TEXT_ASSERTION
UI_003A71BC_pointer,003A71BC,08C0DE4E,other_declared_pointer,0,ROM,NOT_A_TEXT_ASSERTION
UI_003A71C0_pointer,003A71C0,08C0DE5C,other_declared_pointer,0,ROM,NOT_A_TEXT_ASSERTION
UI_003A71C4_pointer,003A71C4,08C0DE6D,other_declared_pointer,0,ROM,NOT_A_TEXT_ASSERTION
UI_003A71C8_pointer,003A71C8,08C0DE7B,other_declared_pointer,0,ROM,NOT_A_TEXT_ASSERTION
UI_003A71CC_pointer,003A71CC,08C0DE8C,other_declared_pointer,0,ROM,NOT_A_TEXT_ASSERTION
D06208,003A71D0,08806817,full_text,0,PASS,PASS
D06209,003A71D4,08806814,full_text,0,PASS,PASS
D06210,003A71D8,08806811,full_text,0,PASS,PASS
D06211,003A71DC,0880680E,full_text,0,PASS,PASS
D06212,003A71E0,0880680B,full_text,0,PASS,PASS
D06213,003A71E4,08806808,full_text,0,PASS,PASS
D06214,003A71E8,08806805,full_text,0,PASS,PASS
D06215,003A71EC,08806802,full_text,0,PASS,PASS
UI_003A71F0_pointer,003A71F0,08C0DE9A,other_declared_pointer,0,ROM,NOT_A_TEXT_ASSERTION
UI_003A71F4_pointer,003A71F4,08C0DEA5,other_declared_pointer,0,ROM,NOT_A_TEXT_ASSERTION
UI_003A71F8_pointer,003A71F8,08C0DEB3,other_declared_pointer,0,ROM,NOT_A_TEXT_ASSERTION
UI_003A71FC_pointer,003A71FC,08C0DEC1,other_declared_pointer,0,ROM,NOT_A_TEXT_ASSERTION
UI_003A7200_pointer,003A7200,08C0DECF,other_declared_pointer,0,ROM,NOT_A_TEXT_ASSERTION
UI_003A7204_pointer,003A7204,08C0DEDA,other_declared_pointer,0,ROM,NOT_A_TEXT_ASSERTION
UI_003A7208_pointer,003A7208,08C0DEEB,other_declared_pointer,0,ROM,NOT_A_TEXT_ASSERTION
UI_003A720C_pointer,003A720C,08C0DEF9,other_declared_pointer,0,ROM,NOT_A_TEXT_ASSERTION
UI_003A7210_pointer,003A7210,08C0DF0A,other_declared_pointer,0,ROM,NOT_A_TEXT_ASSERTION
UI_003A7214_pointer,003A7214,08C0DF1B,other_declared_pointer,0,ROM,NOT_A_TEXT_ASSERTION
UI_003A7218_pointer,003A7218,08C0DF26,other_declared_pointer,0,ROM,NOT_A_TEXT_ASSERTION
UI_003A721C_pointer,003A721C,08C0DF34,other_declared_pointer,0,ROM,NOT_A_TEXT_ASSERTION
UI_003A7220_pointer,003A7220,08C0DF3B,other_declared_pointer,0,ROM,NOT_A_TEXT_ASSERTION
UI_003A7224_pointer,003A7224,08C0DF49,other_declared_pointer,0,ROM,NOT_A_TEXT_ASSERTION
UI_003A7228_pointer,003A7228,08C0DF53,other_declared_pointer,0,ROM,NOT_A_TEXT_ASSERTION
UI_003A722C_pointer,003A722C,08C0DF64,other_declared_pointer,0,ROM,NOT_A_TEXT_ASSERTION
UI_003A7230_pointer,003A7230,08C0DF79,other_declared_pointer,0,ROM,NOT_A_TEXT_ASSERTION
UI_003A7234_pointer,003A7234,08C0DF80,other_declared_pointer,0,ROM,NOT_A_TEXT_ASSERTION
UI_003A7238_pointer,003A7238,08C0DF8E,other_declared_pointer,0,ROM,NOT_A_TEXT_ASSERTION
UI_003A723C_pointer,003A723C,08C0DF9C,other_declared_pointer,0,ROM,NOT_A_TEXT_ASSERTION
D06216,003A7430,08806848,full_text,0,PASS,PASS
D06217,003A7434,08806832,full_text,0,PASS,PASS
D06218,003A7438,0880681A,full_text,0,PASS,PASS
D06219,003A743C,08C4727E,full_text,0,PASS,PASS
D06220,003A7440,08C472A8,full_text,0,PASS,PASS
D06221,003A7444,0880691B,full_text,0,PASS,PASS
D06222,003A7448,08806907,full_text,0,PASS,PASS
D06223,003A744C,0880698E,full_text,0,PASS,PASS
D06224,003A7450,0880697C,full_text,0,PASS,PASS
D06225,003A7454,08C472D2,full_text,0,PASS,PASS
D06226,003A7458,0880692F,full_text,0,PASS,PASS
UI_003A74F4_pointer,003A74F4,08C0DFAA,other_declared_pointer,0,ROM,NOT_A_TEXT_ASSERTION
UI_003A74F8_pointer,003A74F8,08C0DFB4,other_declared_pointer,0,ROM,NOT_A_TEXT_ASSERTION
UI_003A74FC_pointer,003A74FC,08C0DFBE,other_declared_pointer,0,ROM,NOT_A_TEXT_ASSERTION
UI_003A7500_pointer,003A7500,08C0DFC5,other_declared_pointer,0,ROM,NOT_A_TEXT_ASSERTION
D06227,003A7504,08C47309,full_text,0,PASS,PASS
D06227,003A7508,08C47309,full_text,0,PASS,PASS
D00737,003A750C,08806ED7,full_text,0,PASS,PASS
D00737,003A7510,08806ED7,full_text,0,PASS,PASS
D06228,003A7514,08C47314,full_text,0,PASS,PASS
D06228,003A7518,08C47314,full_text,0,PASS,PASS
D00760,003A751C,08806EBB,full_text,0,PASS,PASS
D00760,003A7520,08806EBB,full_text,0,PASS,PASS
D06229,003A7524,08C4731B,full_text,0,PASS,PASS
D06229,003A7528,08C4731B,full_text,0,PASS,PASS
D00762,003A752C,08806E9F,full_text,0,PASS,PASS
D00763,003A7530,08806E94,full_text,0,PASS,PASS
D06230,003A7534,08C47324,full_text,0,PASS,PASS
D06230,003A7538,08C47324,full_text,0,PASS,PASS
D00765,003A753C,08806E7A,full_text,0,PASS,PASS
D00765,003A7540,08806E7A,full_text,0,PASS,PASS
D00766,003A7544,08806E73,full_text,0,PASS,PASS
D00766,003A7548,08806E73,full_text,0,PASS,PASS
D00767,003A754C,08806E6E,full_text,0,PASS,PASS
D00767,003A7550,08806E6E,full_text,0,PASS,PASS
D00738,003A7554,08806E67,full_text,0,PASS,PASS
D00738,003A7558,08806E67,full_text,0,PASS,PASS
D00768,003A755C,08806E5E,full_text,0,PASS,PASS
D00768,003A7560,08806E5E,full_text,0,PASS,PASS
D00769,003A7564,08806E55,full_text,0,PASS,PASS
D00769,003A7568,08806E55,full_text,0,PASS,PASS
D00770,003A756C,08806E4C,full_text,0,PASS,PASS
D00770,003A7570,08806E4C,full_text,0,PASS,PASS
D00771,003A7574,08806E43,full_text,0,PASS,PASS
D00771,003A7578,08806E43,full_text,0,PASS,PASS
D06231,003A757C,08C4732D,full_text,0,PASS,PASS
D06231,003A7580,08C4732D,full_text,0,PASS,PASS
D00773,003A7584,08806E37,full_text,0,PASS,PASS
D00773,003A7588,08806E37,full_text,0,PASS,PASS
D00774,003A758C,08806E32,full_text,0,PASS,PASS
D00774,003A7590,08806E32,full_text,0,PASS,PASS
D06232,003A7594,08C47336,full_text,0,PASS,PASS
D06232,003A7598,08C47336,full_text,0,PASS,PASS
D00739,003A759C,08806E26,full_text,0,PASS,PASS
D00739,003A75A0,08806E26,full_text,0,PASS,PASS
D00776,003A75A4,08806E21,full_text,0,PASS,PASS
D00776,003A75A8,08806E21,full_text,0,PASS,PASS
D06233,003A75AC,08C4733B,full_text,0,PASS,PASS
D06233,003A75B0,08C4733B,full_text,0,PASS,PASS
D00778,003A75B4,08806E13,full_text,0,PASS,PASS
D06234,003A75B8,08C47344,full_text,0,PASS,PASS
D06235,003A75BC,08C4734D,full_text,0,PASS,PASS
D06235,003A75C0,08C4734D,full_text,0,PASS,PASS
D06236,003A75C4,08C47356,full_text,0,PASS,PASS
D06237,003A75C8,08C4735D,full_text,0,PASS,PASS
D00783,003A75CC,08806DEA,full_text,0,PASS,PASS
D00783,003A75D0,08806DEA,full_text,0,PASS,PASS
D00784,003A75D4,08806DE3,full_text,0,PASS,PASS
D00784,003A75D8,08806DE3,full_text,0,PASS,PASS
D00740,003A75DC,08806DDC,full_text,0,PASS,PASS
D00740,003A75E0,08806DDC,full_text,0,PASS,PASS
D00785,003A75E4,08806DD5,full_text,0,PASS,PASS
D00785,003A75E8,08806DD5,full_text,0,PASS,PASS
D00786,003A75EC,08806DCE,full_text,0,PASS,PASS
D00786,003A75F0,08806DCE,full_text,0,PASS,PASS
D00837,003A75F4,08806DC5,full_text,0,PASS,PASS
D00838,003A75F8,08806DBA,full_text,0,PASS,PASS
D00839,003A75FC,08806DB1,full_text,0,PASS,PASS
D00839,003A7600,08806DB1,full_text,0,PASS,PASS
D00840,003A7604,08806DAA,full_text,0,PASS,PASS
D00840,003A7608,08806DAA,full_text,0,PASS,PASS
D00787,003A760C,08806DA3,full_text,0,PASS,PASS
D00787,003A7610,08806DA3,full_text,0,PASS,PASS
D00788,003A7614,08806D9C,full_text,0,PASS,PASS
D00788,003A7618,08806D9C,full_text,0,PASS,PASS
D00841,003A761C,08806D97,full_text,0,PASS,PASS
D00841,003A7620,08806D97,full_text,0,PASS,PASS
D00741,003A7624,08806D92,full_text,0,PASS,PASS
D00741,003A7628,08806D92,full_text,0,PASS,PASS
D00789,003A762C,08806D89,full_text,0,PASS,PASS
D00789,003A7630,08806D89,full_text,0,PASS,PASS
D06238,003A7634,08C47368,full_text,0,PASS,PASS
D00791,003A7638,08806D79,full_text,0,PASS,PASS
D06239,003A763C,08C4736F,full_text,0,PASS,PASS
D00793,003A7640,08806D67,full_text,0,PASS,PASS
D00794,003A7644,08806D5E,full_text,0,PASS,PASS
D00794,003A7648,08806D5E,full_text,0,PASS,PASS
D00795,003A764C,08806D55,full_text,0,PASS,PASS
D00796,003A7650,08806D4C,full_text,0,PASS,PASS
D00797,003A7654,08806D45,full_text,0,PASS,PASS
D00797,003A7658,08806D45,full_text,0,PASS,PASS
D00798,003A765C,08806D40,full_text,0,PASS,PASS
D00798,003A7660,08806D40,full_text,0,PASS,PASS
D06240,003A7664,08C4737A,full_text,0,PASS,PASS
D06240,003A7668,08C4737A,full_text,0,PASS,PASS
D00742,003A766C,08806D2E,full_text,0,PASS,PASS
D00743,003A7670,08806D29,full_text,0,PASS,PASS
D06241,003A7674,08C47385,full_text,0,PASS,PASS
D06241,003A7678,08C47385,full_text,0,PASS,PASS
D00801,003A767C,08806D0D,full_text,0,PASS,PASS
D00801,003A7680,08806D0D,full_text,0,PASS,PASS
D00802,003A7684,08806CFE,full_text,0,PASS,PASS
D00802,003A7688,08806CFE,full_text,0,PASS,PASS
D06242,003A768C,08C47394,full_text,0,PASS,PASS
D06242,003A7690,08C47394,full_text,0,PASS,PASS
D00804,003A7694,08806CE4,full_text,0,PASS,PASS
D00804,003A7698,08806CE4,full_text,0,PASS,PASS
D06243,003A769C,08C473A1,full_text,0,PASS,PASS
D06244,003A76A0,08C473A8,full_text,0,PASS,PASS
D00807,003A76A4,08806CC7,full_text,0,PASS,PASS
D00807,003A76A8,08806CC7,full_text,0,PASS,PASS
D06245,003A76AC,08C473B3,full_text,0,PASS,PASS
D06246,003A76B0,08C473C0,full_text,0,PASS,PASS
D00758,003A76B4,08806CAA,full_text,0,PASS,PASS
D00758,003A76B8,08806CAA,full_text,0,PASS,PASS
D00810,003A76BC,08806CA3,full_text,0,PASS,PASS
D00810,003A76C0,08806CA3,full_text,0,PASS,PASS
D00811,003A76C4,08806C9E,full_text,0,PASS,PASS
D00811,003A76C8,08806C9E,full_text,0,PASS,PASS
D00812,003A76CC,08806C99,full_text,0,PASS,PASS
D00812,003A76D0,08806C99,full_text,0,PASS,PASS
D00813,003A76D4,08806C94,full_text,0,PASS,PASS
D00813,003A76D8,08806C94,full_text,0,PASS,PASS
D06247,003A76DC,08C473CB,full_text,0,PASS,PASS
D06247,003A76E0,08C473CB,full_text,0,PASS,PASS
D06248,003A76E4,08C473D2,full_text,0,PASS,PASS
D06248,003A76E8,08C473D2,full_text,0,PASS,PASS
D00744,003A76EC,08806C7D,full_text,0,PASS,PASS
D00744,003A76F0,08806C7D,full_text,0,PASS,PASS
D00745,003A76F4,08806C76,full_text,0,PASS,PASS
D06249,003A76F8,08C473DF,full_text,0,PASS,PASS
D00816,003A76FC,08806C5E,full_text,0,PASS,PASS
D06250,003A7700,08C473E6,full_text,0,PASS,PASS
D06251,003A7704,08C473F1,full_text,0,PASS,PASS
D06252,003A7708,08C473FA,full_text,0,PASS,PASS
D00820,003A770C,08806C42,full_text,0,PASS,PASS
D00821,003A7710,08806C3B,full_text,0,PASS,PASS
D06253,003A7714,08C47403,full_text,0,PASS,PASS
D00823,003A7718,08806C29,full_text,0,PASS,PASS
D00747,003A771C,08806C20,full_text,0,PASS,PASS
D00747,003A7720,08806C20,full_text,0,PASS,PASS
D06254,003A7724,08C47410,full_text,0,PASS,PASS
D06254,003A7728,08C47410,full_text,0,PASS,PASS
D06255,003A772C,08C47417,full_text,0,PASS,PASS
D06255,003A7730,08C47417,full_text,0,PASS,PASS
D00749,003A7734,08806C0D,full_text,0,PASS,PASS
D06256,003A7738,08C4741E,full_text,0,PASS,PASS
D00751,003A773C,08806C01,full_text,0,PASS,PASS
D00751,003A7740,08806C01,full_text,0,PASS,PASS
D00752,003A7744,08806BFC,full_text,0,PASS,PASS
D00752,003A7748,08806BFC,full_text,0,PASS,PASS
D00824,003A774C,08806BF3,full_text,0,PASS,PASS
D00824,003A7750,08806BF3,full_text,0,PASS,PASS
D00825,003A7754,08806BEA,full_text,0,PASS,PASS
D00825,003A7758,08806BEA,full_text,0,PASS,PASS
D00826,003A775C,08806BE1,full_text,0,PASS,PASS
D00826,003A7760,08806BE1,full_text,0,PASS,PASS
D00827,003A7764,08806BD8,full_text,0,PASS,PASS
D00827,003A7768,08806BD8,full_text,0,PASS,PASS
D00828,003A776C,08806BD1,full_text,0,PASS,PASS
D00828,003A7770,08806BD1,full_text,0,PASS,PASS
D00829,003A7774,08806BCA,full_text,0,PASS,PASS
D00829,003A7778,08806BCA,full_text,0,PASS,PASS
D00830,003A777C,08806BC1,full_text,0,PASS,PASS
D00830,003A7780,08806BC1,full_text,0,PASS,PASS
D00831,003A7784,08806BB8,full_text,0,PASS,PASS
D00831,003A7788,08806BB8,full_text,0,PASS,PASS
D06257,003A778C,08C47423,full_text,0,PASS,PASS
D06257,003A7790,08C47423,full_text,0,PASS,PASS
D00754,003A7794,08806BA4,full_text,0,PASS,PASS
D00832,003A7798,08806B9B,full_text,0,PASS,PASS
D06258,003A779C,08C4742C,full_text,0,PASS,PASS
D00834,003A77A0,08806B87,full_text,0,PASS,PASS
D06259,003A77A4,08C47439,full_text,0,PASS,PASS
D00755,003A77A8,08806B7B,full_text,0,PASS,PASS
D00708,003A77AC,08806B74,full_text,0,PASS,PASS
D00709,003A77B0,08806B6D,full_text,0,PASS,PASS
D00710,003A77B4,08806B68,full_text,0,PASS,PASS
D00708,003A77B8,08806B61,full_text,0,PASS,PASS
D00712,003A77BC,08806B5C,full_text,0,PASS,PASS
D00713,003A77C0,08806B57,full_text,0,PASS,PASS
D00714,003A77C4,08C10D27,full_text,0,PASS,PASS
D00715,003A77C8,08806B4D,full_text,0,PASS,PASS
D00716,003A77CC,08806B48,full_text,0,PASS,PASS
D00717,003A77D0,08C10D2C,full_text,0,PASS,PASS
D00718,003A77D4,08806B38,full_text,0,PASS,PASS
D00719,003A77D8,08806B33,full_text,0,PASS,PASS
D00720,003A77DC,08806B2E,full_text,0,PASS,PASS
D06089,003A77E0,08C466FD,full_text,0,PASS,PASS
D00722,003A77E4,08806B22,full_text,0,PASS,PASS
D00723,003A77E8,08C10D33,full_text,0,PASS,PASS
D00724,003A77EC,08C10D38,full_text,0,PASS,PASS
D00725,003A77F0,08806B15,full_text,0,PASS,PASS
D00726,003A77F4,08C10D3D,full_text,0,PASS,PASS
D06260,003A77F8,08C47440,full_text,0,PASS,PASS
D06261,003A77FC,08C47445,full_text,0,PASS,PASS
D00729,003A7800,08806AFF,full_text,0,PASS,PASS
D00734,003A7804,08806AFA,full_text,0,PASS,PASS
D00733,003A7808,08806AF3,full_text,0,PASS,PASS
D00731,003A780C,08806AEC,full_text,0,PASS,PASS
D06262,003A7810,08C4744A,full_text,0,PASS,PASS
D00730,003A7814,08806ADC,full_text,0,PASS,PASS
D00732,003A7818,08806AD3,full_text,0,PASS,PASS
D00756,003A781C,08806ACC,full_text,0,PASS,PASS
D00757,003A7820,08806AC5,full_text,0,PASS,PASS
D06263,003A7824,08C47451,full_text,0,PASS,PASS
D06264,003A7828,08C47485,full_text,0,PASS,PASS
D06265,003A782C,08C474C1,full_text,0,PASS,PASS
D06266,003A7830,08C474F7,full_text,0,PASS,PASS
D06267,003A7834,08C47527,full_text,0,PASS,PASS
D06268,003A7838,08C47545,full_text,0,PASS,PASS
D06269,003A783C,08C47573,full_text,0,PASS,PASS
D06270,003A7840,08808D2A,full_text,0,PASS,PASS
D06271,003A7844,08C47595,full_text,0,PASS,PASS
D06272,003A7848,08808CA8,full_text,0,PASS,PASS
D06273,003A784C,08C475D1,full_text,0,PASS,PASS
D06274,003A7850,08C47603,full_text,0,PASS,PASS
D06275,003A7854,08C4763B,full_text,0,PASS,PASS
D06276,003A7858,08808BDA,full_text,0,PASS,PASS
D06277,003A785C,08808BB7,full_text,0,PASS,PASS
D06278,003A7860,08808B8A,full_text,0,PASS,PASS
D06279,003A7864,08808B4C,full_text,0,PASS,PASS
D06280,003A7868,08C4767F,full_text,0,PASS,PASS
D06281,003A786C,08C476A7,full_text,0,PASS,PASS
D06282,003A7870,08C476D9,full_text,0,PASS,PASS
D06283,003A7874,08808AAE,full_text,0,PASS,PASS
D06284,003A7878,08C47709,full_text,0,PASS,PASS
D06285,003A787C,08C4772F,full_text,0,PASS,PASS
D06286,003A7880,08C4774C,full_text,0,PASS,PASS
D06287,003A7884,08C47788,full_text,0,PASS,PASS
D06288,003A7888,08C477AA,full_text,0,PASS,PASS
D06289,003A788C,08C477EC,full_text,0,PASS,PASS
D06290,003A7890,08C47820,full_text,0,PASS,PASS
D06291,003A7894,08C4785C,full_text,0,PASS,PASS
D06292,003A7898,08C47898,full_text,0,PASS,PASS
D06293,003A789C,08C478D6,full_text,0,PASS,PASS
D06294,003A78A0,08C47902,full_text,0,PASS,PASS
D06295,003A78A4,08C47934,full_text,0,PASS,PASS
D06296,003A78A8,0880883F,full_text,0,PASS,PASS
D06297,003A78AC,0880881D,full_text,0,PASS,PASS
D06298,003A78B0,088087E3,full_text,0,PASS,PASS
D06299,003A78B4,08C4795C,full_text,0,PASS,PASS
D06300,003A78B8,08C47983,full_text,0,PASS,PASS
D06301,003A78BC,08C7293B,full_text,0,PASS,PASS
D06302,003A78C0,08C479AF,full_text,0,PASS,PASS
D06303,003A78C4,08C72965,full_text,0,PASS,PASS
D06304,003A78C8,088086D9,full_text,0,PASS,PASS
D06305,003A78CC,08C47A08,full_text,0,PASS,PASS
D06306,003A78D0,08C47A44,full_text,0,PASS,PASS
D06307,003A78D4,08C47A80,full_text,0,PASS,PASS
D06308,003A78D8,08C47AAA,full_text,0,PASS,PASS
D06309,003A78DC,08C47ACC,full_text,0,PASS,PASS
D06310,003A78E0,08C47AF8,full_text,0,PASS,PASS
D06311,003A78E4,08C47B21,full_text,0,PASS,PASS
D06312,003A78E8,08808566,full_text,0,PASS,PASS
D06313,003A78EC,08C47B40,full_text,0,PASS,PASS
D06314,003A78F0,08C47B72,full_text,0,PASS,PASS
D06315,003A78F4,08C47BAC,full_text,0,PASS,PASS
D06316,003A78F8,088084A2,full_text,0,PASS,PASS
D06317,003A78FC,08C47BDA,full_text,0,PASS,PASS
D06318,003A7900,08C47BE7,full_text,0,PASS,PASS
D06319,003A7904,08C47C11,full_text,0,PASS,PASS
D06320,003A7908,08C47C43,full_text,0,PASS,PASS
D06321,003A790C,08C47C65,full_text,0,PASS,PASS
D06322,003A7910,08C47C97,full_text,0,PASS,PASS
D06323,003A7914,08C47CB7,full_text,0,PASS,PASS
D06324,003A7918,08C47CDD,full_text,0,PASS,PASS
D06325,003A791C,08C47D00,full_text,0,PASS,PASS
D06326,003A7920,08C47D2C,full_text,0,PASS,PASS
D06327,003A7924,08C47D58,full_text,0,PASS,PASS
D06328,003A7928,08C47D7C,full_text,0,PASS,PASS
D06329,003A792C,08808298,full_text,0,PASS,PASS
D06330,003A7930,08808276,full_text,0,PASS,PASS
D06331,003A7934,08808251,full_text,0,PASS,PASS
D06332,003A7938,08C47DA8,full_text,0,PASS,PASS
D06333,003A793C,08C47DDA,full_text,0,PASS,PASS
D06334,003A7940,08C47E06,full_text,0,PASS,PASS
D06335,003A7944,08C47E34,full_text,0,PASS,PASS
D06336,003A7948,08C47E6C,full_text,0,PASS,PASS
D06337,003A794C,08808127,full_text,0,PASS,PASS
D06338,003A7950,08C47E90,full_text,0,PASS,PASS
D06339,003A7954,08C47EC0,full_text,0,PASS,PASS
D06340,003A7958,08C47EE0,full_text,0,PASS,PASS
D06341,003A795C,08C47EF5,full_text,0,PASS,PASS
D06342,003A7960,08C47F0A,full_text,0,PASS,PASS
D06343,003A7964,08C47F1F,full_text,0,PASS,PASS
D06344,003A7968,08808036,full_text,0,PASS,PASS
D06345,003A796C,08808021,full_text,0,PASS,PASS
D06346,003A7970,08C47F45,full_text,0,PASS,PASS
D06347,003A7974,08807FD2,full_text,0,PASS,PASS
D06348,003A7978,08807F9E,full_text,0,PASS,PASS
D06349,003A797C,08C47F85,full_text,0,PASS,PASS
D06350,003A7980,08807F65,full_text,0,PASS,PASS
D06351,003A7984,08807F52,full_text,0,PASS,PASS
D06352,003A7988,08807F3F,full_text,0,PASS,PASS
D06353,003A798C,08807F2C,full_text,0,PASS,PASS
D06354,003A7990,08807F12,full_text,0,PASS,PASS
D06355,003A7994,08807EFD,full_text,0,PASS,PASS
D06356,003A7998,08807EE8,full_text,0,PASS,PASS
D06357,003A799C,08807ED3,full_text,0,PASS,PASS
D06358,003A79A0,08807EAD,full_text,0,PASS,PASS
D06359,003A79A4,08C47FB7,full_text,0,PASS,PASS
D06360,003A79A8,08C47FDD,full_text,0,PASS,PASS
D06361,003A79AC,08C47FFA,full_text,0,PASS,PASS
D06362,003A79B0,08C48017,full_text,0,PASS,PASS
D06363,003A79B4,08C48034,full_text,0,PASS,PASS
D06364,003A79B8,08C48051,full_text,0,PASS,PASS
D06365,003A79BC,08C48077,full_text,0,PASS,PASS
D06366,003A79C0,08C48094,full_text,0,PASS,PASS
D06367,003A79C4,08C480B1,full_text,0,PASS,PASS
D06368,003A79C8,08C480CE,full_text,0,PASS,PASS
D06369,003A79CC,08807D6B,full_text,0,PASS,PASS
D06370,003A79D0,08807D33,full_text,0,PASS,PASS
D06371,003A79D4,08C480EB,full_text,0,PASS,PASS
D06372,003A79D8,08C48129,full_text,0,PASS,PASS
D06373,003A79DC,08C4814F,full_text,0,PASS,PASS
D06374,003A79E0,08C48183,full_text,0,PASS,PASS
D06375,003A79E4,08807C49,full_text,0,PASS,PASS
D06376,003A79E8,08C481AD,full_text,0,PASS,PASS
D06377,003A79EC,08C481DB,full_text,0,PASS,PASS
D06378,003A79F0,08C4821B,full_text,0,PASS,PASS
D06379,003A79F4,08807B97,full_text,0,PASS,PASS
D06380,003A79F8,08C4824D,full_text,0,PASS,PASS
D06381,003A79FC,08807B4D,full_text,0,PASS,PASS
D06382,003A7A00,08C4827B,full_text,0,PASS,PASS
D06383,003A7A04,08C482AE,full_text,0,PASS,PASS
D06384,003A7A08,08807AAC,full_text,0,PASS,PASS
D06385,003A7A0C,08C482D8,full_text,0,PASS,PASS
D06386,003A7A10,08C48304,full_text,0,PASS,PASS
D06387,003A7A14,08C48344,full_text,0,PASS,PASS
D06388,003A7A18,08C48361,full_text,0,PASS,PASS
D06389,003A7A1C,088079C5,full_text,0,PASS,PASS
D06390,003A7A20,0880799C,full_text,0,PASS,PASS
D06391,003A7A24,08C4838F,full_text,0,PASS,PASS
D06392,003A7A28,0880795A,full_text,0,PASS,PASS
D06393,003A7A2C,08C483A4,full_text,0,PASS,PASS
D06394,003A7A30,08C483CC,full_text,0,PASS,PASS
D06395,003A7A34,08C483F0,full_text,0,PASS,PASS
D06396,003A7A38,08C4842C,full_text,0,PASS,PASS
D06397,003A7A3C,08C48478,full_text,0,PASS,PASS
D06398,003A7A40,08807832,full_text,0,PASS,PASS
D06399,003A7A44,08C484A4,full_text,0,PASS,PASS
D06400,003A7A48,08C72984,full_text,0,PASS,PASS
D06401,003A7A4C,08C48526,full_text,0,PASS,PASS
D06401,003A7A50,08C48526,full_text,0,PASS,PASS
D06401,003A7A54,08C48526,full_text,0,PASS,PASS
D06402,003A7A58,08C4854D,full_text,0,PASS,PASS
FIXED_UI_003A7A70_pointer,003A7A70,08C0F214,other_declared_pointer,0,ROM,NOT_A_TEXT_ASSERTION
FIXED_UI_003A7A74_pointer,003A7A74,08C0F1F6,other_declared_pointer,0,ROM,NOT_A_TEXT_ASSERTION
FIXED_UI_003A7A78_pointer,003A7A78,08C0F1DC,other_declared_pointer,0,ROM,NOT_A_TEXT_ASSERTION
FIXED_UI_003A7A88_pointer,003A7A88,08C0F267,other_declared_pointer,0,ROM,NOT_A_TEXT_ASSERTION
FIXED_UI_003A7A8C_pointer,003A7A8C,08C0F249,other_declared_pointer,0,ROM,NOT_A_TEXT_ASSERTION
FIXED_UI_003A7A90_pointer,003A7A90,08C0F22F,other_declared_pointer,0,ROM,NOT_A_TEXT_ASSERTION
FIXED_UI_003A7AA0_pointer,003A7AA0,08C0F2BC,other_declared_pointer,0,ROM,NOT_A_TEXT_ASSERTION
FIXED_UI_003A7AA4_pointer,003A7AA4,08C0F29E,other_declared_pointer,0,ROM,NOT_A_TEXT_ASSERTION
FIXED_UI_003A7AA8_pointer,003A7AA8,08C0F284,other_declared_pointer,0,ROM,NOT_A_TEXT_ASSERTION
shop_graphic_relative_pointer,003A7AE0,00872524,other_declared_pointer,0,TYPED_NONABSOLUTE,NOT_A_TEXT_ASSERTION
SELECT_PARTY_000,003AE0C0,08C0C874,compact,0,PASS,PASS
SELECT_PARTY_001,003AE0C4,08C0C87C,compact,0,PASS,PASS
SELECT_PARTY_002,003AE0C8,08C0C884,compact,0,PASS,PASS
SELECT_PARTY_003,003AE0CC,08C0C88C,compact,0,PASS,PASS
SELECT_PARTY_004,003AE0D0,08C0C891,compact,0,PASS,PASS
SELECT_PARTY_005,003AE0D4,08C0C896,compact,0,PASS,PASS
SELECT_PARTY_006,003AE0D8,08C0C89B,compact,0,PASS,PASS
SELECT_JOB_000,003AE0E0,08C0C8A0,compact,0,PASS,PASS
SELECT_JOB_001,003AE0E4,08C0C8A7,compact,0,PASS,PASS
SELECT_JOB_002,003AE0E8,08C0C8B1,compact,0,PASS,PASS
SELECT_JOB_003,003AE0EC,08C0C8BB,compact,0,PASS,PASS
SELECT_JOB_004,003AE0F0,08C0C8C2,compact,0,PASS,PASS
SELECT_JOB_005,003AE0F4,08C0C8CC,compact,0,PASS,PASS
SELECT_JOB_006,003AE0F8,08C0C8D3,compact,0,PASS,PASS
SELECT_JOB_007,003AE0FC,08C0C8DA,compact,0,PASS,PASS
SELECT_JOB_008,003AE100,08C0C8E1,compact,0,PASS,PASS
SELECT_JOB_009,003AE104,08C0C8E8,compact,0,PASS,PASS
SELECT_JOB_010,003AE108,08C0C8EF,compact,0,PASS,PASS
SELECT_JOB_011,003AE10C,08C0C8F9,compact,0,PASS,PASS
SELECT_JOB_012,003AE110,08C0C906,compact,0,PASS,PASS
SELECT_JOB_013,003AE114,08C0C90D,compact,0,PASS,PASS
SELECT_JOB_014,003AE118,08C0C914,compact,0,PASS,PASS
SELECT_JOB_015,003AE11C,08C0C91B,compact,0,PASS,PASS
SELECT_JOB_016,003AE120,08C0C922,compact,0,PASS,PASS
SELECT_JOB_017,003AE124,08C0C929,compact,0,PASS,PASS
SELECT_JOB_018,003AE128,08C0C930,compact,0,PASS,PASS
SELECT_JOB_019,003AE12C,08C0C934,compact,0,PASS,PASS
SELECT_JOB_020,003AE130,08C0C93E,compact,0,PASS,PASS
SELECT_JOB_021,003AE134,08C0C945,compact,0,PASS,PASS
SELECT_JOB_022,003AE138,08C0C94C,compact,0,PASS,PASS
SELECT_JOB_023,003AE13C,08C0C956,compact,0,PASS,PASS
SELECT_JOB_024,003AE140,08C0C960,compact,0,PASS,PASS
SELECT_JOB_025,003AE144,08C0C96A,compact,0,PASS,PASS
SELECT_JOB_026,003AE148,08C0C977,compact,0,PASS,PASS
SELECT_JOB_027,003AE14C,08C0C981,compact,0,PASS,PASS
SELECT_JOB_028,003AE150,08C0C988,compact,0,PASS,PASS
SELECT_JOB_029,003AE154,08C0C992,compact,0,PASS,PASS
SELECT_JOB_030,003AE158,08C0C992,compact,0,PASS,PASS
SELECT_JOB_031,003AE15C,08C0C9A2,compact,0,PASS,PASS
SELECT_JOB_032,003AE160,08C0C9A2,compact,0,PASS,PASS
SELECT_JOB_033,003AE164,08C0C9A9,compact,0,PASS,PASS
SELECT_JOB_034,003AE168,08C0C9A9,compact,0,PASS,PASS
SELECT_JOB_035,003AE16C,08C0C9B3,compact,0,PASS,PASS
SELECT_JOB_036,003AE170,08C0C9B3,compact,0,PASS,PASS
SELECT_JOB_037,003AE174,08C0C9BA,compact,0,PASS,PASS
SELECT_JOB_038,003AE178,08C0C9BA,compact,0,PASS,PASS
SELECT_JOB_039,003AE17C,08C0C9C4,compact,0,PASS,PASS
SELECT_JOB_040,003AE180,08C0C9C4,compact,0,PASS,PASS
SELECT_JOB_041,003AE184,08C0C9CB,compact,0,PASS,PASS
SELECT_JOB_042,003AE188,08C0C9D5,compact,0,PASS,PASS
SELECT_JOB_043,003AE18C,08C0C9DC,compact,0,PASS,PASS
SELECT_JOB_044,003AE190,08C0C9DC,compact,0,PASS,PASS
SELECT_JOB_045,003AE194,08C0C9E3,compact,0,PASS,PASS
SELECT_JOB_046,003AE198,08C0C9ED,compact,0,PASS,PASS
SELECT_JOB_047,003AE19C,08C0C9F7,compact,0,PASS,PASS
SELECT_JOB_048,003AE1A0,08C0C9F7,compact,0,PASS,PASS
SELECT_JOB_049,003AE1A4,08C0CA04,compact,0,PASS,PASS
SELECT_JOB_050,003AE1A8,08C0CA04,compact,0,PASS,PASS
SELECT_JOB_051,003AE1AC,08C0CA0E,compact,0,PASS,PASS
SELECT_JOB_052,003AE1B0,08C0CA15,compact,0,PASS,PASS
SELECT_JOB_053,003AE1B4,08C0CA1C,compact,0,PASS,PASS
SELECT_JOB_054,003AE1B8,08C0CA1C,compact,0,PASS,PASS
SELECT_JOB_055,003AE1BC,08C0CA26,compact,0,PASS,PASS
SELECT_JOB_056,003AE1C0,08C0CA26,compact,0,PASS,PASS
SELECT_JOB_057,003AE1C4,08C0CA2D,compact,0,PASS,PASS
SELECT_JOB_058,003AE1C8,08C0CA2D,compact,0,PASS,PASS
SELECT_JOB_059,003AE1CC,08C0CA3A,compact,0,PASS,PASS
SELECT_JOB_060,003AE1D0,08C0CA44,compact,0,PASS,PASS
SELECT_JOB_061,003AE1D4,08C0CA4B,compact,0,PASS,PASS
SELECT_JOB_062,003AE1D8,08C0CA55,compact,0,PASS,PASS
SELECT_JOB_063,003AE1DC,08C0CA5F,compact,0,PASS,PASS
SELECT_JOB_064,003AE1E0,08C0CA5F,compact,0,PASS,PASS
SELECT_JOB_065,003AE1E4,08C0CA66,compact,0,PASS,PASS
SELECT_JOB_066,003AE1E8,08C0CA66,compact,0,PASS,PASS
SELECT_JOB_067,003AE1EC,08C0CA70,compact,0,PASS,PASS
SELECT_JOB_068,003AE1F0,08C0CA70,compact,0,PASS,PASS
SELECT_JOB_069,003AE1F4,08C0CA7D,compact,0,PASS,PASS
SELECT_JOB_070,003AE1F8,08C0CA7D,compact,0,PASS,PASS
SELECT_JOB_071,003AE1FC,08C0CA8A,compact,0,PASS,PASS
SELECT_JOB_072,003AE200,08C0CA94,compact,0,PASS,PASS
SELECT_JOB_073,003AE204,08C0CAA4,compact,0,PASS,PASS
SELECT_JOB_074,003AE208,08C0CAA4,compact,0,PASS,PASS
SELECT_JOB_075,003AE20C,08C0CAB1,compact,0,PASS,PASS
SELECT_JOB_076,003AE210,08C0CAB1,compact,0,PASS,PASS
SELECT_JOB_077,003AE214,08C0CABB,compact,0,PASS,PASS
SELECT_JOB_078,003AE218,08C0CABB,compact,0,PASS,PASS
SELECT_JOB_079,003AE21C,08C0CAC5,compact,0,PASS,PASS
SELECT_JOB_080,003AE220,08C0CAC5,compact,0,PASS,PASS
SELECT_JOB_081,003AE224,08C0CACC,compact,0,PASS,PASS
SELECT_JOB_082,003AE228,08C0CACC,compact,0,PASS,PASS
SELECT_JOB_083,003AE22C,08C0CAD9,compact,0,PASS,PASS
SELECT_JOB_084,003AE230,08C0CAD9,compact,0,PASS,PASS
SELECT_JOB_085,003AE234,08C0CAE6,compact,0,PASS,PASS
SELECT_JOB_086,003AE238,08C0CAE6,compact,0,PASS,PASS
SELECT_JOB_087,003AE23C,08C0CAF3,compact,0,PASS,PASS
SELECT_JOB_088,003AE240,08C0CAF3,compact,0,PASS,PASS
SELECT_JOB_089,003AE244,08C0CB00,compact,0,PASS,PASS
SELECT_JOB_090,003AE248,08C0CB00,compact,0,PASS,PASS
SELECT_JOB_091,003AE24C,08C0CB0D,compact,0,PASS,PASS
SELECT_JOB_092,003AE250,08C0CB0D,compact,0,PASS,PASS
SELECT_JOB_093,003AE254,08C0CB14,compact,0,PASS,PASS
SELECT_JOB_094,003AE258,08C0CB14,compact,0,PASS,PASS
SELECT_JOB_095,003AE25C,08C0CB1B,compact,0,PASS,PASS
SELECT_JOB_096,003AE260,08C0CB1B,compact,0,PASS,PASS
SELECT_JOB_097,003AE264,08C0CB22,compact,0,PASS,PASS
SELECT_JOB_098,003AE268,08C0CB22,compact,0,PASS,PASS
SELECT_JOB_099,003AE26C,08C0CB29,compact,0,PASS,PASS
SELECT_JOB_100,003AE270,08C0CB29,compact,0,PASS,PASS
SELECT_JOB_101,003AE274,08C0CB36,compact,0,PASS,PASS
SELECT_JOB_102,003AE278,08C0CB3D,compact,0,PASS,PASS
SELECT_JOB_103,003AE27C,08C0CB4A,compact,0,PASS,PASS
SELECT_JOB_104,003AE280,08C0CB4A,compact,0,PASS,PASS
SELECT_JOB_105,003AE284,08C0CB57,compact,0,PASS,PASS
SELECT_JOB_106,003AE288,08C0CB61,compact,0,PASS,PASS
SELECT_JOB_107,003AE28C,08C0CB71,compact,0,PASS,PASS
SELECT_JOB_108,003AE290,08C0CB71,compact,0,PASS,PASS
SELECT_JOB_109,003AE294,08C0CB7E,compact,0,PASS,PASS
SELECT_JOB_110,003AE298,08C0CB7E,compact,0,PASS,PASS
SELECT_JOB_111,003AE29C,08C0CB88,compact,0,PASS,PASS
SELECT_JOB_112,003AE2A0,08C0CB88,compact,0,PASS,PASS
SELECT_JOB_113,003AE2A4,08C0CB92,compact,0,PASS,PASS
SELECT_JOB_114,003AE2A8,08C0CB92,compact,0,PASS,PASS
SELECT_JOB_115,003AE2AC,08C0CB9C,compact,0,PASS,PASS
SELECT_JOB_116,003AE2B0,08C0CB9C,compact,0,PASS,PASS
SELECT_JOB_117,003AE2B4,08C0CBA6,compact,0,PASS,PASS
SELECT_JOB_118,003AE2B8,08C0CBA6,compact,0,PASS,PASS
SELECT_JOB_119,003AE2BC,08C0CBB0,compact,0,PASS,PASS
SELECT_JOB_120,003AE2C0,08C0CBB0,compact,0,PASS,PASS
SELECT_JOB_121,003AE2C4,08C0CBBD,compact,0,PASS,PASS
SELECT_JOB_122,003AE2C8,08C0CBC7,compact,0,PASS,PASS
SELECT_JOB_123,003AE2CC,08C0CBD7,compact,0,PASS,PASS
SELECT_JOB_124,003AE2D0,08C0CBE7,compact,0,PASS,PASS
SELECT_JOB_125,003AE2D4,08C0CBF1,compact,0,PASS,PASS
SELECT_JOB_126,003AE2D8,08C0CBFE,compact,0,PASS,PASS
SELECT_JOB_127,003AE2DC,08C0CC0B,compact,0,PASS,PASS
SELECT_JOB_128,003AE2E0,08C0CC18,compact,0,PASS,PASS
SELECT_JOB_129,003AE2E4,08C0CC25,compact,0,PASS,PASS
SELECT_JOB_130,003AE2E8,08C0CC25,compact,0,PASS,PASS
SELECT_JOB_131,003AE2EC,08C0CC2F,compact,0,PASS,PASS
SELECT_JOB_132,003AE2F0,08C0CC2F,compact,0,PASS,PASS
SELECT_JOB_133,003AE2F4,08C0CC36,compact,0,PASS,PASS
SELECT_JOB_134,003AE2F8,08C0CC36,compact,0,PASS,PASS
SELECT_JOB_135,003AE2FC,08C0CC44,compact,0,PASS,PASS
SELECT_JOB_136,003AE300,08C0CC44,compact,0,PASS,PASS
SELECT_JOB_137,003AE304,08C0CC58,compact,0,PASS,PASS
SELECT_JOB_138,003AE308,08C0CC58,compact,0,PASS,PASS
SELECT_JOB_139,003AE30C,08C0CC69,compact,0,PASS,PASS
SELECT_JOB_140,003AE310,08C0CC69,compact,0,PASS,PASS
SELECT_JOB_141,003AE314,08C0CC7D,compact,0,PASS,PASS
SELECT_JOB_142,003AE318,08C0CC7D,compact,0,PASS,PASS
SELECT_JOB_143,003AE31C,08C0CC8E,compact,0,PASS,PASS
SELECT_JOB_144,003AE320,08C0CC8E,compact,0,PASS,PASS
SELECT_JOB_145,003AE324,08C0CC9F,compact,0,PASS,PASS
SELECT_JOB_146,003AE328,08C0CCA9,compact,0,PASS,PASS
SELECT_JOB_147,003AE32C,08C0CCB9,compact,0,PASS,PASS
SELECT_JOB_148,003AE330,08C0CCB9,compact,0,PASS,PASS
SELECT_JOB_149,003AE334,08C0CCC9,compact,0,PASS,PASS
SELECT_JOB_150,003AE338,08C0CCDA,compact,0,PASS,PASS
SELECT_JOB_151,003AE33C,08C0CCE8,compact,0,PASS,PASS
SELECT_JOB_152,003AE340,08C0CCE8,compact,0,PASS,PASS
SELECT_JOB_153,003AE344,08C0CCF2,compact,0,PASS,PASS
SELECT_JOB_154,003AE348,08C0CCF2,compact,0,PASS,PASS
SELECT_JOB_155,003AE34C,08C0CCF9,compact,0,PASS,PASS
SELECT_JOB_156,003AE350,08C0CCF9,compact,0,PASS,PASS
SELECT_JOB_157,003AE354,08C0CD00,compact,0,PASS,PASS
SELECT_JOB_158,003AE358,08C0CD00,compact,0,PASS,PASS
SELECT_JOB_159,003AE35C,08C0CD07,compact,0,PASS,PASS
SELECT_JOB_160,003AE360,08C0CD07,compact,0,PASS,PASS
SELECT_JOB_161,003AE364,08C0CD11,compact,0,PASS,PASS
SELECT_JOB_162,003AE368,08C0CD11,compact,0,PASS,PASS
SELECT_JOB_163,003AE36C,08C0CD22,compact,0,PASS,PASS
SELECT_JOB_164,003AE370,08C0CD33,compact,0,PASS,PASS
SELECT_JOB_165,003AE374,08C0CD43,compact,0,PASS,PASS
SELECT_JOB_166,003AE378,08C0CD50,compact,0,PASS,PASS
SELECT_JOB_167,003AE37C,08C0CD5B,compact,0,PASS,PASS
SELECT_JOB_168,003AE380,08C0CD62,compact,0,PASS,PASS
SELECT_JOB_169,003AE384,08C0CD6C,compact,0,PASS,PASS
SELECT_JOB_170,003AE388,08C0CD7D,compact,0,PASS,PASS
SELECT_JOB_171,003AE38C,08C0CD84,compact,0,PASS,PASS
SELECT_JOB_172,003AE390,08C0CD84,compact,0,PASS,PASS
SELECT_JOB_173,003AE394,08C0CD91,compact,0,PASS,PASS
SELECT_JOB_174,003AE398,08C0CD91,compact,0,PASS,PASS
SELECT_JOB_175,003AE39C,08C0CD9E,compact,0,PASS,PASS
SELECT_JOB_176,003AE3A0,08C0CD9E,compact,0,PASS,PASS
SELECT_JOB_177,003AE3A4,08C0CDAB,compact,0,PASS,PASS
SELECT_JOB_178,003AE3A8,08C0CDAB,compact,0,PASS,PASS
SELECT_JOB_179,003AE3AC,08C0CDB8,compact,0,PASS,PASS
SELECT_JOB_180,003AE3B0,08C0CDB8,compact,0,PASS,PASS
SELECT_JOB_181,003AE3B4,08C0CDC2,compact,0,PASS,PASS
SELECT_JOB_182,003AE3B8,08C0CDC2,compact,0,PASS,PASS
SELECT_JOB_183,003AE3BC,08C0CDCC,compact,0,PASS,PASS
SELECT_JOB_184,003AE3C0,08C0CDCC,compact,0,PASS,PASS
SELECT_JOB_185,003AE3C4,08C0CDD9,compact,0,PASS,PASS
SELECT_JOB_186,003AE3C8,08C0CDD9,compact,0,PASS,PASS
SELECT_JOB_187,003AE3CC,08C0CDE6,compact,0,PASS,PASS
SELECT_JOB_188,003AE3D0,08C0CDF3,compact,0,PASS,PASS
SELECT_JOB_189,003AE3D4,08C0CE06,compact,0,PASS,PASS
SELECT_JOB_190,003AE3D8,08C0CE10,compact,0,PASS,PASS
SELECT_JOB_191,003AE3DC,08C0CE1A,compact,0,PASS,PASS
SELECT_JOB_192,003AE3E0,08C0CE1A,compact,0,PASS,PASS
SELECT_JOB_193,003AE3E4,08C0CE24,compact,0,PASS,PASS
SELECT_JOB_194,003AE3E8,08C0CE31,compact,0,PASS,PASS
SELECT_JOB_195,003AE3EC,08C0CE41,compact,0,PASS,PASS
SELECT_JOB_196,003AE3F0,08C0CE41,compact,0,PASS,PASS
SELECT_JOB_197,003AE3F4,08C0CE4E,compact,0,PASS,PASS
SELECT_JOB_198,003AE3F8,08C0CE4E,compact,0,PASS,PASS
SELECT_JOB_199,003AE3FC,08C0CE58,compact,0,PASS,PASS
SELECT_JOB_200,003AE400,08C0CE58,compact,0,PASS,PASS
SELECT_MONSTER_000,003AE408,08C0C8A0,compact,0,PASS,PASS
SELECT_MONSTER_001,003AE40C,08C0CE5F,compact,0,PASS,PASS
SELECT_MONSTER_002,003AE410,08C0CE73,compact,0,PASS,PASS
SELECT_MONSTER_003,003AE414,08C0CE84,compact,0,PASS,PASS
SELECT_MONSTER_004,003AE418,08C0CE92,compact,0,PASS,PASS
SELECT_MONSTER_005,003AE41C,08C0CE9F,compact,0,PASS,PASS
SELECT_MONSTER_006,003AE420,08C0CEAA,compact,0,PASS,PASS
SELECT_MONSTER_007,003AE424,08C0CEB8,compact,0,PASS,PASS
SELECT_MONSTER_008,003AE428,08C0CEBF,compact,0,PASS,PASS
SELECT_MONSTER_009,003AE42C,08C0CED3,compact,0,PASS,PASS
SELECT_MONSTER_010,003AE430,08C0CEDA,compact,0,PASS,PASS
SELECT_MONSTER_011,003AE434,08C0CEE7,compact,0,PASS,PASS
SELECT_MONSTER_012,003AE438,08C0CEF8,compact,0,PASS,PASS
SELECT_MONSTER_013,003AE43C,08C0CF02,compact,0,PASS,PASS
SELECT_MONSTER_014,003AE440,08C0CF13,compact,0,PASS,PASS
SELECT_MONSTER_015,003AE444,08C732A5,compact,0,PASS,PASS
SELECT_MONSTER_016,003AE448,08C0CF28,compact,0,PASS,PASS
SELECT_MONSTER_017,003AE44C,08C0CF3F,compact,0,PASS,PASS
SELECT_MONSTER_018,003AE450,08C0CF56,compact,0,PASS,PASS
SELECT_MONSTER_019,003AE454,08C0CF63,compact,0,PASS,PASS
SELECT_MONSTER_020,003AE458,08C0CF7D,compact,0,PASS,PASS
SELECT_MONSTER_021,003AE45C,08C0CF8A,compact,0,PASS,PASS
SELECT_MONSTER_022,003AE460,08C0CF97,compact,0,PASS,PASS
SELECT_MONSTER_023,003AE464,08C0CFAA,compact,0,PASS,PASS
SELECT_MONSTER_024,003AE468,08C0CFB4,compact,0,PASS,PASS
SELECT_MONSTER_025,003AE46C,08C0CFC5,compact,0,PASS,PASS
SELECT_MONSTER_026,003AE470,08C0CFD6,compact,0,PASS,PASS
SELECT_MONSTER_027,003AE474,08C0CFE7,compact,0,PASS,PASS
SELECT_MONSTER_028,003AE478,08C0CFEE,compact,0,PASS,PASS
SELECT_MONSTER_029,003AE47C,08C0CFFC,compact,0,PASS,PASS
SELECT_MONSTER_030,003AE480,08C0D00D,compact,0,PASS,PASS
SELECT_MONSTER_031,003AE484,08C0D01B,compact,0,PASS,PASS
SELECT_MONSTER_032,003AE488,08C0D02F,compact,0,PASS,PASS
SELECT_MONSTER_033,003AE48C,08C0D040,compact,0,PASS,PASS
SELECT_MONSTER_034,003AE490,08C0D050,compact,0,PASS,PASS
SELECT_MONSTER_035,003AE494,08C0D061,compact,0,PASS,PASS
SELECT_MONSTER_036,003AE498,08C0D075,compact,0,PASS,PASS
SELECT_MONSTER_037,003AE49C,08C0D07F,compact,0,PASS,PASS
SELECT_MONSTER_038,003AE4A0,08C0D08D,compact,0,PASS,PASS
SELECT_MONSTER_039,003AE4A4,08C0D09E,compact,0,PASS,PASS
SELECT_MONSTER_040,003AE4A8,08C0D0AB,compact,0,PASS,PASS
SELECT_MONSTER_041,003AE4AC,08C0D0B2,compact,0,PASS,PASS
SELECT_MONSTER_042,003AE4B0,08C0D0BC,compact,0,PASS,PASS
SELECT_MONSTER_043,003AE4B4,08C0D0C6,compact,0,PASS,PASS
SELECT_MONSTER_044,003AE4B8,08C0D0CD,compact,0,PASS,PASS
SELECT_MONSTER_045,003AE4BC,08C0D0D4,compact,0,PASS,PASS
SELECT_MONSTER_046,003AE4C0,08C0D0E5,compact,0,PASS,PASS
SELECT_MONSTER_047,003AE4C4,08C0D0F3,compact,0,PASS,PASS
SELECT_MONSTER_048,003AE4C8,08C0D103,compact,0,PASS,PASS
SELECT_MONSTER_049,003AE4CC,08C0D113,compact,0,PASS,PASS
SELECT_MONSTER_050,003AE4D0,08C0D127,compact,0,PASS,PASS
SELECT_MONSTER_051,003AE4D4,08C0D134,compact,0,PASS,PASS
SELECT_MONSTER_052,003AE4D8,08C0D13F,compact,0,PASS,PASS
SELECT_MONSTER_053,003AE4DC,08C0D14C,compact,0,PASS,PASS
SELECT_MONSTER_054,003AE4E0,08C0D159,compact,0,PASS,PASS
SELECT_MONSTER_055,003AE4E4,08C0D160,compact,0,PASS,PASS
SELECT_MONSTER_056,003AE4E8,08C0D170,compact,0,PASS,PASS
SELECT_MONSTER_057,003AE4EC,08C0D17A,compact,0,PASS,PASS
SELECT_MONSTER_058,003AE4F0,08C0D18C,compact,0,PASS,PASS
SELECT_MONSTER_059,003AE4F4,08C0D1A0,compact,0,PASS,PASS
SELECT_MONSTER_060,003AE4F8,08C0D1B1,compact,0,PASS,PASS
SELECT_MONSTER_061,003AE4FC,08C0D1BE,compact,0,PASS,PASS
SELECT_MONSTER_062,003AE500,08C0D1C8,compact,0,PASS,PASS
SELECT_MONSTER_063,003AE504,08C0D1D5,compact,0,PASS,PASS
SELECT_MONSTER_064,003AE508,08C0D1E2,compact,0,PASS,PASS
SELECT_MONSTER_065,003AE50C,08C0D1F0,compact,0,PASS,PASS
SELECT_MONSTER_066,003AE510,08C0D204,compact,0,PASS,PASS
SELECT_MONSTER_067,003AE514,08C0D211,compact,0,PASS,PASS
SELECT_MONSTER_068,003AE518,08C0D21E,compact,0,PASS,PASS
SELECT_MONSTER_069,003AE51C,08C0D22F,compact,0,PASS,PASS
SELECT_MONSTER_070,003AE520,08C0D240,compact,0,PASS,PASS
SELECT_MONSTER_071,003AE524,08C0D251,compact,0,PASS,PASS
SELECT_MONSTER_072,003AE528,08C0D258,compact,0,PASS,PASS
SELECT_MONSTER_073,003AE52C,08C0D26F,compact,0,PASS,PASS
SELECT_MONSTER_074,003AE530,08C0D279,compact,0,PASS,PASS
SELECT_MONSTER_075,003AE534,08C0D280,compact,0,PASS,PASS
SELECT_MONSTER_076,003AE538,08C0D28E,compact,0,PASS,PASS
SELECT_MONSTER_077,003AE53C,08C0C9B3,compact,0,PASS,PASS
SELECT_MONSTER_078,003AE540,08C0D298,compact,0,PASS,PASS
SELECT_MONSTER_079,003AE544,08C0D2A9,compact,0,PASS,PASS
SELECT_MONSTER_080,003AE548,08C0D2BA,compact,0,PASS,PASS
SELECT_MONSTER_081,003AE54C,08C0D2C8,compact,0,PASS,PASS
SELECT_MONSTER_082,003AE550,08C0D2D2,compact,0,PASS,PASS
SELECT_MONSTER_083,003AE554,08C0D2D9,compact,0,PASS,PASS
SELECT_MONSTER_084,003AE558,08C0D2E7,compact,0,PASS,PASS
SELECT_MONSTER_085,003AE55C,08C0D2F2,compact,0,PASS,PASS
SELECT_MONSTER_086,003AE560,08C0D2FF,compact,0,PASS,PASS
SELECT_MONSTER_087,003AE564,08C0C9A2,compact,0,PASS,PASS
SELECT_MONSTER_088,003AE568,08C0D30C,compact,0,PASS,PASS
SELECT_MONSTER_089,003AE56C,08C0D320,compact,0,PASS,PASS
SELECT_MONSTER_090,003AE570,08C0D334,compact,0,PASS,PASS
SELECT_MONSTER_091,003AE574,08C0D348,compact,0,PASS,PASS
SELECT_MONSTER_092,003AE578,08C0D356,compact,0,PASS,PASS
SELECT_MONSTER_093,003AE57C,08C0D35D,compact,0,PASS,PASS
SELECT_MONSTER_094,003AE580,08C0D36B,compact,0,PASS,PASS
SELECT_MONSTER_095,003AE584,08C0D379,compact,0,PASS,PASS
SELECT_MONSTER_096,003AE588,08C0D387,compact,0,PASS,PASS
SELECT_MONSTER_097,003AE58C,08C732B2,compact,0,PASS,PASS
SELECT_MONSTER_098,003AE590,08C732B9,compact,0,PASS,PASS
SELECT_MONSTER_099,003AE594,08C732C4,compact,0,PASS,PASS
SELECT_MONSTER_100,003AE598,08C732D5,compact,0,PASS,PASS
SELECT_MONSTER_101,003AE59C,08C732E6,compact,0,PASS,PASS
SELECT_MONSTER_102,003AE5A0,08C0C9CB,compact,0,PASS,PASS
SELECT_MONSTER_103,003AE5A4,08C0CC58,compact,0,PASS,PASS
SELECT_MONSTER_104,003AE5A8,08C0CCB9,compact,0,PASS,PASS
SELECT_MONSTER_105,003AE5AC,08C0D3DD,compact,0,PASS,PASS
SELECT_MONSTER_106,003AE5B0,08C0D3F1,compact,0,PASS,PASS
SELECT_MONSTER_107,003AE5B4,08C0D405,compact,0,PASS,PASS
SELECT_MONSTER_108,003AE5B8,08C0D40F,compact,0,PASS,PASS
SELECT_MONSTER_109,003AE5BC,08C0D419,compact,0,PASS,PASS
SELECT_MONSTER_110,003AE5C0,08C0D427,compact,0,PASS,PASS
SELECT_MONSTER_111,003AE5C4,08C0D438,compact,0,PASS,PASS
SELECT_MONSTER_112,003AE5C8,08C0D449,compact,0,PASS,PASS
SELECT_MONSTER_113,003AE5CC,08C0D454,compact,0,PASS,PASS
SELECT_MONSTER_114,003AE5D0,08C0D462,compact,0,PASS,PASS
SELECT_MONSTER_115,003AE5D4,08C0D470,compact,0,PASS,PASS
SELECT_MONSTER_116,003AE5D8,08C0D47E,compact,0,PASS,PASS
SELECT_MONSTER_117,003AE5DC,08C0D48F,compact,0,PASS,PASS
SELECT_MONSTER_118,003AE5E0,08C0D49D,compact,0,PASS,PASS
SELECT_MONSTER_119,003AE5E4,08C0D4AE,compact,0,PASS,PASS
SELECT_MONSTER_120,003AE5E8,08C0D4BC,compact,0,PASS,PASS
SELECT_MONSTER_121,003AE5EC,08C0D4CD,compact,0,PASS,PASS
SELECT_MONSTER_122,003AE5F0,08C0D4E1,compact,0,PASS,PASS
SELECT_MONSTER_123,003AE5F4,08C0D4EB,compact,0,PASS,PASS
SELECT_MONSTER_124,003AE5F8,08C0D4FC,compact,0,PASS,PASS
SELECT_MONSTER_125,003AE5FC,08C0D50A,compact,0,PASS,PASS
SELECT_MONSTER_126,003AE600,08C0D511,compact,0,PASS,PASS
SELECT_MONSTER_127,003AE604,08C0D51F,compact,0,PASS,PASS
SELECT_MONSTER_128,003AE608,08C0D52D,compact,0,PASS,PASS
SELECT_MONSTER_129,003AE60C,08C0D53E,compact,0,PASS,PASS
SELECT_MONSTER_130,003AE610,08C0D54C,compact,0,PASS,PASS
SELECT_MONSTER_131,003AE614,08C0D556,compact,0,PASS,PASS
SELECT_MONSTER_132,003AE618,08C0D569,compact,0,PASS,PASS
SELECT_MONSTER_133,003AE61C,08C0D57A,compact,0,PASS,PASS
SELECT_MONSTER_134,003AE620,08C0D581,compact,0,PASS,PASS
SELECT_MONSTER_135,003AE624,08C0C956,compact,0,PASS,PASS
SELECT_MONSTER_136,003AE628,08C0C96A,compact,0,PASS,PASS
SELECT_MONSTER_137,003AE62C,08C0CA4B,compact,0,PASS,PASS
SELECT_MONSTER_138,003AE630,08C0D58F,compact,0,PASS,PASS
SELECT_MONSTER_139,003AE634,08C0D59F,compact,0,PASS,PASS
SELECT_MONSTER_140,003AE638,08C0D5B3,compact,0,PASS,PASS
SELECT_MONSTER_141,003AE63C,08C0D5C4,compact,0,PASS,PASS
SELECT_MONSTER_142,003AE640,08C0D5D5,compact,0,PASS,PASS
SELECT_MONSTER_143,003AE644,08C0C8A7,compact,0,PASS,PASS
SELECT_MONSTER_144,003AE648,08C0C929,compact,0,PASS,PASS
SELECT_MONSTER_145,003AE64C,08C0C914,compact,0,PASS,PASS
SELECT_MONSTER_146,003AE650,08C0D5E2,compact,0,PASS,PASS
SELECT_MONSTER_147,003AE654,08C0D5EA,compact,0,PASS,PASS
SELECT_MONSTER_148,003AE658,08C0D5F2,compact,0,PASS,PASS
SELECT_MONSTER_149,003AE65C,08C0D5FA,compact,0,PASS,PASS
SELECT_MONSTER_150,003AE660,08C0D602,compact,0,PASS,PASS
SELECT_MONSTER_151,003AE664,08C0D60A,compact,0,PASS,PASS
SELECT_MONSTER_152,003AE668,08C0D612,compact,0,PASS,PASS
SELECT_MONSTER_153,003AE66C,08C0D61A,compact,0,PASS,PASS
SELECT_MONSTER_154,003AE670,08C0D622,compact,0,PASS,PASS
SELECT_MONSTER_155,003AE674,08C0D62A,compact,0,PASS,PASS
SELECT_MONSTER_156,003AE678,08C0D632,compact,0,PASS,PASS
SELECT_MONSTER_157,003AE67C,08C0D63A,compact,0,PASS,PASS
SELECT_MONSTER_158,003AE680,08C0D642,compact,0,PASS,PASS
SELECT_MONSTER_159,003AE684,08C0D64A,compact,0,PASS,PASS
SELECT_MONSTER_160,003AE688,08C0D652,compact,0,PASS,PASS
SELECT_MONSTER_161,003AE68C,08C0D65A,compact,0,PASS,PASS
SELECT_MONSTER_162,003AE690,08C0D662,compact,0,PASS,PASS
SELECT_MONSTER_163,003AE694,08C0D66A,compact,0,PASS,PASS
SELECT_ENEMY_000,003AE69C,08C0C874,compact,0,PASS,PASS
SELECT_ENEMY_001,003AE6A0,08C0C87C,compact,0,PASS,PASS
SELECT_ENEMY_002,003AE6A4,08C0C884,compact,0,PASS,PASS
SELECT_ENEMY_003,003AE6A8,08C0C88C,compact,0,PASS,PASS
SELECT_ENEMY_004,003AE6AC,08C0C891,compact,0,PASS,PASS
SELECT_ENEMY_005,003AE6B0,08C0C896,compact,0,PASS,PASS
SELECT_ENEMY_006,003AE6B4,08C0C89B,compact,0,PASS,PASS
UI_003AE8E0_pointer,003AE8E0,08C0DFCF,other_declared_pointer,0,ROM,NOT_A_TEXT_ASSERTION
UI_003AE8E4_pointer,003AE8E4,08C0DFD8,other_declared_pointer,0,ROM,NOT_A_TEXT_ASSERTION
UI_003AE8E8_pointer,003AE8E8,08C0DFE9,other_declared_pointer,0,ROM,NOT_A_TEXT_ASSERTION
UI_003AE8EC_pointer,003AE8EC,08C0E000,other_declared_pointer,0,ROM,NOT_A_TEXT_ASSERTION
UI_003AE92C_pointer,003AE92C,08C0C874,other_declared_pointer,0,ROM,NOT_A_TEXT_ASSERTION
UI_003AE930_pointer,003AE930,08C0C87C,other_declared_pointer,0,ROM,NOT_A_TEXT_ASSERTION
UI_003AE934_pointer,003AE934,08C0C884,other_declared_pointer,0,ROM,NOT_A_TEXT_ASSERTION
UI_003AE93C_pointer,003AE93C,08C0E014,other_declared_pointer,0,ROM,NOT_A_TEXT_ASSERTION
UI_003AE940_pointer,003AE940,08C0E025,other_declared_pointer,0,ROM,NOT_A_TEXT_ASSERTION
UI_003AE944_pointer,003AE944,08C0E03C,other_declared_pointer,0,ROM,NOT_A_TEXT_ASSERTION
UI_003AE948_pointer,003AE948,08C0E050,other_declared_pointer,0,ROM,NOT_A_TEXT_ASSERTION
UI_003AE94C_pointer,003AE94C,08C0E060,other_declared_pointer,0,ROM,NOT_A_TEXT_ASSERTION
D06403,00738000,08C4856A,full_text,0,PASS,PASS
D06404,00738004,08C4858D,full_text,0,PASS,PASS
D06405,00738014,08C485AE,full_text,0,PASS,PASS
D06406,00738018,08C48647,full_text,0,PASS,PASS
D06407,0073801C,08C4866B,full_text,0,PASS,PASS
D06408,00738020,08C48700,full_text,0,PASS,PASS
D06409,00738024,08C48760,full_text,0,PASS,PASS
D06410,00738028,08C487E1,full_text,0,PASS,PASS
D06411,0073802C,08C4882B,full_text,0,PASS,PASS
D06412,00738030,08C488CC,full_text,0,PASS,PASS
D06413,00738034,08C48910,full_text,0,PASS,PASS
D06414,00738038,08C489D7,full_text,0,PASS,PASS
D06415,0073803C,08C48A5C,full_text,0,PASS,PASS
D06416,00738040,08C48AD8,full_text,0,PASS,PASS
D06417,00738044,08C48B1A,full_text,0,PASS,PASS
D06418,00738048,08C48B2F,full_text,0,PASS,PASS
D06419,00738050,08809874,full_text,0,PASS,PASS
D06420,00738058,08C48B45,full_text,0,PASS,PASS
D06421,00738060,08C48B99,full_text,0,PASS,PASS
D06422,00738068,08809750,full_text,0,PASS,PASS
D06423,00738070,08809A26,full_text,0,PASS,PASS
D06424,00738078,088099ED,full_text,0,PASS,PASS
D06425,00738080,08C48C33,full_text,0,PASS,PASS
D06426,00738088,08C48C61,full_text,0,PASS,PASS
D06427,00738090,08C48D27,full_text,0,PASS,PASS
D06428,00738098,088098A9,full_text,0,PASS,PASS
D06429,007381A4,08C48D6F,full_text,0,PASS,PASS
D06430,007381A8,08C48DBE,full_text,0,PASS,PASS
D06431,007381AC,08C48E13,full_text,0,PASS,PASS
D06432,007381B0,08C48E6B,full_text,0,PASS,PASS
D06433,007381B4,08C48EC2,full_text,0,PASS,PASS
D06434,007381B8,08C48F1D,full_text,0,PASS,PASS
D06435,007381BC,08C48F90,full_text,0,PASS,PASS
D06436,007382EC,08C48FF0,full_text,0,PASS,PASS
D06437,007382F0,08C49037,full_text,0,PASS,PASS
D06438,007382F4,08C729D0,full_text,0,PASS,PASS
D06439,007382FC,08C49076,full_text,0,PASS,PASS
D06440,00738300,08C490B6,full_text,0,PASS,PASS
D06441,00738304,08C490E2,full_text,0,PASS,PASS
D06442,0073830C,08C49112,full_text,0,PASS,PASS
D06443,00738310,0880A34A,full_text,0,PASS,PASS
D06444,00738314,08C49155,full_text,0,PASS,PASS
D06445,0073831C,08C4917D,full_text,0,PASS,PASS
D06446,00738320,08C491DD,full_text,0,PASS,PASS
D06447,00738324,08C49251,full_text,0,PASS,PASS
D06448,0073832C,08C492AB,full_text,0,PASS,PASS
D06449,00738330,08C49303,full_text,0,PASS,PASS
D06450,00738334,0880A113,full_text,0,PASS,PASS
D06451,0073833C,08C49348,full_text,0,PASS,PASS
D06452,00738340,08C4938B,full_text,0,PASS,PASS
D06453,00738344,08C493C9,full_text,0,PASS,PASS
D06454,0073834C,08C49401,full_text,0,PASS,PASS
D06455,00738350,08C4947F,full_text,0,PASS,PASS
D06456,00738354,08C494C2,full_text,0,PASS,PASS
D06457,0073835C,08C494E8,full_text,0,PASS,PASS
D06458,00738360,08C4952F,full_text,0,PASS,PASS
D06459,00738368,08C729FA,full_text,0,PASS,PASS
D06460,0073836C,08C49557,full_text,0,PASS,PASS
D06461,00738374,08C4959D,full_text,0,PASS,PASS
D06462,00738378,08C495F2,full_text,0,PASS,PASS
D06463,00738380,08C4961C,full_text,0,PASS,PASS
D06464,00738384,08C496AD,full_text,0,PASS,PASS
D06465,00738388,08C72A3D,full_text,0,PASS,PASS
D06466,00738390,08C49771,full_text,0,PASS,PASS
D06467,00738394,08C497C9,full_text,0,PASS,PASS
D06468,00738398,08C49837,full_text,0,PASS,PASS
D06469,007383A0,0880A9E4,full_text,0,PASS,PASS
D06470,007383A4,08C498DE,full_text,0,PASS,PASS
D06471,007383A8,08C49932,full_text,0,PASS,PASS
D06472,007383B0,08C49976,full_text,0,PASS,PASS
D06473,007383B4,08C499E8,full_text,0,PASS,PASS
D06474,007383B8,08C49A6C,full_text,0,PASS,PASS
D06475,007383C0,08C49AAC,full_text,0,PASS,PASS
D06476,007383C8,08C49AE8,full_text,0,PASS,PASS
D06477,007383D0,08C49B2F,full_text,0,PASS,PASS
D06478,007383D8,08C49B7E,full_text,0,PASS,PASS
D06479,007383E0,08C49BFC,full_text,0,PASS,PASS
D06480,007383E8,08C49C63,full_text,0,PASS,PASS
D06481,007383F0,08C49CB1,full_text,0,PASS,PASS
D06482,007383F8,08C49CF4,full_text,0,PASS,PASS
D06483,00738400,08C49D5E,full_text,0,PASS,PASS
D06484,00738408,08C49DCD,full_text,0,PASS,PASS
D06485,00738410,08C49E1B,full_text,0,PASS,PASS
D06486,00738418,08C49E6C,full_text,0,PASS,PASS
D06487,00738420,08C49EB9,full_text,0,PASS,PASS
D06488,00738428,08C49EF1,full_text,0,PASS,PASS
D06489,00738430,08C49F5F,full_text,0,PASS,PASS
D06490,00738438,0880AE56,full_text,0,PASS,PASS
D06491,00738440,08C49FCD,full_text,0,PASS,PASS
D06492,00738448,08C4A028,full_text,0,PASS,PASS
D06493,00738450,08C4A0BF,full_text,0,PASS,PASS
D06494,00738458,08C4A0EC,full_text,0,PASS,PASS
D06495,00738460,08C4A146,full_text,0,PASS,PASS
D06496,00738468,08C4A1A5,full_text,0,PASS,PASS
D06497,00738470,08C4A215,full_text,0,PASS,PASS
D06498,00738474,08C4A262,full_text,0,PASS,PASS
D06499,00738478,08C4A277,full_text,0,PASS,PASS
D06500,0073847C,08C4A2ED,full_text,0,PASS,PASS
D06501,00738480,08C4A34A,full_text,0,PASS,PASS
D06502,00738484,08C4A36B,full_text,0,PASS,PASS
D06503,0073848C,08C72AA0,full_text,0,PASS,PASS
D06504,00738490,08C4A38C,full_text,0,PASS,PASS
D06505,00738494,08C4A39F,full_text,0,PASS,PASS
D06506,00738498,08C4A3F9,full_text,0,PASS,PASS
D06507,0073849C,08C4A465,full_text,0,PASS,PASS
D06508,007384A0,0880B43D,full_text,0,PASS,PASS
D06509,007384A8,08C4A48A,full_text,0,PASS,PASS
D06510,007384B0,08C4A500,full_text,0,PASS,PASS
D06511,007384B8,08C4A587,full_text,0,PASS,PASS
D06512,007384F4,08C4A5F0,full_text,0,PASS,PASS
D06513,007384F8,08C4A633,full_text,0,PASS,PASS
D06514,007384FC,08C4A675,full_text,0,PASS,PASS
D06515,00738500,08C4A6CF,full_text,0,PASS,PASS
D06516,00738504,08C4A729,full_text,0,PASS,PASS
D06517,00738508,08C4A790,full_text,0,PASS,PASS
D06518,0073850C,08C4A7F7,full_text,0,PASS,PASS
D06519,00738510,08C4A84A,full_text,0,PASS,PASS
D06520,0073851C,0880BB3D,full_text,0,PASS,PASS
D06521,00738520,0880BB0C,full_text,0,PASS,PASS
UI_00738540_pointer,00738540,08C0E071,other_declared_pointer,0,ROM,NOT_A_TEXT_ASSERTION
UI_00738544_pointer,00738544,08C0E07F,other_declared_pointer,0,ROM,NOT_A_TEXT_ASSERTION
D06522,00738550,08C4A89B,full_text,0,PASS,PASS
D06523,00738558,08C4A8F8,full_text,0,PASS,PASS
D06524,00738560,08C4A92B,full_text,0,PASS,PASS
D06525,00738568,08C4A976,full_text,0,PASS,PASS
D06526,00738570,08C72ACE,full_text,0,PASS,PASS
D06527,00738578,08C4AA12,full_text,0,PASS,PASS
D06528,00738580,08C4AA45,full_text,0,PASS,PASS
D06529,00738588,08C4AA90,full_text,0,PASS,PASS
D06530,00738590,08C4AAD7,full_text,0,PASS,PASS
D06531,00738598,08C4AB37,full_text,0,PASS,PASS
D06532,007385A0,08C4AB72,full_text,0,PASS,PASS
D06533,007385A8,08C72B1A,full_text,0,PASS,PASS
D06534,007385B0,08C4ABDC,full_text,0,PASS,PASS
D06535,007385B8,08C4AC3A,full_text,0,PASS,PASS
D06536,007385C0,08C4AC79,full_text,0,PASS,PASS
D06537,007385C8,08C4ACC8,full_text,0,PASS,PASS
D06538,007385D0,08C4AD02,full_text,0,PASS,PASS
D06539,007385D8,08C4AD4B,full_text,0,PASS,PASS
D06540,007385E0,08C4AD8C,full_text,0,PASS,PASS
D06541,007385E8,08C4ADCF,full_text,0,PASS,PASS
D06542,007385F0,08C4AE24,full_text,0,PASS,PASS
D06543,007385F8,0880D442,full_text,0,PASS,PASS
D06544,00738600,08C4AE72,full_text,0,PASS,PASS
D06545,00738608,08C4AEC1,full_text,0,PASS,PASS
D06546,00738610,08C4AF15,full_text,0,PASS,PASS
D06547,00738618,0880D2F6,full_text,0,PASS,PASS
D06548,00738620,08C4AF6A,full_text,0,PASS,PASS
D06549,00738628,08C4AFC6,full_text,0,PASS,PASS
D06550,00738630,08C4B00B,full_text,0,PASS,PASS
D06551,00738638,08C4B07F,full_text,0,PASS,PASS
D06552,00738640,08C4B0DF,full_text,0,PASS,PASS
D06553,00738648,08C4B124,full_text,0,PASS,PASS
D06554,00738650,08C4B182,full_text,0,PASS,PASS
D06555,00738658,08C4B1D7,full_text,0,PASS,PASS
D06556,00738660,0880CF9F,full_text,0,PASS,PASS
D06557,00738668,08C4B237,full_text,0,PASS,PASS
D06558,00738670,08C4B28E,full_text,0,PASS,PASS
D06559,00738678,0880CEA4,full_text,0,PASS,PASS
D06560,00738680,08C4B2EE,full_text,0,PASS,PASS
D06561,00738688,08C4B33A,full_text,0,PASS,PASS
D06562,00738690,08C4B37B,full_text,0,PASS,PASS
D06563,00738698,08C72B48,full_text,0,PASS,PASS
D06564,007386A0,08C4B3CA,full_text,0,PASS,PASS
D06565,007386A8,08C4B41B,full_text,0,PASS,PASS
D06566,007386B0,08C4B470,full_text,0,PASS,PASS
D06567,007386B8,08C4B4A7,full_text,0,PASS,PASS
D06568,007386C0,08C4B4EA,full_text,0,PASS,PASS
D06569,007386C8,08C4B552,full_text,0,PASS,PASS
D06570,007386D0,08C4B599,full_text,0,PASS,PASS
D06571,007386D8,08C4B5F5,full_text,0,PASS,PASS
D06572,007386E0,08C4B628,full_text,0,PASS,PASS
D06573,007386E8,08C4B67E,full_text,0,PASS,PASS
D06574,007386F0,08C4B6C2,full_text,0,PASS,PASS
D06575,007386F8,08C4B754,full_text,0,PASS,PASS
D06576,00738700,08C4B79D,full_text,0,PASS,PASS
D06577,00738708,08C4B7F9,full_text,0,PASS,PASS
D06578,00738710,08C4B84A,full_text,0,PASS,PASS
D06579,00738718,08C4B8DB,full_text,0,PASS,PASS
D06580,00738720,08C4B93F,full_text,0,PASS,PASS
D06581,00738728,08C72B8E,full_text,0,PASS,PASS
D06582,00738730,08C4B981,full_text,0,PASS,PASS
D06583,00738738,08C4BA0B,full_text,0,PASS,PASS
D06584,00738740,08C4BA60,full_text,0,PASS,PASS
D06585,00738748,08C72BFD,full_text,0,PASS,PASS
D06586,00738750,08C4BAA9,full_text,0,PASS,PASS
D06587,00738758,08C72C48,full_text,0,PASS,PASS
D06588,00738760,08C4BB1D,full_text,0,PASS,PASS
D06589,00738768,08C4BB62,full_text,0,PASS,PASS
D06590,00738770,08C4BBAF,full_text,0,PASS,PASS
D06591,00738778,08C4BC3B,full_text,0,PASS,PASS
D06592,00738780,08C4BCCB,full_text,0,PASS,PASS
D06593,00738788,08C4BD6B,full_text,0,PASS,PASS
D06594,00738790,08C4BDD4,full_text,0,PASS,PASS
D06595,00738798,0880C082,full_text,0,PASS,PASS
D06596,007387A0,08C4BE19,full_text,0,PASS,PASS
D06597,007387A8,08C4BE4A,full_text,0,PASS,PASS
D06598,007387B0,08C4BE93,full_text,0,PASS,PASS
D06599,007387B8,08C4BED2,full_text,0,PASS,PASS
D06600,007387C0,08C4BF21,full_text,0,PASS,PASS
D06601,007387C8,08C4BF6A,full_text,0,PASS,PASS
D06602,007387D0,08C4BFC4,full_text,0,PASS,PASS
D06603,007387D8,08C4C013,full_text,0,PASS,PASS
D06604,007387E0,08C4C05A,full_text,0,PASS,PASS
D06605,007387E8,08C4C09E,full_text,0,PASS,PASS
D06606,007387F0,08C4C106,full_text,0,PASS,PASS
D06607,007387F8,08C4C14C,full_text,0,PASS,PASS
D06608,00738800,08C4C1D0,full_text,0,PASS,PASS
D06609,00738808,08C4C21A,full_text,0,PASS,PASS
D06610,0073880C,08C4C282,full_text,0,PASS,PASS
D06611,00738810,08C4C2CD,full_text,0,PASS,PASS
D06612,00738814,08C4C321,full_text,0,PASS,PASS
D06613,00738818,08C4C350,full_text,0,PASS,PASS
D06614,0073881C,08C4C377,full_text,0,PASS,PASS
D06615,00738820,08C4C3A6,full_text,0,PASS,PASS
D06616,00738824,08C4C3E9,full_text,0,PASS,PASS
D06617,00738828,08C4C43C,full_text,0,PASS,PASS
D06618,0073882C,08C4C46D,full_text,0,PASS,PASS
D06619,00738830,08C4C4C1,full_text,0,PASS,PASS
D06620,00738834,08C4C4F9,full_text,0,PASS,PASS
D06621,00738838,08C4C531,full_text,0,PASS,PASS
D06622,0073883C,08C4C565,full_text,0,PASS,PASS
D06623,00738840,08C4C59A,full_text,0,PASS,PASS
D06624,00738844,0881416E,full_text,0,PASS,PASS
D06625,00738848,08C4C5E1,full_text,0,PASS,PASS
D06626,0073884C,08C4C60E,full_text,0,PASS,PASS
D06625,00738850,08C4C5E1,full_text,0,PASS,PASS
D06627,00738854,08C4C65E,full_text,0,PASS,PASS
D06628,00738858,08C4C6B4,full_text,0,PASS,PASS
D06629,0073885C,08C4C6DF,full_text,0,PASS,PASS
D06630,00738860,08C4C710,full_text,0,PASS,PASS
D06631,00738864,08C4C73D,full_text,0,PASS,PASS
D06632,00738868,08813F99,full_text,0,PASS,PASS
D06633,0073886C,08C4C772,full_text,0,PASS,PASS
D06634,00738870,08C4C79F,full_text,0,PASS,PASS
D06635,00738874,08C4C7C8,full_text,0,PASS,PASS
D06636,00738878,08C4C813,full_text,0,PASS,PASS
D06637,0073887C,08C4C856,full_text,0,PASS,PASS
D06638,00738880,08C4C899,full_text,0,PASS,PASS
D06637,00738884,08C4C856,full_text,0,PASS,PASS
D06639,00738888,08C4C8E8,full_text,0,PASS,PASS
D06640,0073888C,08C4C947,full_text,0,PASS,PASS
D06641,00738890,08C4C9AC,full_text,0,PASS,PASS
D06642,00738894,08C4C9F0,full_text,0,PASS,PASS
D06643,00738898,08C4CA32,full_text,0,PASS,PASS
D06640,0073889C,08C4C947,full_text,0,PASS,PASS
D06644,007388A0,08C4CA7D,full_text,0,PASS,PASS
D06645,007388A4,08C4CAD7,full_text,0,PASS,PASS
D06646,007388A8,08C4CB05,full_text,0,PASS,PASS
D06647,007388AC,08C4CB52,full_text,0,PASS,PASS
D06648,007388B0,08C4CB93,full_text,0,PASS,PASS
D06649,007388B4,08C4CBCF,full_text,0,PASS,PASS
D06650,007388B8,08C4CC16,full_text,0,PASS,PASS
D06651,007388BC,08C4CC65,full_text,0,PASS,PASS
D06652,007388C0,08C72C8B,full_text,0,PASS,PASS
D06653,007388C4,08C72CD0,full_text,0,PASS,PASS
D06654,007388C8,08C4CCAE,full_text,0,PASS,PASS
D06655,007388CC,0881386E,full_text,0,PASS,PASS
D06656,007388D0,08C4CD0F,full_text,0,PASS,PASS
D06657,007388D4,08C4CD4E,full_text,0,PASS,PASS
D06658,007388D8,08C4CD8A,full_text,0,PASS,PASS
D06659,007388DC,08C4CDD7,full_text,0,PASS,PASS
D06660,007388E0,08C4CE10,full_text,0,PASS,PASS
D06661,007388E4,08C4CE4D,full_text,0,PASS,PASS
D06662,007388E8,08C4CE94,full_text,0,PASS,PASS
D06663,007388EC,08C4CED1,full_text,0,PASS,PASS
D06664,007388F0,08C4CF10,full_text,0,PASS,PASS
D06665,007388F4,0881360C,full_text,0,PASS,PASS
D06666,007388F8,08C4CF2D,full_text,0,PASS,PASS
D06667,007388FC,08C4CF6A,full_text,0,PASS,PASS
D06668,00738900,08C4CFCD,full_text,0,PASS,PASS
D06669,00738904,08C4D00E,full_text,0,PASS,PASS
D06670,00738908,08C4D059,full_text,0,PASS,PASS
D06671,0073890C,08C4D08C,full_text,0,PASS,PASS
D06672,00738910,08C4D0B8,full_text,0,PASS,PASS
D06673,00738914,08C4D0EF,full_text,0,PASS,PASS
D06674,00738918,08C4D16C,full_text,0,PASS,PASS
D06675,0073891C,08C4D1B3,full_text,0,PASS,PASS
D06674,00738920,08C4D16C,full_text,0,PASS,PASS
D06676,00738924,08C4D1EC,full_text,0,PASS,PASS
D06677,00738928,08C4D22B,full_text,0,PASS,PASS
D06678,0073892C,08C4D27A,full_text,0,PASS,PASS
D06679,00738930,08C4D2DA,full_text,0,PASS,PASS
D06680,00738934,08C4D32F,full_text,0,PASS,PASS
D06681,00738938,08C4D393,full_text,0,PASS,PASS
D06682,0073893C,08C4D3D6,full_text,0,PASS,PASS
D06683,00738940,08C4D40C,full_text,0,PASS,PASS
D06684,00738944,08C4D448,full_text,0,PASS,PASS
D06685,00738948,08C4D46D,full_text,0,PASS,PASS
D06686,0073894C,08C4D4BA,full_text,0,PASS,PASS
D06687,00738950,08C4D505,full_text,0,PASS,PASS
D06688,00738954,08C4D545,full_text,0,PASS,PASS
D06689,00738958,08C4D576,full_text,0,PASS,PASS
D06690,0073895C,08C4D5DD,full_text,0,PASS,PASS
D06691,00738960,08C4D60E,full_text,0,PASS,PASS
D06692,00738964,08C4D639,full_text,0,PASS,PASS
D06693,00738968,08C4D693,full_text,0,PASS,PASS
D06694,0073896C,08C4D6E6,full_text,0,PASS,PASS
D06695,00738970,08C4D72B,full_text,0,PASS,PASS
D06696,00738974,08C4D761,full_text,0,PASS,PASS
D06697,00738978,08C4D794,full_text,0,PASS,PASS
D06698,0073897C,08C4D800,full_text,0,PASS,PASS
D06699,00738980,08C4D832,full_text,0,PASS,PASS
D06700,00738984,08C4D88D,full_text,0,PASS,PASS
D06699,00738988,08C4D832,full_text,0,PASS,PASS
D06701,0073898C,08C4D8F2,full_text,0,PASS,PASS
D06702,00738990,08C4D95D,full_text,0,PASS,PASS
D06703,00738994,08C4D9A0,full_text,0,PASS,PASS
D06704,00738998,08C4D9D7,full_text,0,PASS,PASS
D06705,0073899C,08C4DA50,full_text,0,PASS,PASS
D06706,007389A0,08C4DAA3,full_text,0,PASS,PASS
D06707,007389A4,08C4DAD8,full_text,0,PASS,PASS
D06708,007389A8,08C4DB29,full_text,0,PASS,PASS
D06709,007389AC,08C4DB6B,full_text,0,PASS,PASS
D06710,007389B0,08C4DBC6,full_text,0,PASS,PASS
D06711,007389B4,08C4DC1D,full_text,0,PASS,PASS
D06712,007389B8,08C4DC83,full_text,0,PASS,PASS
D06711,007389BC,08C4DC1D,full_text,0,PASS,PASS
D06713,007389C0,08C4DCBC,full_text,0,PASS,PASS
D06714,007389C4,08C4DD03,full_text,0,PASS,PASS
D06715,007389C8,08C4DD36,full_text,0,PASS,PASS
D06716,007389CC,08C4DD81,full_text,0,PASS,PASS
D06717,007389D0,08C4DDDA,full_text,0,PASS,PASS
D06718,007389D4,08C4DE2D,full_text,0,PASS,PASS
D06719,007389D8,08C4DE7C,full_text,0,PASS,PASS
D06720,007389DC,08C4DEE1,full_text,0,PASS,PASS
D06721,007389E0,08C4DF08,full_text,0,PASS,PASS
D06722,007389E4,08C4DF45,full_text,0,PASS,PASS
D06723,007389E8,08C4DF89,full_text,0,PASS,PASS
D06724,007389EC,08C4DFB8,full_text,0,PASS,PASS
D06725,007389F0,08C4DFE3,full_text,0,PASS,PASS
D06726,007389F4,08C4E022,full_text,0,PASS,PASS
D06727,007389F8,08C4E085,full_text,0,PASS,PASS
D06728,007389FC,08C4E0DC,full_text,0,PASS,PASS
D06729,00738A00,08C4E10F,full_text,0,PASS,PASS
D06730,00738A04,08C4E150,full_text,0,PASS,PASS
D06731,00738A08,08C4E1A7,full_text,0,PASS,PASS
D06732,00738A0C,08C4E217,full_text,0,PASS,PASS
D06733,00738A10,08C4E255,full_text,0,PASS,PASS
D06734,00738A14,08C4E28C,full_text,0,PASS,PASS
D06735,00738A18,08C4E2DB,full_text,0,PASS,PASS
D06736,00738A1C,08C4E334,full_text,0,PASS,PASS
D06737,00738A20,08C4E35F,full_text,0,PASS,PASS
D06738,00738A24,08C4E3A8,full_text,0,PASS,PASS
D06739,00738A28,08C4E3ED,full_text,0,PASS,PASS
D06740,00738A2C,08C4E420,full_text,0,PASS,PASS
D06741,00738A30,08C4E482,full_text,0,PASS,PASS
D06742,00738A34,08C72D4B,full_text,0,PASS,PASS
D06743,00738A38,08C4E4C9,full_text,0,PASS,PASS
D06744,00738A3C,08C4E510,full_text,0,PASS,PASS
D06745,00738A40,08C4E566,full_text,0,PASS,PASS
D06746,00738A44,08C4E5CB,full_text,0,PASS,PASS
D06747,00738A48,08C4E619,full_text,0,PASS,PASS
D06748,00738A4C,08C4E668,full_text,0,PASS,PASS
D06749,00738A50,08C4E6A5,full_text,0,PASS,PASS
D06750,00738A54,08C4E6D2,full_text,0,PASS,PASS
D06751,00738A58,08C4E721,full_text,0,PASS,PASS
D06752,00738A5C,08C4E760,full_text,0,PASS,PASS
D06753,00738A60,08811B5D,full_text,0,PASS,PASS
D06754,00738A64,08C4E7A2,full_text,0,PASS,PASS
D06755,00738A68,08C4E7DD,full_text,0,PASS,PASS
D06756,00738A6C,08C4E818,full_text,0,PASS,PASS
D06757,00738A70,08C4E873,full_text,0,PASS,PASS
D06758,00738A74,08C4E8A8,full_text,0,PASS,PASS
D06759,00738A78,08C4E90E,full_text,0,PASS,PASS
D06760,00738A7C,08C4E933,full_text,0,PASS,PASS
D06761,00738A80,08C4E97E,full_text,0,PASS,PASS
D06762,00738A84,08C4E9C1,full_text,0,PASS,PASS
D06763,00738A88,08C4EA0E,full_text,0,PASS,PASS
D06764,00738A8C,08C4EA65,full_text,0,PASS,PASS
D06765,00738A90,08C4EAB4,full_text,0,PASS,PASS
D06766,00738A94,08C4EAE1,full_text,0,PASS,PASS
D06767,00738A98,08C4EB5F,full_text,0,PASS,PASS
D06768,00738A9C,08C4EB8A,full_text,0,PASS,PASS
D06769,00738AA0,08C4EBB1,full_text,0,PASS,PASS
D06770,00738AA4,08C4EC02,full_text,0,PASS,PASS
D06771,00738AA8,08C4EC73,full_text,0,PASS,PASS
D06772,00738AAC,08C4ECC8,full_text,0,PASS,PASS
D06773,00738AB0,08C4ECF5,full_text,0,PASS,PASS
D06774,00738AB4,0881153A,full_text,0,PASS,PASS
D06775,00738AB8,08C4ED48,full_text,0,PASS,PASS
D06776,00738ABC,08C4ED8B,full_text,0,PASS,PASS
D06775,00738AC0,08C4ED48,full_text,0,PASS,PASS
D06777,00738AC4,08C4EDBE,full_text,0,PASS,PASS
D06778,00738AC8,08C4EE07,full_text,0,PASS,PASS
D06779,00738ACC,088113C1,full_text,0,PASS,PASS
D06780,00738AD0,08811378,full_text,0,PASS,PASS
D06781,00738AD4,08C4EE55,full_text,0,PASS,PASS
D06782,00738AD8,08C4EEA2,full_text,0,PASS,PASS
D06783,00738ADC,08811283,full_text,0,PASS,PASS
D06784,00738AE0,08C4EEE9,full_text,0,PASS,PASS
D06785,00738AE4,08C4EF31,full_text,0,PASS,PASS
D06786,00738AE8,08C4EF98,full_text,0,PASS,PASS
D06787,00738AEC,08C4EFE5,full_text,0,PASS,PASS
D06788,00738AF0,08811112,full_text,0,PASS,PASS
D06789,00738AF4,08C4F036,full_text,0,PASS,PASS
D06790,00738AF8,08C4F07D,full_text,0,PASS,PASS
D06791,00738AFC,08C4F0E4,full_text,0,PASS,PASS
D06792,00738B00,08C4F136,full_text,0,PASS,PASS
D06793,00738B04,08C4F17D,full_text,0,PASS,PASS
D06794,00738B08,08C4F1A6,full_text,0,PASS,PASS
D06795,00738B0C,08C4F1E9,full_text,0,PASS,PASS
D06796,00738B10,08C4F234,full_text,0,PASS,PASS
D06797,00738B14,08C4F26A,full_text,0,PASS,PASS
D06798,00738B18,08C4F2AE,full_text,0,PASS,PASS
D06799,00738B1C,08C4F2F5,full_text,0,PASS,PASS
D06800,00738B20,08C4F324,full_text,0,PASS,PASS
D06801,00738B24,08C4F35F,full_text,0,PASS,PASS
D06800,00738B28,08C4F324,full_text,0,PASS,PASS
D06802,00738B2C,08C4F392,full_text,0,PASS,PASS
D06803,00738B30,08C4F3E1,full_text,0,PASS,PASS
D06804,00738B34,08C4F428,full_text,0,PASS,PASS
D06805,00738B38,08C4F45B,full_text,0,PASS,PASS
D06806,00738B3C,08C4F48A,full_text,0,PASS,PASS
D06807,00738B40,08C4F4D0,full_text,0,PASS,PASS
D06808,00738B44,08C4F505,full_text,0,PASS,PASS
D06809,00738B48,08C4F55B,full_text,0,PASS,PASS
D06810,00738B4C,08C4F5A8,full_text,0,PASS,PASS
D06811,00738B50,08C4F5D9,full_text,0,PASS,PASS
D06812,00738B54,08C4F61C,full_text,0,PASS,PASS
D06813,00738B58,08C4F66B,full_text,0,PASS,PASS
D06814,00738B5C,08C4F6C2,full_text,0,PASS,PASS
D06815,00738B60,08C4F71B,full_text,0,PASS,PASS
D06816,00738B64,08C4F75C,full_text,0,PASS,PASS
D06817,00738B68,08C4F7EA,full_text,0,PASS,PASS
D06818,00738B6C,08C4F829,full_text,0,PASS,PASS
D06819,00738B70,08C4F872,full_text,0,PASS,PASS
D06820,00738B74,08C4F8B7,full_text,0,PASS,PASS
D06821,00738B78,08C4F8FC,full_text,0,PASS,PASS
D06822,00738B7C,08C4F946,full_text,0,PASS,PASS
D06823,00738B80,08C4F965,full_text,0,PASS,PASS
D06824,00738B84,08C4F9CE,full_text,0,PASS,PASS
D06825,00738B88,08C4FA29,full_text,0,PASS,PASS
D06826,00738B8C,08C4FA54,full_text,0,PASS,PASS
D06825,00738B90,08C4FA29,full_text,0,PASS,PASS
D06827,00738B94,08C4FA9F,full_text,0,PASS,PASS
D06828,00738B98,08C4FB0C,full_text,0,PASS,PASS
D06829,00738B9C,08C4FB49,full_text,0,PASS,PASS
D06830,00738BA0,08C4FB92,full_text,0,PASS,PASS
D06831,00738BA4,08C4FC00,full_text,0,PASS,PASS
D06832,00738BA8,08C4FC6C,full_text,0,PASS,PASS
D06833,00738BAC,08C4FCCD,full_text,0,PASS,PASS
D06834,00738BB0,08C4FD1F,full_text,0,PASS,PASS
D06835,00738BB4,08C4FD82,full_text,0,PASS,PASS
D06836,00738BB8,08C4FDBF,full_text,0,PASS,PASS
D06837,00738BBC,08C4FDF8,full_text,0,PASS,PASS
D06838,00738BC0,08C4FE2D,full_text,0,PASS,PASS
D06837,00738BC4,08C4FDF8,full_text,0,PASS,PASS
D06839,00738BC8,08C4FE5C,full_text,0,PASS,PASS
D06840,00738BCC,08C4FEA0,full_text,0,PASS,PASS
D06841,00738BD0,08C4FED1,full_text,0,PASS,PASS
D06842,00738BD4,08C4FF0E,full_text,0,PASS,PASS
D06843,00738BD8,08C4FF35,full_text,0,PASS,PASS
D06844,00738BDC,08C4FF5A,full_text,0,PASS,PASS
D06845,00738BE0,08C4FF97,full_text,0,PASS,PASS
D06846,00738BE4,08C4FFD9,full_text,0,PASS,PASS
D06847,00738BE8,08C50020,full_text,0,PASS,PASS
D06848,00738BEC,08C5004D,full_text,0,PASS,PASS
D06849,00738BF0,08C5007E,full_text,0,PASS,PASS
D06850,00738BF4,08C5009F,full_text,0,PASS,PASS
D06851,00738BF8,08C500B4,full_text,0,PASS,PASS
D06852,00738BFC,08C500F9,full_text,0,PASS,PASS
D06853,00738C00,08C50128,full_text,0,PASS,PASS
D06854,00738C04,08C50161,full_text,0,PASS,PASS
D06855,00738C08,08C501A4,full_text,0,PASS,PASS
D06856,00738C0C,08C50204,full_text,0,PASS,PASS
D06857,00738C10,08C5023B,full_text,0,PASS,PASS
D06858,00738C14,08C5026C,full_text,0,PASS,PASS
D06859,00738C18,08C502A8,full_text,0,PASS,PASS
D06860,00738C1C,08C502DB,full_text,0,PASS,PASS
D06861,00738C20,08C50320,full_text,0,PASS,PASS
D06862,00738C24,08C50370,full_text,0,PASS,PASS
D06863,00738C28,08C503BF,full_text,0,PASS,PASS
D06864,00738C2C,08C5042E,full_text,0,PASS,PASS
D06865,00738C30,08C5047F,full_text,0,PASS,PASS
D06866,00738C34,08C504DE,full_text,0,PASS,PASS
D06867,00738C38,08C50519,full_text,0,PASS,PASS
D06868,00738C3C,08C50580,full_text,0,PASS,PASS
D06869,00738C40,0880F93E,full_text,0,PASS,PASS
D06870,00738C44,08C505C1,full_text,0,PASS,PASS
D06871,00738C48,08C50616,full_text,0,PASS,PASS
D06872,00738C4C,08C5065C,full_text,0,PASS,PASS
D06873,00738C50,08C5069D,full_text,0,PASS,PASS
D06874,00738C54,08C506EC,full_text,0,PASS,PASS
D06875,00738C58,08C50735,full_text,0,PASS,PASS
D06876,00738C5C,08C50782,full_text,0,PASS,PASS
D06877,00738C60,08C507C9,full_text,0,PASS,PASS
D06878,00738C64,08C50800,full_text,0,PASS,PASS
D06879,00738C68,08C5085D,full_text,0,PASS,PASS
D06880,00738C6C,08C508CB,full_text,0,PASS,PASS
D06881,00738C70,08C50912,full_text,0,PASS,PASS
D06882,00738C74,08C50963,full_text,0,PASS,PASS
D06883,00738C78,08C509B2,full_text,0,PASS,PASS
D06884,00738C7C,08C509F9,full_text,0,PASS,PASS
D06885,00738C80,08C50A33,full_text,0,PASS,PASS
D06886,00738C84,08C50A80,full_text,0,PASS,PASS
D06887,00738C88,08C50AD9,full_text,0,PASS,PASS
D06888,00738C8C,08C50B20,full_text,0,PASS,PASS
D06889,00738C90,08C50B7F,full_text,0,PASS,PASS
D06890,00738C94,08C50BE0,full_text,0,PASS,PASS
D06891,00738C98,08C50C4F,full_text,0,PASS,PASS
D06892,00738C9C,08C50CC3,full_text,0,PASS,PASS
D06893,00738CA0,08C50D06,full_text,0,PASS,PASS
D06894,00738CA4,08C50D59,full_text,0,PASS,PASS
D06895,00738CA8,0880F08F,full_text,0,PASS,PASS
D06896,00738CAC,08C50DB3,full_text,0,PASS,PASS
D06897,00738CB0,08C50DFE,full_text,0,PASS,PASS
D06898,00738CB4,08C50E47,full_text,0,PASS,PASS
D06899,00738CB8,08C50E94,full_text,0,PASS,PASS
D06900,00738CBC,08C50EE7,full_text,0,PASS,PASS
D06901,00738CC0,08C50F24,full_text,0,PASS,PASS
D06902,00738CC4,08C50F64,full_text,0,PASS,PASS
D06903,00738CC8,08C50F99,full_text,0,PASS,PASS
D06904,00738CCC,08C50FF0,full_text,0,PASS,PASS
D06905,00738CD0,08C51027,full_text,0,PASS,PASS
D06906,00738CD4,08C5108D,full_text,0,PASS,PASS
D06907,00738CD8,08C510BA,full_text,0,PASS,PASS
D06908,00738CDC,08C510FD,full_text,0,PASS,PASS
D06909,00738CE0,08C5112C,full_text,0,PASS,PASS
D06910,00738CE4,08C5115F,full_text,0,PASS,PASS
D06911,00738CE8,08C5118E,full_text,0,PASS,PASS
D06912,00738CEC,08C511BF,full_text,0,PASS,PASS
D06913,00738CF0,08C511FC,full_text,0,PASS,PASS
D06914,00738CF4,08C5123F,full_text,0,PASS,PASS
D06915,00738CF8,08C5128E,full_text,0,PASS,PASS
D06916,00738CFC,08C512D3,full_text,0,PASS,PASS
D06917,00738D00,08C5132E,full_text,0,PASS,PASS
D06918,00738D04,08C72D98,full_text,0,PASS,PASS
D06919,00738D08,08C51367,full_text,0,PASS,PASS
D06920,00738D0C,08C513B5,full_text,0,PASS,PASS
D06921,00738D10,0880E941,full_text,0,PASS,PASS
D06922,00738D14,08C513FA,full_text,0,PASS,PASS
D06923,00738D18,08C51423,full_text,0,PASS,PASS
D06924,00738D1C,08C51479,full_text,0,PASS,PASS
D06925,00738D20,08C514E3,full_text,0,PASS,PASS
D06926,00738D24,08C51544,full_text,0,PASS,PASS
D06927,00738D28,08C5158B,full_text,0,PASS,PASS
D06928,00738D2C,08C51600,full_text,0,PASS,PASS
D06929,00738D30,08C5164F,full_text,0,PASS,PASS
D06930,00738D34,08C51680,full_text,0,PASS,PASS
D06931,00738D38,08C516B7,full_text,0,PASS,PASS
D06932,00738D3C,08C5170A,full_text,0,PASS,PASS
D06933,00738D40,08C51759,full_text,0,PASS,PASS
D06934,00738D44,08C517B7,full_text,0,PASS,PASS
D06935,00738D48,08C5180E,full_text,0,PASS,PASS
D06936,00738D4C,08C5184D,full_text,0,PASS,PASS
D06937,00738D50,08C518AE,full_text,0,PASS,PASS
D06938,00738D54,08C518F5,full_text,0,PASS,PASS
D06939,00738D58,08C72DF1,full_text,0,PASS,PASS
D06940,00738D5C,08C51948,full_text,0,PASS,PASS
D06941,00738D60,08C5198B,full_text,0,PASS,PASS
D06942,00738D64,08C519B0,full_text,0,PASS,PASS
D06943,00738D68,08C519EB,full_text,0,PASS,PASS
D06944,00738D6C,08C51A2C,full_text,0,PASS,PASS
D06945,00738D70,08C51A63,full_text,0,PASS,PASS
D06946,00738D74,08C51A9F,full_text,0,PASS,PASS
D06947,00738D78,08C51AD4,full_text,0,PASS,PASS
D06948,00738D7C,08C51B2D,full_text,0,PASS,PASS
D06949,00738D80,08C51B62,full_text,0,PASS,PASS
D06950,00738D84,08C51BA5,full_text,0,PASS,PASS
D06951,00738DBC,08C51BFD,full_text,0,PASS,PASS
D06952,00738DC0,08C51C3E,full_text,0,PASS,PASS
D06953,00738DC4,08C51C69,full_text,0,PASS,PASS
D06954,00738DC8,08C51CB2,full_text,0,PASS,PASS
D06955,00738DCC,08C51D11,full_text,0,PASS,PASS
D06956,00738DD0,08C51D5C,full_text,0,PASS,PASS
D06957,00738DD4,08C51D8F,full_text,0,PASS,PASS
D06958,00738DD8,08C51DDD,full_text,0,PASS,PASS
D06959,00738DDC,08C51E19,full_text,0,PASS,PASS
D06960,00738DE0,08C51E57,full_text,0,PASS,PASS
D06961,00738DE4,08C51EA2,full_text,0,PASS,PASS
D06962,00738DE8,08C51EE9,full_text,0,PASS,PASS
D06963,00738DEC,08C51F2E,full_text,0,PASS,PASS
D06964,00738DF0,08C51F78,full_text,0,PASS,PASS
D06965,00738DF4,08C51FB3,full_text,0,PASS,PASS
D06966,00738DF8,08C51FF0,full_text,0,PASS,PASS
D06967,00738DFC,08C5200F,full_text,0,PASS,PASS
D06966,00738E00,08C51FF0,full_text,0,PASS,PASS
D06968,00738E04,08C52028,full_text,0,PASS,PASS
D06969,00738E08,08C52059,full_text,0,PASS,PASS
D06970,00738E0C,08C5207E,full_text,0,PASS,PASS
D06971,00738E10,08C520BD,full_text,0,PASS,PASS
D06972,00738E14,08C520E8,full_text,0,PASS,PASS
D06973,00738E18,08C52119,full_text,0,PASS,PASS
D06974,00738E1C,08C52146,full_text,0,PASS,PASS
D06975,00738E20,08C52173,full_text,0,PASS,PASS
D06976,00738E5C,08C5218E,full_text,0,PASS,PASS
D06977,00738E64,08C52204,full_text,0,PASS,PASS
D06978,00738E6C,08C522F1,full_text,0,PASS,PASS
D06979,00738E74,08C52326,full_text,0,PASS,PASS
D06980,00738E7C,08C523A3,full_text,0,PASS,PASS
D06981,00738E84,08C523E6,full_text,0,PASS,PASS
D06982,00738E8C,08C52457,full_text,0,PASS,PASS
D06983,00738E94,08C5249C,full_text,0,PASS,PASS
D06984,00738EDC,08C524D5,full_text,0,PASS,PASS
D06985,00738EE4,08C5255F,full_text,0,PASS,PASS
D06986,00738EEC,08C5259A,full_text,0,PASS,PASS
D06987,00738EF4,08C52607,full_text,0,PASS,PASS
D06988,00738EFC,08C52630,full_text,0,PASS,PASS
D06989,00738F04,08C52697,full_text,0,PASS,PASS
D06990,00738F38,08C526D0,full_text,0,PASS,PASS
D06991,00738F40,08C5271F,full_text,0,PASS,PASS
D06992,00738F48,08C5279D,full_text,0,PASS,PASS
D06993,00738F60,08C527FE,full_text,0,PASS,PASS
D06994,00738F68,08C52861,full_text,0,PASS,PASS
D06995,00738F70,08C528B8,full_text,0,PASS,PASS
D06996,00738F78,08C52903,full_text,0,PASS,PASS
D06997,00738F80,08C5292E,full_text,0,PASS,PASS
D06998,00738F88,08C52979,full_text,0,PASS,PASS
D06999,00738F90,08C529A2,full_text,0,PASS,PASS
D07000,00738FC4,08C529D1,full_text,0,PASS,PASS
D07001,00738FCC,08C52A89,full_text,0,PASS,PASS
D07002,00738FD4,08C72E26,full_text,0,PASS,PASS
D07003,00738FDC,08C52ABC,full_text,0,PASS,PASS
D07004,00738FE4,08C52B18,full_text,0,PASS,PASS
D07005,00738FEC,08C52B43,full_text,0,PASS,PASS
D07006,00739014,08C52B70,full_text,0,PASS,PASS
D07007,0073901C,08C52BF4,full_text,0,PASS,PASS
D07008,00739024,08C52C49,full_text,0,PASS,PASS
D07009,0073902C,08C52CCE,full_text,0,PASS,PASS
D07010,00739034,08C52D1B,full_text,0,PASS,PASS
D07011,0073903C,08C52D7A,full_text,0,PASS,PASS
D07012,0073907C,08C52DC3,full_text,0,PASS,PASS
D06975,00739084,08C52173,full_text,0,PASS,PASS
D07013,007390B8,08C52E1A,full_text,0,PASS,PASS
UI_007390BC_pointer,007390BC,08C0E093,other_declared_pointer,0,ROM,NOT_A_TEXT_ASSERTION
UI_007390C0_pointer,007390C0,08C0E09A,other_declared_pointer,0,ROM,NOT_A_TEXT_ASSERTION
UI_007390C4_pointer,007390C4,08C0E09A,other_declared_pointer,0,ROM,NOT_A_TEXT_ASSERTION
UI_007390C8_pointer,007390C8,08C0E09A,other_declared_pointer,0,ROM,NOT_A_TEXT_ASSERTION
UI_007390CC_pointer,007390CC,08C0E09A,other_declared_pointer,0,ROM,NOT_A_TEXT_ASSERTION
UI_007390D0_pointer,007390D0,08C0E0A4,other_declared_pointer,0,ROM,NOT_A_TEXT_ASSERTION
UI_007390D4_pointer,007390D4,08C0E09A,other_declared_pointer,0,ROM,NOT_A_TEXT_ASSERTION
UI_007390D8_pointer,007390D8,08C0E09A,other_declared_pointer,0,ROM,NOT_A_TEXT_ASSERTION
UI_007390DC_pointer,007390DC,08C0E09A,other_declared_pointer,0,ROM,NOT_A_TEXT_ASSERTION
D07014,007390E0,08C52E67,full_text,0,PASS,PASS
D07015,007390E4,08C52E96,full_text,0,PASS,PASS
D07016,007390E8,08C52EE8,full_text,0,PASS,PASS
D07017,007390EC,08C52F15,full_text,0,PASS,PASS
D07018,007390F0,08C52F50,full_text,0,PASS,PASS
D07019,007390F4,08C52F6F,full_text,0,PASS,PASS
D07020,007390F8,08C52F8E,full_text,0,PASS,PASS
D07021,007390FC,08C52FC3,full_text,0,PASS,PASS
D07022,00739100,08C52FFC,full_text,0,PASS,PASS
D07023,00739104,08C5301F,full_text,0,PASS,PASS
D07024,00739108,08C53042,full_text,0,PASS,PASS
D07025,0073910C,08C5306D,full_text,0,PASS,PASS
D07026,00739110,08C530D9,full_text,0,PASS,PASS
D07027,00739114,08C5310A,full_text,0,PASS,PASS
D07028,00739118,08C5313B,full_text,0,PASS,PASS
D07029,0073911C,08C53195,full_text,0,PASS,PASS
D07030,00739120,08C531CC,full_text,0,PASS,PASS
D07031,00739124,08C531F5,full_text,0,PASS,PASS
D07032,00739128,08C53226,full_text,0,PASS,PASS
D07033,0073912C,08C53249,full_text,0,PASS,PASS
D07034,00739130,08C5326C,full_text,0,PASS,PASS
D07035,00739134,08C53293,full_text,0,PASS,PASS
D07036,00739138,08C532BA,full_text,0,PASS,PASS
D07035,0073913C,08C53293,full_text,0,PASS,PASS
D07037,00739140,08C532DB,full_text,0,PASS,PASS
D07038,00739144,08C532FC,full_text,0,PASS,PASS
D07039,00739148,08C5331D,full_text,0,PASS,PASS
D07040,0073914C,08C53338,full_text,0,PASS,PASS
D07041,00739150,08C53359,full_text,0,PASS,PASS
D07042,00739154,08C5337C,full_text,0,PASS,PASS
D07043,00739158,08C533B3,full_text,0,PASS,PASS
D07044,0073915C,08C533FE,full_text,0,PASS,PASS
D07045,00739160,08C53423,full_text,0,PASS,PASS
D07046,00739164,08C53454,full_text,0,PASS,PASS
D07047,00739168,08C53485,full_text,0,PASS,PASS
D07046,0073916C,08C53454,full_text,0,PASS,PASS
D07048,00739170,08C534B6,full_text,0,PASS,PASS
D07049,00739174,08C534DF,full_text,0,PASS,PASS
D07050,00739178,08C5351A,full_text,0,PASS,PASS
D07051,0073917C,08C53543,full_text,0,PASS,PASS
D07052,00739180,08C5356C,full_text,0,PASS,PASS
D07053,00739184,08C53597,full_text,0,PASS,PASS
D07054,00739188,08C535D4,full_text,0,PASS,PASS
D07055,0073918C,08C535FF,full_text,0,PASS,PASS
D07056,00739190,08C5362A,full_text,0,PASS,PASS
D07057,00739194,08C53655,full_text,0,PASS,PASS
D07058,00739198,08C53688,full_text,0,PASS,PASS
D07057,0073919C,08C53655,full_text,0,PASS,PASS
D07059,007391A0,08C536AD,full_text,0,PASS,PASS
D07059,007391A4,08C536AD,full_text,0,PASS,PASS
D07059,007391A8,08C536AD,full_text,0,PASS,PASS
D07059,007391AC,08C536AD,full_text,0,PASS,PASS
D07060,007BF89C,08C536BA,full_text,0,PASS,PASS
D07061,007BF8A0,08C536D1,full_text,0,PASS,PASS
D07062,007BF8A4,08C5370A,full_text,0,PASS,PASS
D07063,007BF8A8,08C53723,full_text,0,PASS,PASS
D07064,007BF8AC,08816652,full_text,0,PASS,PASS
D07065,007BF8B0,08C5375C,full_text,0,PASS,PASS
D07066,007BF8B4,08C53793,full_text,0,PASS,PASS
D07067,007BF8B8,08C537A8,full_text,0,PASS,PASS
D07068,007BFA0C,08C537DD,full_text,0,PASS,PASS
D07069,007BFA10,08C537F4,full_text,0,PASS,PASS
D07070,007BFA14,08C5380B,full_text,0,PASS,PASS
D07071,007BFAA0,08C5381A,full_text,0,PASS,PASS
D07072,007BFAA4,08C72E8F,full_text,0,PASS,PASS
D07073,007C08A8,08C72EB4,full_text,0,PASS,PASS
D07074,007F15B4,088396CD,full_text,0,PASS,PASS
D07075,007F15B8,08C53893,full_text,0,PASS,PASS
D07076,007F15BC,088396BF,full_text,0,PASS,PASS
D07077,007F15C0,088396BA,full_text,0,PASS,PASS
D07078,007F15C4,088396B5,full_text,0,PASS,PASS
D07079,007F15C8,08C5389E,full_text,0,PASS,PASS
D07080,007F15CC,088396A5,full_text,0,PASS,PASS
D07081,007F15D0,088396A0,full_text,0,PASS,PASS
D07082,007F15D4,0883969B,full_text,0,PASS,PASS
D07083,007F21A8,088396D2,full_text,0,PASS,PASS
D00758,007F21AC,088396D7,full_text,0,PASS,PASS
D07084,007F2220,08C538A9,full_text,0,PASS,PASS
D07085,007F2224,08C5391C,full_text,0,PASS,PASS
D07086,007F22EC,08C53987,full_text,0,PASS,PASS
D07087,007F22F0,08C539C6,full_text,0,PASS,PASS
D07088,007F22F8,08C53A01,full_text,0,PASS,PASS
D07089,007F22FC,08C53A36,full_text,0,PASS,PASS
D07090,007F2300,08C53ABF,full_text,0,PASS,PASS
D07091,007F2338,08C53AEE,full_text,0,PASS,PASS
D07092,007F233C,08C53B35,full_text,0,PASS,PASS
D07093,007F2340,08C53B74,full_text,0,PASS,PASS
D07094,007F2344,08C53BBF,full_text,0,PASS,PASS
D07095,007F234C,08C53C28,full_text,0,PASS,PASS
D07096,007F2384,08C53D0C,full_text,0,PASS,PASS
D07094,007F2388,08C53BBF,full_text,0,PASS,PASS
D07097,007F238C,08C53D65,full_text,0,PASS,PASS
D07098,007F2390,08C53DBA,full_text,0,PASS,PASS
D07099,007F2394,08840ED1,full_text,0,PASS,PASS
D07100,007F2398,08C53E33,full_text,0,PASS,PASS
D07101,007F23D0,08C53EB6,full_text,0,PASS,PASS
D07102,007F23D4,08C53F1F,full_text,0,PASS,PASS
D07103,007F23D8,08C53F7A,full_text,0,PASS,PASS
D07104,007F23DC,08C54003,full_text,0,PASS,PASS
D07105,007F23E0,08C5403C,full_text,0,PASS,PASS
D07106,007F23E4,08C54137,full_text,0,PASS,PASS
D07107,007F241C,08C5415E,full_text,0,PASS,PASS
D07108,007F242C,08C541A7,full_text,0,PASS,PASS
D07109,007F2430,08C54207,full_text,0,PASS,PASS
D07107,007F2468,08C5415E,full_text,0,PASS,PASS
D07110,007F24C4,08C54240,full_text,0,PASS,PASS
D07111,007F24C8,08C54257,full_text,0,PASS,PASS
D07110,007F2510,08C54240,full_text,0,PASS,PASS
D07111,007F2514,08C54257,full_text,0,PASS,PASS
D07110,007F255C,08C54240,full_text,0,PASS,PASS
D07111,007F2560,08C54257,full_text,0,PASS,PASS
D07110,007F25A8,08C54240,full_text,0,PASS,PASS
D07112,007F25AC,08C542C8,full_text,0,PASS,PASS
D07113,007F25E4,08C54339,full_text,0,PASS,PASS
D07114,007F25EC,08C54378,full_text,0,PASS,PASS
D07115,007F25F0,08C543BB,full_text,0,PASS,PASS
D07116,007F25F8,08C543FA,full_text,0,PASS,PASS
D07117,007F2630,08C54473,full_text,0,PASS,PASS
D07118,007F2634,08C54498,full_text,0,PASS,PASS
D07119,007F2638,08C544D7,full_text,0,PASS,PASS
D07120,007F2644,08C54510,full_text,0,PASS,PASS
D07121,007F267C,08C545A5,full_text,0,PASS,PASS
D07122,007F2684,08C545FE,full_text,0,PASS,PASS
D07123,007F2688,08C5464F,full_text,0,PASS,PASS
D07124,007F26C8,08C5468C,full_text,0,PASS,PASS
D07125,007F26D0,08C546BF,full_text,0,PASS,PASS
D07126,007F26D8,08C54712,full_text,0,PASS,PASS
D07127,007F26DC,08C547E3,full_text,0,PASS,PASS
D07128,007F271C,08C5485C,full_text,0,PASS,PASS
D07129,007F2720,08C54893,full_text,0,PASS,PASS
D07130,007F2728,08C548C2,full_text,0,PASS,PASS
D07131,007F27AC,08C5494F,full_text,0,PASS,PASS
D07132,007F27B0,08C549B2,full_text,0,PASS,PASS
D07133,007F27B8,08C549E9,full_text,0,PASS,PASS
D07134,007F27BC,08C54A24,full_text,0,PASS,PASS
D07135,007F27C0,08C54A3B,full_text,0,PASS,PASS
D07136,007F27F8,08C54A90,full_text,0,PASS,PASS
D07137,007F27FC,08C54AE5,full_text,0,PASS,PASS
D07138,007F2804,08C54B04,full_text,0,PASS,PASS
D07139,007F2808,08C54B2D,full_text,0,PASS,PASS
D07140,007F280C,08C54B85,full_text,0,PASS,PASS
D07141,007F2844,08C54BCA,full_text,0,PASS,PASS
D07142,007F2848,08C54C03,full_text,0,PASS,PASS
D07143,007F2850,08C54C30,full_text,0,PASS,PASS
D07144,007F2854,0883FF0F,full_text,0,PASS,PASS
D07145,007F2858,08C54C71,full_text,0,PASS,PASS
D07146,007F2890,08C54CBE,full_text,0,PASS,PASS
D07147,007F28A0,0883FE42,full_text,0,PASS,PASS
D07148,007F28A4,08C54CF9,full_text,0,PASS,PASS
D07149,007F28DC,08C54D7A,full_text,0,PASS,PASS
D07150,007F28EC,08C54DBD,full_text,0,PASS,PASS
D07151,007F28F0,08C54DDE,full_text,0,PASS,PASS
D07152,007F2928,08C54E41,full_text,0,PASS,PASS
D07153,007F292C,08C54E6E,full_text,0,PASS,PASS
D07154,007F2930,08C54E9B,full_text,0,PASS,PASS
D07155,007F2934,08C54ED8,full_text,0,PASS,PASS
D07152,007F2974,08C54E41,full_text,0,PASS,PASS
D07156,007F2978,0883FB83,full_text,0,PASS,PASS
D07157,007F297C,08C54F0D,full_text,0,PASS,PASS
D07155,007F2980,08C54ED8,full_text,0,PASS,PASS
D07158,007F29C0,08C54F4C,full_text,0,PASS,PASS
D07159,007F29C4,08C54FA3,full_text,0,PASS,PASS
D07160,007F29C8,08C54FDC,full_text,0,PASS,PASS
D07161,007F29CC,08C5502B,full_text,0,PASS,PASS
D07162,007F29D4,08C55069,full_text,0,PASS,PASS
D07163,007F2A0C,08C550DC,full_text,0,PASS,PASS
D07164,007F2A10,08C5512F,full_text,0,PASS,PASS
D07160,007F2A14,08C54FDC,full_text,0,PASS,PASS
D07165,007F2A18,08C55164,full_text,0,PASS,PASS
D07166,007F2A20,08C551AD,full_text,0,PASS,PASS
D07167,007F2A58,08C55234,full_text,0,PASS,PASS
D07168,007F2A60,08C55285,full_text,0,PASS,PASS
D07169,007F2A64,08C552CB,full_text,0,PASS,PASS
D07170,007F2A68,0883F71F,full_text,0,PASS,PASS
D07171,007F2A6C,08C552F0,full_text,0,PASS,PASS
D07172,007F2AA4,08C5532F,full_text,0,PASS,PASS
D07173,007F2AA8,08C5537A,full_text,0,PASS,PASS
D07174,007F2AAC,08C553B7,full_text,0,PASS,PASS
D07175,007F2AB8,08C553EC,full_text,0,PASS,PASS
D07176,007F2AF8,08C55473,full_text,0,PASS,PASS
D07177,007F2B3C,08C554B2,full_text,0,PASS,PASS
D07178,007F2B40,08C55519,full_text,0,PASS,PASS
D07179,007F2B48,08C5554C,full_text,0,PASS,PASS
D07180,007F2B4C,08C55581,full_text,0,PASS,PASS
D07181,007F2B50,08C555B2,full_text,0,PASS,PASS
D07182,007F2B88,08C555EF,full_text,0,PASS,PASS
D07183,007F2B8C,08C5565C,full_text,0,PASS,PASS
D07184,007F2B94,08C556A3,full_text,0,PASS,PASS
D07185,007F2B98,0883F332,full_text,0,PASS,PASS
D07186,007F2B9C,08C556CE,full_text,0,PASS,PASS
D07187,007F2BD4,08C5574F,full_text,0,PASS,PASS
D07188,007F2BD8,08C557AE,full_text,0,PASS,PASS
D07179,007F2BE0,08C5554C,full_text,0,PASS,PASS
D07189,007F2BE4,0883F18A,full_text,0,PASS,PASS
D07190,007F2BE8,08C557E7,full_text,0,PASS,PASS
D07191,007F2C20,08C5584E,full_text,0,PASS,PASS
D07178,007F2C24,08C55519,full_text,0,PASS,PASS
D07179,007F2C2C,08C5554C,full_text,0,PASS,PASS
D07192,007F2C30,08C558CB,full_text,0,PASS,PASS
D07193,007F2C34,08C55908,full_text,0,PASS,PASS
D07194,007F2C78,08C55943,full_text,0,PASS,PASS
D07195,007F2C7C,08C5597C,full_text,0,PASS,PASS
D07196,007F2C80,08C559D3,full_text,0,PASS,PASS
D07197,007F2CB8,08C55A0C,full_text,0,PASS,PASS
D07194,007F2CC4,08C55943,full_text,0,PASS,PASS
D07198,007F2CCC,08C55A59,full_text,0,PASS,PASS
D07199,007F2D04,08C55AD8,full_text,0,PASS,PASS
D07200,007F2D08,08C55B27,full_text,0,PASS,PASS
D07201,007F2D0C,08C55B56,full_text,0,PASS,PASS
D07179,007F2D5C,08C5554C,full_text,0,PASS,PASS
D07202,007F2D60,0883EDC9,full_text,0,PASS,PASS
D07203,007F2D64,08C55B99,full_text,0,PASS,PASS
D07204,007F2D9C,08C55BDB,full_text,0,PASS,PASS
D07205,007F2DA0,08C55C18,full_text,0,PASS,PASS
D07206,007F2DA4,08C55C51,full_text,0,PASS,PASS
D07207,007F2DA8,08C55C86,full_text,0,PASS,PASS
D07208,007F2DE8,08C55CB7,full_text,0,PASS,PASS
D07209,007F2DEC,08C55CF2,full_text,0,PASS,PASS
D07206,007F2DF0,08C55C51,full_text,0,PASS,PASS
D07207,007F2DF4,08C55C86,full_text,0,PASS,PASS
D07210,007F2E34,08C55D41,full_text,0,PASS,PASS
D07211,007F2E38,08C55D96,full_text,0,PASS,PASS
D07206,007F2E3C,08C55C51,full_text,0,PASS,PASS
D07207,007F2E40,08C55C86,full_text,0,PASS,PASS
D07212,007F2E80,08C55DEF,full_text,0,PASS,PASS
D07213,007F2E84,08C55E30,full_text,0,PASS,PASS
D07206,007F2E88,08C55C51,full_text,0,PASS,PASS
D07207,007F2E8C,08C55C86,full_text,0,PASS,PASS
D07214,007F2ECC,08C55E55,full_text,0,PASS,PASS
D07215,007F2ED0,08C55EA2,full_text,0,PASS,PASS
D07216,007F2ED4,08C55ED9,full_text,0,PASS,PASS
D07217,007F2ED8,08C55F28,full_text,0,PASS,PASS
D07218,007F2F18,08C55F4F,full_text,0,PASS,PASS
D07219,007F2F1C,08C55F8A,full_text,0,PASS,PASS
D07220,007F2F20,08C55FE3,full_text,0,PASS,PASS
D07217,007F2F24,08C55F28,full_text,0,PASS,PASS
D07221,007F2F28,0883E85A,full_text,0,PASS,PASS
D07222,007F2F2C,08C72EC5,full_text,0,PASS,PASS
D07223,007F2F64,0883E7C0,full_text,0,PASS,PASS
D07224,007F2F70,08C56016,full_text,0,PASS,PASS
D07225,007F2F74,08C5605D,full_text,0,PASS,PASS
D07226,007F2F78,08C56080,full_text,0,PASS,PASS
D07227,007F2FB0,08C56131,full_text,0,PASS,PASS
D07228,007F2FB4,08C56160,full_text,0,PASS,PASS
D07229,007F2FB8,0883E5C8,full_text,0,PASS,PASS
D07230,007F2FBC,08C56197,full_text,0,PASS,PASS
D07231,007F2FC4,08C561CA,full_text,0,PASS,PASS
D07232,007F2FFC,08C5622D,full_text,0,PASS,PASS
D07233,007F3000,08C5626C,full_text,0,PASS,PASS
D07234,007F3008,08C5629B,full_text,0,PASS,PASS
D07235,007F300C,08C562D4,full_text,0,PASS,PASS
D07236,007F3010,08C562EF,full_text,0,PASS,PASS
D07232,007F3048,08C5622D,full_text,0,PASS,PASS
D07233,007F304C,08C5626C,full_text,0,PASS,PASS
D07234,007F3054,08C5629B,full_text,0,PASS,PASS
D07237,007F305C,08C5633E,full_text,0,PASS,PASS
D07238,007F3094,08C5639F,full_text,0,PASS,PASS
D07239,007F3098,08C563DC,full_text,0,PASS,PASS
D07240,007F309C,08C56466,full_text,0,PASS,PASS
D07241,007F30A4,08C564A5,full_text,0,PASS,PASS
D07242,007F30A8,08C564CE,full_text,0,PASS,PASS
D07243,007F30E8,08C56533,full_text,0,PASS,PASS
D07244,007F30EC,08C56588,full_text,0,PASS,PASS
D07245,007F30F0,08C565D9,full_text,0,PASS,PASS
D07246,007F30F4,08C566AA,full_text,0,PASS,PASS
D07247,007F313C,08C56757,full_text,0,PASS,PASS
D07248,007F3140,08C5679A,full_text,0,PASS,PASS
D07249,007F318C,08C567C3,full_text,0,PASS,PASS
D07250,007F31C4,08C56818,full_text,0,PASS,PASS
D07251,007F31D0,08C56845,full_text,0,PASS,PASS
D07252,007F3210,08C5688A,full_text,0,PASS,PASS
D07253,007F3218,08C568BF,full_text,0,PASS,PASS
D07254,007F325C,08C56916,full_text,0,PASS,PASS
D07255,007F3270,08C5693D,full_text,0,PASS,PASS
D07256,007F32B0,08C569A0,full_text,0,PASS,PASS
D07257,007F32B4,08C569D9,full_text,0,PASS,PASS
D07258,007F32B8,08C56A20,full_text,0,PASS,PASS
D07259,007F32F8,08C56A67,full_text,0,PASS,PASS
D07260,007F3300,08C56AA6,full_text,0,PASS,PASS
D07261,007F3304,08C56ACF,full_text,0,PASS,PASS
D07262,007F3308,08C56AF6,full_text,0,PASS,PASS
D07263,007F3340,08C56B25,full_text,0,PASS,PASS
D07264,007F3348,08C56B86,full_text,0,PASS,PASS
D07265,007F3350,08C56BD7,full_text,0,PASS,PASS
D07266,007F3354,08C56C26,full_text,0,PASS,PASS
D07267,007F338C,08C56C63,full_text,0,PASS,PASS
D07268,007F33D8,08C56CB6,full_text,0,PASS,PASS
D07269,007F33E4,08C56CF1,full_text,0,PASS,PASS
D07259,007F34C0,08C56A67,full_text,0,PASS,PASS
D07260,007F34C8,08C56AA6,full_text,0,PASS,PASS
D07270,007F34CC,08C56D18,full_text,0,PASS,PASS
D07271,007F34D0,08C56D83,full_text,0,PASS,PASS
D07259,007F350C,08C56A67,full_text,0,PASS,PASS
D07260,007F3514,08C56AA6,full_text,0,PASS,PASS
D07272,007F3518,08C56DCE,full_text,0,PASS,PASS
D07273,007F351C,08C56E2F,full_text,0,PASS,PASS
D07259,007F3558,08C56A67,full_text,0,PASS,PASS
D07274,007F3560,08C56EA8,full_text,0,PASS,PASS
D07275,007F3564,08C56ED5,full_text,0,PASS,PASS
D07276,007F3568,08C56F48,full_text,0,PASS,PASS
D07259,007F35A4,08C56A67,full_text,0,PASS,PASS
D07277,007F35AC,08C56F8B,full_text,0,PASS,PASS
D07278,007F35B0,08C56FB0,full_text,0,PASS,PASS
D07279,007F35B4,08C57001,full_text,0,PASS,PASS
D07280,007F35F0,08C5704E,full_text,0,PASS,PASS
D07281,007F35F4,08C57081,full_text,0,PASS,PASS
D07282,007F35F8,08C570A6,full_text,0,PASS,PASS
D07283,007F3600,08C5710D,full_text,0,PASS,PASS
D07284,007F363C,08C5719C,full_text,0,PASS,PASS
D07281,007F3640,08C57081,full_text,0,PASS,PASS
D07285,007F3644,08C571DF,full_text,0,PASS,PASS
D07283,007F364C,08C5710D,full_text,0,PASS,PASS
D07286,007F3684,08C5722A,full_text,0,PASS,PASS
D07287,007F3688,08C57277,full_text,0,PASS,PASS
D07288,007F368C,08C572B8,full_text,0,PASS,PASS
D07289,007F3698,08C57313,full_text,0,PASS,PASS
D07290,007F36D4,08C5739C,full_text,0,PASS,PASS
D07291,007F36D8,08C573C1,full_text,0,PASS,PASS
D07292,007F36DC,08C573E4,full_text,0,PASS,PASS
D07293,007F371C,08C57411,full_text,0,PASS,PASS
D07294,007F3720,08C5743C,full_text,0,PASS,PASS
D07295,007F3730,08C5747D,full_text,0,PASS,PASS
D07296,007F3768,08C574DE,full_text,0,PASS,PASS
D07297,007F376C,08C57515,full_text,0,PASS,PASS
D07298,007F377C,08C57548,full_text,0,PASS,PASS
D07299,007F37B8,08C575CB,full_text,0,PASS,PASS
D07300,007F37BC,08C57620,full_text,0,PASS,PASS
D07301,007F37C0,08C5765F,full_text,0,PASS,PASS
D07299,007F3804,08C575CB,full_text,0,PASS,PASS
D07300,007F3808,08C57620,full_text,0,PASS,PASS
D07302,007F380C,08C576AE,full_text,0,PASS,PASS
D07303,007F3854,08C57703,full_text,0,PASS,PASS
D07304,007F3858,08C57746,full_text,0,PASS,PASS
D07305,007F3860,08C5778B,full_text,0,PASS,PASS
D07299,007F389C,08C575CB,full_text,0,PASS,PASS
D07300,007F38A0,08C57620,full_text,0,PASS,PASS
D07302,007F38A4,08C576AE,full_text,0,PASS,PASS
D07306,007F38EC,08C5780A,full_text,0,PASS,PASS
D07304,007F38F0,08C57746,full_text,0,PASS,PASS
D07307,007F38F8,08C57837,full_text,0,PASS,PASS
D07299,007F3934,08C575CB,full_text,0,PASS,PASS
D07300,007F3938,08C57620,full_text,0,PASS,PASS
D07302,007F393C,08C576AE,full_text,0,PASS,PASS
D07308,007F397C,08C57894,full_text,0,PASS,PASS
D07309,007F3980,08C578C5,full_text,0,PASS,PASS
D07310,007F3984,08C578F4,full_text,0,PASS,PASS
D07311,007F3988,08C57939,full_text,0,PASS,PASS
D07312,007F3990,08C5795E,full_text,0,PASS,PASS
D07313,007F39C8,08C579D7,full_text,0,PASS,PASS
D07314,007F39CC,08C579FA,full_text,0,PASS,PASS
D07315,007F39D0,08C57A35,full_text,0,PASS,PASS
D07316,007F39DC,08C57A7A,full_text,0,PASS,PASS
D07317,007F3A14,08C57ACB,full_text,0,PASS,PASS
D07318,007F3A18,08C57AFE,full_text,0,PASS,PASS
D07319,007F3A1C,08C57B49,full_text,0,PASS,PASS
D07320,007F3A20,08C57B86,full_text,0,PASS,PASS
D07321,007F3A28,08C57BD1,full_text,0,PASS,PASS
D07322,007F3A60,08C57C1E,full_text,0,PASS,PASS
D07323,007F3A64,08C57C57,full_text,0,PASS,PASS
D07324,007F3A68,08C57C9C,full_text,0,PASS,PASS
D07325,007F3A70,0883C747,full_text,0,PASS,PASS
D07326,007F3A74,08C57CF7,full_text,0,PASS,PASS
D07327,007F3AAC,08C57D28,full_text,0,PASS,PASS
D07328,007F3AB0,08C57D65,full_text,0,PASS,PASS
D07329,007F3AB4,08C57DA4,full_text,0,PASS,PASS
D07330,007F3ABC,08C57DEB,full_text,0,PASS,PASS
D07331,007F3AC0,08C57E0A,full_text,0,PASS,PASS
D07332,007F3AF8,08C57E73,full_text,0,PASS,PASS
D07333,007F3B04,08C57EA6,full_text,0,PASS,PASS
D07334,007F3B08,08C57EE3,full_text,0,PASS,PASS
D07335,007F3B0C,08C57F1C,full_text,0,PASS,PASS
D07336,007F3B90,0883C42E,full_text,0,PASS,PASS
D07337,007F3B94,08C57F85,full_text,0,PASS,PASS
D07338,007F3B9C,08C57FAE,full_text,0,PASS,PASS
D07339,007F3BA0,08C57FDF,full_text,0,PASS,PASS
D07340,007F3BA4,08C58032,full_text,0,PASS,PASS
D07341,007F3BDC,08C58089,full_text,0,PASS,PASS
D07342,007F3BE0,08C580B2,full_text,0,PASS,PASS
D07343,007F3BE4,08C580EB,full_text,0,PASS,PASS
D07344,007F3BEC,08C58128,full_text,0,PASS,PASS
D07345,007F3BF0,08C5815B,full_text,0,PASS,PASS
D07346,007F3D0C,08C58198,full_text,0,PASS,PASS
D07347,007F3D10,08C581BF,full_text,0,PASS,PASS
D07348,007F3D14,08C581EE,full_text,0,PASS,PASS
D07349,007F3D18,08C58221,full_text,0,PASS,PASS
D07346,007F3D58,08C58198,full_text,0,PASS,PASS
D07350,007F3D5C,08C5825C,full_text,0,PASS,PASS
D07348,007F3D60,08C581EE,full_text,0,PASS,PASS
D07349,007F3D64,08C58221,full_text,0,PASS,PASS
D07351,007F3DA4,08C5828B,full_text,0,PASS,PASS
D07352,007F3DAC,08C582BE,full_text,0,PASS,PASS
D07353,007F3DB0,08C582FD,full_text,0,PASS,PASS
D07354,007F3DB4,08C58330,full_text,0,PASS,PASS
D07355,007F3DB8,08C58375,full_text,0,PASS,PASS
D07356,007F3DF0,08C5839C,full_text,0,PASS,PASS
D07352,007F3DF8,08C582BE,full_text,0,PASS,PASS
D07357,007F3DFC,08C583D3,full_text,0,PASS,PASS
D07358,007F3E00,08C58406,full_text,0,PASS,PASS
D07359,007F3E04,08C58473,full_text,0,PASS,PASS
D07360,007F3E3C,08C58494,full_text,0,PASS,PASS
D07352,007F3E44,08C582BE,full_text,0,PASS,PASS
D07361,007F3E48,08C584CB,full_text,0,PASS,PASS
D07362,007F3E4C,08C584FC,full_text,0,PASS,PASS
D07363,007F3E50,08C58547,full_text,0,PASS,PASS
D07364,007F3E88,08C585A6,full_text,0,PASS,PASS
D07365,007F3E90,08C585D7,full_text,0,PASS,PASS
D07366,007F3E94,08C5861C,full_text,0,PASS,PASS
D07367,007F3E98,08C58645,full_text,0,PASS,PASS
D07368,007F3E9C,08C58682,full_text,0,PASS,PASS
D07365,007F3EDC,08C585D7,full_text,0,PASS,PASS
D07369,007F3EE0,08C10E82,full_text,0,PASS,PASS
D07370,007F3EE4,08C586C1,full_text,0,PASS,PASS
D07371,007F3EE8,08C58710,full_text,0,PASS,PASS
D07372,007F3F34,08C58745,full_text,0,PASS,PASS
D07372,007F3F80,08C58745,full_text,0,PASS,PASS
D07373,007F3FC8,08C58788,full_text,0,PASS,PASS
D07372,007F3FCC,08C58745,full_text,0,PASS,PASS
D07374,007F4004,08C587C3,full_text,0,PASS,PASS
D07375,007F4060,08C587EC,full_text,0,PASS,PASS
D07376,007F4064,08C58847,full_text,0,PASS,PASS
D07377,007F40A8,08C588F6,full_text,0,PASS,PASS
D07377,007F40F4,08C588F6,full_text,0,PASS,PASS
D07378,007F4144,08C5892D,full_text,0,PASS,PASS
D07379,007F4148,08C589D6,full_text,0,PASS,PASS
D07380,007F4194,08C589F5,full_text,0,PASS,PASS
D07381,007F41D8,08C58A92,full_text,0,PASS,PASS
D07382,007F41DC,08C58ABD,full_text,0,PASS,PASS
D07383,007F41E0,08C58B7E,full_text,0,PASS,PASS
D07384,007F4224,08C58C01,full_text,0,PASS,PASS
D07385,007F4228,08C58C2E,full_text,0,PASS,PASS
D07386,007F422C,08C58CF5,full_text,0,PASS,PASS
D07387,007F4278,08C58D78,full_text,0,PASS,PASS
D07388,007F42C4,08C58E29,full_text,0,PASS,PASS
D07389,007F4304,08C58F20,full_text,0,PASS,PASS
D07390,007F4310,08C58F63,full_text,0,PASS,PASS
D07391,007F4394,08C59026,full_text,0,PASS,PASS
D07392,007F4398,08C59067,full_text,0,PASS,PASS
D07393,007F43A8,08C5908E,full_text,0,PASS,PASS
D07394,007F43E0,08C5914B,full_text,0,PASS,PASS
D07395,007F43E4,08C59190,full_text,0,PASS,PASS
D07396,007F43EC,08C591B3,full_text,0,PASS,PASS
D07397,007F43F4,08C591D8,full_text,0,PASS,PASS
D07398,007F442C,08C59251,full_text,0,PASS,PASS
D07399,007F4430,08C59272,full_text,0,PASS,PASS
D07400,007F4438,08C592A3,full_text,0,PASS,PASS
D07401,007F443C,08C592CC,full_text,0,PASS,PASS
D07402,007F4440,08C5933B,full_text,0,PASS,PASS
D07403,007F4488,08C59416,full_text,0,PASS,PASS
D07404,007F448C,08C59449,full_text,0,PASS,PASS
D07405,007F44C4,08C5946C,full_text,0,PASS,PASS
D07406,007F44CC,08C594A1,full_text,0,PASS,PASS
D07407,007F44D0,08C594C2,full_text,0,PASS,PASS
D07408,007F4510,08C594ED,full_text,0,PASS,PASS
D07409,007F4520,08C59524,full_text,0,PASS,PASS
D07410,007F4524,08C595DF,full_text,0,PASS,PASS
D07411,007F455C,08C59630,full_text,0,PASS,PASS
D07412,007F4568,08C59685,full_text,0,PASS,PASS
D07413,007F4570,08C596C2,full_text,0,PASS,PASS
D07414,007F45A8,08C59741,full_text,0,PASS,PASS
D07415,007F45BC,08C59786,full_text,0,PASS,PASS
D07416,007F45F4,08C597F9,full_text,0,PASS,PASS
D07417,007F45F8,08C5982E,full_text,0,PASS,PASS
D07418,007F4600,08C59889,full_text,0,PASS,PASS
D07419,007F4640,08C598DE,full_text,0,PASS,PASS
D07420,007F4644,08C5995F,full_text,0,PASS,PASS
D07421,007F4648,08C5999A,full_text,0,PASS,PASS
D07422,007F4654,08C599D3,full_text,0,PASS,PASS
D07423,007F468C,08C59A58,full_text,0,PASS,PASS
D07424,007F4690,08C59A83,full_text,0,PASS,PASS
D07425,007F4698,08C59ACA,full_text,0,PASS,PASS
D07426,007F46D8,08C59AF1,full_text,0,PASS,PASS
D07427,007F46E4,08C59B1C,full_text,0,PASS,PASS
D07428,007F46E8,08C59B61,full_text,0,PASS,PASS
D07429,007F46EC,08C59B94,full_text,0,PASS,PASS
D07430,007F4724,08C59BCB,full_text,0,PASS,PASS
D07431,007F4728,08C59C08,full_text,0,PASS,PASS
D07432,007F4734,08C59C35,full_text,0,PASS,PASS
D07433,007F4738,08C59C66,full_text,0,PASS,PASS
D07434,007F4770,08C59CD9,full_text,0,PASS,PASS
D07435,007F4784,08C59D14,full_text,0,PASS,PASS
D07436,007F47BC,08C59DA1,full_text,0,PASS,PASS
D07437,007F47C8,08C59DD2,full_text,0,PASS,PASS
D07438,007F47CC,08C59E17,full_text,0,PASS,PASS
D07439,007F47D0,08C59E82,full_text,0,PASS,PASS
D07440,007F4854,08C59EAB,full_text,0,PASS,PASS
D07441,007F4858,08C59F04,full_text,0,PASS,PASS
D07442,007F4864,08C59F4D,full_text,0,PASS,PASS
D07443,007F4868,08C59F90,full_text,0,PASS,PASS
D07444,007F48B0,08C5A0AB,full_text,0,PASS,PASS
D07445,007F48B4,08C5A118,full_text,0,PASS,PASS
D07446,007F48F4,08C5A141,full_text,0,PASS,PASS
D07447,007F48FC,08C5A1A2,full_text,0,PASS,PASS
D07448,007F4938,08C5A1D3,full_text,0,PASS,PASS
D07449,007F493C,08C5A1FC,full_text,0,PASS,PASS
D07450,007F4944,08C5A233,full_text,0,PASS,PASS
D07451,007F4948,08839D41,full_text,0,PASS,PASS
D07452,007F494C,08C5A266,full_text,0,PASS,PASS
D07453,007F4984,08C5A30D,full_text,0,PASS,PASS
D07454,007F498C,08C5A348,full_text,0,PASS,PASS
D07455,007F49D0,08C5A3BF,full_text,0,PASS,PASS
D07456,007F4AB4,08839B32,full_text,0,PASS,PASS
D07457,007F4AB8,08C5A40E,full_text,0,PASS,PASS
D07458,007F4AC0,08C5A44B,full_text,0,PASS,PASS
D07459,007F4B4C,08C5A496,full_text,0,PASS,PASS
D07460,007F4B50,08C5A4E1,full_text,0,PASS,PASS
D07461,007F4B58,08C5A52E,full_text,0,PASS,PASS
D07462,007F4BEC,08C5A561,full_text,0,PASS,PASS
D07463,007F4BF0,08C5A5AE,full_text,0,PASS,PASS
D07464,007F4BF8,08C5A5CF,full_text,0,PASS,PASS
D07465,007F4C44,08C5A66C,full_text,0,PASS,PASS
D07466,007F50B0,08C5A6F3,full_text,0,PASS,PASS
D07467,007F53F0,088426C6,full_text,0,PASS,PASS
D07468,007F53F4,088426A9,full_text,0,PASS,PASS
D07469,007F5404,088435ED,full_text,0,PASS,PASS
D07470,007F5408,08C5A73A,full_text,0,PASS,PASS
D07471,007F540C,08C5A771,full_text,0,PASS,PASS
D07472,007F5410,08C5A7C4,full_text,0,PASS,PASS
D07473,007F5414,08844C0C,full_text,0,PASS,PASS
D07474,007F5418,08C5A813,full_text,0,PASS,PASS
D07475,007F541C,08C5A86E,full_text,0,PASS,PASS
D07476,007F5420,08844AE7,full_text,0,PASS,PASS
D07477,007F5424,08C5A8C1,full_text,0,PASS,PASS
D07478,007F5428,08844A17,full_text,0,PASS,PASS
D07479,007F542C,08C5A916,full_text,0,PASS,PASS
D07480,007F5430,0884495F,full_text,0,PASS,PASS
D07481,007F5434,08C5A959,full_text,0,PASS,PASS
D07482,007F5438,088448E1,full_text,0,PASS,PASS
D07483,007F543C,08C5A988,full_text,0,PASS,PASS
D07484,007F5440,08C5A9C1,full_text,0,PASS,PASS
D07485,007F5444,08C5AA24,full_text,0,PASS,PASS
D07486,007F5448,08C5AA73,full_text,0,PASS,PASS
D07487,007F544C,08C5AAB0,full_text,0,PASS,PASS
D07488,007F5450,08C5AAFF,full_text,0,PASS,PASS
D07489,007F5454,08C5AB66,full_text,0,PASS,PASS
D07490,007F5458,08C5ABAF,full_text,0,PASS,PASS
D07491,007F545C,08844614,full_text,0,PASS,PASS
D07492,007F5460,08C5ABE2,full_text,0,PASS,PASS
D07493,007F5464,08C5AC2B,full_text,0,PASS,PASS
D07494,007F5468,08C72F0A,full_text,0,PASS,PASS
D07495,007F546C,08C5AC82,full_text,0,PASS,PASS
D07496,007F5484,08C5ACE5,full_text,0,PASS,PASS
D07497,007F5488,08C5AD3A,full_text,0,PASS,PASS
D07498,007F548C,08C5AD77,full_text,0,PASS,PASS
D07499,007F5490,08C5ADD2,full_text,0,PASS,PASS
D07500,007F5494,08C5AE40,full_text,0,PASS,PASS
D07501,007F5498,08C5AEB3,full_text,0,PASS,PASS
D07502,007F549C,08C5AEEF,full_text,0,PASS,PASS
D07503,007F54A0,08C5AF1E,full_text,0,PASS,PASS
D07504,007F54A4,08C5AF73,full_text,0,PASS,PASS
D07505,007F54A8,08C5AFA2,full_text,0,PASS,PASS
D07506,007F54AC,08C5AFEB,full_text,0,PASS,PASS
D07507,007F54B0,08C5B034,full_text,0,PASS,PASS
D07508,007F54B4,08C5B083,full_text,0,PASS,PASS
D07509,007F54B8,08C5B0DA,full_text,0,PASS,PASS
D07510,007F54BC,08C5B12B,full_text,0,PASS,PASS
D07511,007F54C0,08C5B17A,full_text,0,PASS,PASS
D07512,007F54C4,08C5B1B5,full_text,0,PASS,PASS
D07513,007F54C8,08C5B1F7,full_text,0,PASS,PASS
D07514,007F54CC,08C5B262,full_text,0,PASS,PASS
D07515,007F54D0,08C5B2AD,full_text,0,PASS,PASS
D07516,007F54D4,08843D7B,full_text,0,PASS,PASS
D07517,007F54D8,08C5B306,full_text,0,PASS,PASS
D07518,007F54DC,08C5B34B,full_text,0,PASS,PASS
D07519,007F54E0,08C5B3A4,full_text,0,PASS,PASS
D07520,007F54E4,08C5B3FD,full_text,0,PASS,PASS
D07521,007F54E8,08C5B440,full_text,0,PASS,PASS
D07522,007F54EC,08C5B495,full_text,0,PASS,PASS
D07523,007F54F0,08C5B4EC,full_text,0,PASS,PASS
D07524,007F54F4,08843A31,full_text,0,PASS,PASS
D07525,007F54F8,08C5B561,full_text,0,PASS,PASS
D07526,007F54FC,08C5B5AA,full_text,0,PASS,PASS
D07527,007F5500,08C5B5F7,full_text,0,PASS,PASS
D07528,007F5504,088438B5,full_text,0,PASS,PASS
D07529,007F5508,08C5B632,full_text,0,PASS,PASS
D07530,007F550C,08C5B66D,full_text,0,PASS,PASS
D07531,007F5510,088437A8,full_text,0,PASS,PASS
D07532,007F5514,08C5B6AC,full_text,0,PASS,PASS
D07533,007F5518,08C5B6FD,full_text,0,PASS,PASS
D07534,007F551C,08C5B756,full_text,0,PASS,PASS
D07535,007F5520,08C5B7A5,full_text,0,PASS,PASS
D07536,007F5524,08C5B7EA,full_text,0,PASS,PASS
D07537,007F5528,08C5B860,full_text,0,PASS,PASS
D07538,007F552C,08C5B8BA,full_text,0,PASS,PASS
D07539,007F5530,08C5B98A,full_text,0,PASS,PASS
D07540,007F5534,08C5B9E4,full_text,0,PASS,PASS
D07541,007F5538,08C5BA59,full_text,0,PASS,PASS
D07542,007F5550,08C5BAC2,full_text,0,PASS,PASS
D07543,007F5554,08C5BAEB,full_text,0,PASS,PASS
D07544,007F5558,08C5BB1E,full_text,0,PASS,PASS
D07545,007F555C,08C5BB3B,full_text,0,PASS,PASS
D07546,007F5560,08C5BB5C,full_text,0,PASS,PASS
D07547,007F5564,08C5BBE9,full_text,0,PASS,PASS
D07548,007F5568,08C5BC76,full_text,0,PASS,PASS
D07549,007F556C,08C5BC93,full_text,0,PASS,PASS
D07550,007F5570,08C5BCB0,full_text,0,PASS,PASS
D07551,007F5574,08C5BCD9,full_text,0,PASS,PASS
D07552,007F5578,08C5BD08,full_text,0,PASS,PASS
D07553,007F557C,08C5BD3D,full_text,0,PASS,PASS
D07554,007F5580,08C5BD68,full_text,0,PASS,PASS
D07555,007F5584,08C5BDDB,full_text,0,PASS,PASS
D07556,007F5588,08C5BE4E,full_text,0,PASS,PASS
D07557,007F558C,08C5BE83,full_text,0,PASS,PASS
D07558,007F5594,08852D36,full_text,0,PASS,PASS
D07559,007F559C,08C5BEBE,full_text,0,PASS,PASS
D07560,007F55A4,08C5BEDB,full_text,0,PASS,PASS
D07561,007F55AC,08852CC2,full_text,0,PASS,PASS
D07562,007F55B4,08C5BF02,full_text,0,PASS,PASS
D07563,007F55C4,08C5BF29,full_text,0,PASS,PASS
D07564,007F55CC,08C5BF5E,full_text,0,PASS,PASS
D07565,007F55D4,08C5BF81,full_text,0,PASS,PASS
D02241,007F55DC,08852DF3,full_text,0,PASS,PASS
D07566,007F55E4,08C5BFA8,full_text,0,PASS,PASS
D07567,007F55EC,08852D8D,full_text,0,PASS,PASS
D07568,007F55F4,08852D59,full_text,0,PASS,PASS
D07569,007F55FC,08C5BFD1,full_text,0,PASS,PASS
D07570,007F5604,08C5BFEE,full_text,0,PASS,PASS
D07571,007F5608,08C5C00B,full_text,0,PASS,PASS
D07572,007F560C,08C5C062,full_text,0,PASS,PASS
D07573,007F5610,08C5C0B9,full_text,0,PASS,PASS
D07574,007F5614,08C5C12E,full_text,0,PASS,PASS
D07575,007F5A28,08C5C193,full_text,0,PASS,PASS
D07576,007F5A30,08C5C1D8,full_text,0,PASS,PASS
D07577,007F5A38,08C5C203,full_text,0,PASS,PASS
D07578,007F5A40,08C5C280,full_text,0,PASS,PASS
D07579,007F5A48,08C5C2AF,full_text,0,PASS,PASS
D07580,007F5A50,08C5C323,full_text,0,PASS,PASS
D07581,007F5A58,08C5C38C,full_text,0,PASS,PASS
D07582,007F5A60,08C5C3DB,full_text,0,PASS,PASS
D07583,007F5A68,08C5C42E,full_text,0,PASS,PASS
D07584,007F5A70,08C5C4B1,full_text,0,PASS,PASS
D07585,007F5A78,08C5C4FA,full_text,0,PASS,PASS
D07586,007F5A80,08C5C535,full_text,0,PASS,PASS
D07587,007F5A84,08853E7C,full_text,0,PASS,PASS
D07588,007F5A88,08C5C570,full_text,0,PASS,PASS
D07589,007F5A8C,08853DFC,full_text,0,PASS,PASS
D07590,007F5A90,08853DC7,full_text,0,PASS,PASS
D07591,007F5A94,08853D86,full_text,0,PASS,PASS
D07592,007F5A98,08C5C5A1,full_text,0,PASS,PASS
D07593,007F5A9C,08853CDE,full_text,0,PASS,PASS
D07594,007F5AA0,08C5C608,full_text,0,PASS,PASS
D07595,007F5AA4,08C5C637,full_text,0,PASS,PASS
D07596,007F5AA8,08C5C68C,full_text,0,PASS,PASS
D07597,007F5AAC,08C72F67,full_text,0,PASS,PASS
D07598,007F5AB0,08C5C6F7,full_text,0,PASS,PASS
D07599,007F5AB4,08C5C749,full_text,0,PASS,PASS
D07600,007F5AB8,08C5C793,full_text,0,PASS,PASS
D07601,007F5ABC,08C5C7F2,full_text,0,PASS,PASS
D07602,007F5AC0,08C5C846,full_text,0,PASS,PASS
D07603,007F5AC4,08C72FCE,full_text,0,PASS,PASS
D07604,007F5AC8,08C5C893,full_text,0,PASS,PASS
D07605,007F5ACC,088538C2,full_text,0,PASS,PASS
D07606,007F5AD0,08C5C8DA,full_text,0,PASS,PASS
D07607,007F5AD4,08C5C923,full_text,0,PASS,PASS
D07608,007F5AD8,08C5C98A,full_text,0,PASS,PASS
D07609,007F5ADC,08C5C9F3,full_text,0,PASS,PASS
D07610,007F5AE0,08C5CA3D,full_text,0,PASS,PASS
D07611,007F5AE4,08C73011,full_text,0,PASS,PASS
D07612,007F5AE8,08C5CA90,full_text,0,PASS,PASS
D07613,007F5AEC,08C7304A,full_text,0,PASS,PASS
D07614,007F5AF0,08C5CAEF,full_text,0,PASS,PASS
D07615,007F5AF4,08C5CB2A,full_text,0,PASS,PASS
D07616,007F5AF8,08C5CB53,full_text,0,PASS,PASS
D07617,007F5AFC,08854164,full_text,0,PASS,PASS
D07618,007F5B00,08854105,full_text,0,PASS,PASS
D07619,007F5B04,08C5CBC0,full_text,0,PASS,PASS
D07597,007F5B08,08C72F67,full_text,0,PASS,PASS
D07620,007F5B0C,08C7306F,full_text,0,PASS,PASS
D07621,007F5B10,08C5CC1D,full_text,0,PASS,PASS
D07596,007F5B14,08C5C68C,full_text,0,PASS,PASS
D07593,007F5B18,08853CDE,full_text,0,PASS,PASS
D07622,007F5B1C,08C5CC6E,full_text,0,PASS,PASS
D07610,007F5B20,08C5CA3D,full_text,0,PASS,PASS
D07623,007F5B24,08853F10,full_text,0,PASS,PASS
D07603,007F5B28,08C72FCE,full_text,0,PASS,PASS
D07594,007F5B2C,08C5C608,full_text,0,PASS,PASS
D07606,007F5B30,08C5C8DA,full_text,0,PASS,PASS
D07609,007F5B34,08C5C9F3,full_text,0,PASS,PASS
D07608,007F5B38,08C5C98A,full_text,0,PASS,PASS
D07605,007F5B3C,088538C2,full_text,0,PASS,PASS
D07624,007F5B40,08853EB1,full_text,0,PASS,PASS
D07625,007F5B44,08C5CC9B,full_text,0,PASS,PASS
D07626,007F5B48,08C5CCD8,full_text,0,PASS,PASS
D07600,007F5B4C,08C5C793,full_text,0,PASS,PASS
D07627,007F5B50,08C5CD15,full_text,0,PASS,PASS
D07628,007F5B54,08C5CD6A,full_text,0,PASS,PASS
D07619,007F5B58,08C5CBC0,full_text,0,PASS,PASS
D07620,007F5B5C,08C7306F,full_text,0,PASS,PASS
D07629,007F5B60,0885456A,full_text,0,PASS,PASS
D07597,007F5B64,08C72F67,full_text,0,PASS,PASS
D07630,007F5B68,08C5CDBB,full_text,0,PASS,PASS
D07631,007F5B6C,08C730E0,full_text,0,PASS,PASS
D07624,007F5B70,08853EB1,full_text,0,PASS,PASS
D07604,007F5B74,08C5C893,full_text,0,PASS,PASS
D07602,007F5B78,08C5C846,full_text,0,PASS,PASS
D07632,007F5B7C,08C7313B,full_text,0,PASS,PASS
D07607,007F5B80,08C5C923,full_text,0,PASS,PASS
D07633,007F5B84,08C5CE16,full_text,0,PASS,PASS
D07601,007F5B88,08C5C7F2,full_text,0,PASS,PASS
D07605,007F5B8C,088538C2,full_text,0,PASS,PASS
D07608,007F5B90,08C5C98A,full_text,0,PASS,PASS
D07634,007F5B94,08C5CE67,full_text,0,PASS,PASS
D07610,007F5B98,08C5CA3D,full_text,0,PASS,PASS
D07609,007F5B9C,08C5C9F3,full_text,0,PASS,PASS
D07603,007F5BA0,08C72FCE,full_text,0,PASS,PASS
D07635,007F5BA4,08C5CEC0,full_text,0,PASS,PASS
D07636,007F5BA8,08C5CEF3,full_text,0,PASS,PASS
D07619,007F5BAC,08C5CBC0,full_text,0,PASS,PASS
D07597,007F5BB0,08C72F67,full_text,0,PASS,PASS
D07611,007F5BB4,08C73011,full_text,0,PASS,PASS
D07626,007F5BB8,08C5CCD8,full_text,0,PASS,PASS
D07618,007F5BBC,08854105,full_text,0,PASS,PASS
D07637,007F5BC0,08C5CF42,full_text,0,PASS,PASS
D07632,007F5BC4,08C7313B,full_text,0,PASS,PASS
D07638,007F5BC8,08854785,full_text,0,PASS,PASS
D07602,007F5BCC,08C5C846,full_text,0,PASS,PASS
D07639,007F5BD0,08C5CF93,full_text,0,PASS,PASS
D07640,007F5BD4,08C5CFDC,full_text,0,PASS,PASS
D07603,007F5BD8,08C72FCE,full_text,0,PASS,PASS
D07632,007F5BDC,08C7313B,full_text,0,PASS,PASS
D07641,007F5BE0,0885499B,full_text,0,PASS,PASS
D07619,007F5BE4,08C5CBC0,full_text,0,PASS,PASS
D07597,007F5BE8,08C72F67,full_text,0,PASS,PASS
D07633,007F5BEC,08C5CE16,full_text,0,PASS,PASS
D07632,007F5BF0,08C7313B,full_text,0,PASS,PASS
D07630,007F5BF4,08C5CDBB,full_text,0,PASS,PASS
D07604,007F5BF8,08C5C893,full_text,0,PASS,PASS
D07638,007F5BFC,08854785,full_text,0,PASS,PASS
D07639,007F5C00,08C5CF93,full_text,0,PASS,PASS
D07642,007F5C04,08854944,full_text,0,PASS,PASS
D07631,007F5C08,08C730E0,full_text,0,PASS,PASS
D07640,007F5C0C,08C5CFDC,full_text,0,PASS,PASS
D07602,007F5C10,08C5C846,full_text,0,PASS,PASS
D07603,007F5C14,08C72FCE,full_text,0,PASS,PASS
D07643,007F5C18,08C5D017,full_text,0,PASS,PASS
D07644,007F5C1C,08C5D060,full_text,0,PASS,PASS
D07619,007F5C20,08C5CBC0,full_text,0,PASS,PASS
D07631,007F5C24,08C730E0,full_text,0,PASS,PASS
D07632,007F5C28,08C7313B,full_text,0,PASS,PASS
D07638,007F5C2C,08854785,full_text,0,PASS,PASS
D07597,007F5C30,08C72F67,full_text,0,PASS,PASS
D07639,007F5C34,08C5CF93,full_text,0,PASS,PASS
D07603,007F5C38,08C72FCE,full_text,0,PASS,PASS
D07620,007F5C3C,08C7306F,full_text,0,PASS,PASS
D07637,007F5C40,08C5CF42,full_text,0,PASS,PASS
D07640,007F5C44,08C5CFDC,full_text,0,PASS,PASS
D00530,007F5C70,08C22BC0,full_text,0,PASS,PASS
D07645,007F5C74,08C5D091,full_text,0,PASS,PASS
D07646,007F5C78,08C5D0C0,full_text,0,PASS,PASS
D07647,007F5C7C,08C5D0E1,full_text,0,PASS,PASS
D07648,007F5C80,08C5D10E,full_text,0,PASS,PASS
D07649,007F5CBC,08C5D139,full_text,0,PASS,PASS
D07650,007F5CC4,08C5D19C,full_text,0,PASS,PASS
D07651,007F5CCC,08C5D1D3,full_text,0,PASS,PASS
D07652,007F5CD4,08C5D236,full_text,0,PASS,PASS
D07653,007F5CDC,08C5D26D,full_text,0,PASS,PASS
D07654,007F5CE4,08C5D2BA,full_text,0,PASS,PASS
D07655,007F5CEC,08C5D307,full_text,0,PASS,PASS
D07656,007F5CF4,08C5D368,full_text,0,PASS,PASS
D07657,007F5CFC,08C5D3D9,full_text,0,PASS,PASS
D07658,007F5D04,08C5D442,full_text,0,PASS,PASS
D07659,007F5D0C,08C5D49B,full_text,0,PASS,PASS
D07660,007F5D14,08C5D500,full_text,0,PASS,PASS
D07661,007F5D1C,08C5D547,full_text,0,PASS,PASS
D07662,007F5D24,08C5D582,full_text,0,PASS,PASS
D07663,007F5D2C,08C5D5DD,full_text,0,PASS,PASS
D07664,007F5D34,08C5D633,full_text,0,PASS,PASS
D07665,007F5D3C,08C5D668,full_text,0,PASS,PASS
D07666,007F5D44,08C5D6D5,full_text,0,PASS,PASS
D07667,007F5D4C,08C5D72E,full_text,0,PASS,PASS
D07668,007F5D54,08C5D77D,full_text,0,PASS,PASS
D07669,007F5D5C,08C5D7D8,full_text,0,PASS,PASS
D07670,007F5D64,08C5D82F,full_text,0,PASS,PASS
D07671,007F5E00,08857302,full_text,0,PASS,PASS
D07672,007F5E10,08C5D868,full_text,0,PASS,PASS
D07673,007F5E20,08C5D879,full_text,0,PASS,PASS
D07673,007F5E30,08C5D879,full_text,0,PASS,PASS
D07673,007F5E40,08C5D879,full_text,0,PASS,PASS
D07674,007F5E50,08C5D88A,full_text,0,PASS,PASS
D07673,007F5E60,08C5D879,full_text,0,PASS,PASS
D07675,007F5E70,08C5D897,full_text,0,PASS,PASS
D07676,007F5E80,08C5D8A4,full_text,0,PASS,PASS
D07676,007F5E90,08C5D8A4,full_text,0,PASS,PASS
D07676,007F5EA0,08C5D8A4,full_text,0,PASS,PASS
D07676,007F5EB0,08C5D8A4,full_text,0,PASS,PASS
D07676,007F5EC0,08C5D8A4,full_text,0,PASS,PASS
D07677,007F5ED0,08C5D8BB,full_text,0,PASS,PASS
D07677,007F5EE0,08C5D8BB,full_text,0,PASS,PASS
D07677,007F5EF0,08C5D8BB,full_text,0,PASS,PASS
D07678,007F5F00,08C5D8D2,full_text,0,PASS,PASS
D07679,007F5F10,08C5D8ED,full_text,0,PASS,PASS
D07679,007F5F20,08C5D8ED,full_text,0,PASS,PASS
D07679,007F5F30,08C5D8ED,full_text,0,PASS,PASS
D07679,007F5F40,08C5D8ED,full_text,0,PASS,PASS
D07680,007F5F50,08C5D8FE,full_text,0,PASS,PASS
D07679,007F5F60,08C5D8ED,full_text,0,PASS,PASS
D07681,007F5F70,0885726A,full_text,0,PASS,PASS
D07681,007F5F80,0885726A,full_text,0,PASS,PASS
D07681,007F5F90,0885726A,full_text,0,PASS,PASS
D07682,007F5FA0,0885725B,full_text,0,PASS,PASS
D07682,007F5FB0,0885725B,full_text,0,PASS,PASS
D07682,007F5FC0,0885725B,full_text,0,PASS,PASS
D07683,007F5FD0,08857389,full_text,0,PASS,PASS
D07684,007F5FE0,08C5D90B,full_text,0,PASS,PASS
D07684,007F5FF0,08C5D90B,full_text,0,PASS,PASS
D07685,007F6000,08C5D916,full_text,0,PASS,PASS
D07685,007F6010,08C5D916,full_text,0,PASS,PASS
D07686,007F6020,08857364,full_text,0,PASS,PASS
D07687,007F6030,08857355,full_text,0,PASS,PASS
D07688,007F6040,08857346,full_text,0,PASS,PASS
D07689,007F6050,08C5D929,full_text,0,PASS,PASS
D07689,007F6060,08C5D929,full_text,0,PASS,PASS
D07689,007F6070,08C5D929,full_text,0,PASS,PASS
D07689,007F6080,08C5D929,full_text,0,PASS,PASS
D07689,007F6090,08C5D929,full_text,0,PASS,PASS
D07689,007F60A0,08C5D929,full_text,0,PASS,PASS
D07689,007F60B0,08C5D929,full_text,0,PASS,PASS
D07689,007F60C0,08C5D929,full_text,0,PASS,PASS
D07689,007F60D0,08C5D929,full_text,0,PASS,PASS
D07689,007F60E0,08C5D929,full_text,0,PASS,PASS
D07689,007F60F0,08C5D929,full_text,0,PASS,PASS
D07689,007F6100,08C5D929,full_text,0,PASS,PASS
D07689,007F6110,08C5D929,full_text,0,PASS,PASS
D07689,007F6120,08C5D929,full_text,0,PASS,PASS
D07689,007F6130,08C5D929,full_text,0,PASS,PASS
D07689,007F6140,08C5D929,full_text,0,PASS,PASS
D07689,007F6150,08C5D929,full_text,0,PASS,PASS
D07689,007F6160,08C5D929,full_text,0,PASS,PASS
D07689,007F6170,08C5D929,full_text,0,PASS,PASS
D07689,007F6180,08C5D929,full_text,0,PASS,PASS
D07690,007F6190,08C5D93E,full_text,0,PASS,PASS
D07690,007F61A0,08C5D93E,full_text,0,PASS,PASS
D07690,007F61B0,08C5D93E,full_text,0,PASS,PASS
D07691,007F61C0,08857315,full_text,0,PASS,PASS
D07691,007F61D0,08857315,full_text,0,PASS,PASS
D07691,007F61E0,08857315,full_text,0,PASS,PASS
D07691,007F61F0,08857315,full_text,0,PASS,PASS
D07692,007F6200,08C5D953,full_text,0,PASS,PASS
D07692,007F6210,08C5D953,full_text,0,PASS,PASS
D07692,007F6220,08C5D953,full_text,0,PASS,PASS
D07692,007F6230,08C5D953,full_text,0,PASS,PASS
D07692,007F6240,08C5D953,full_text,0,PASS,PASS
D07692,007F6250,08C5D953,full_text,0,PASS,PASS
D07693,007F6260,08C5D964,full_text,0,PASS,PASS
D07693,007F6270,08C5D964,full_text,0,PASS,PASS
D07693,007F6280,08C5D964,full_text,0,PASS,PASS
D07693,007F6290,08C5D964,full_text,0,PASS,PASS
D07693,007F62A0,08C5D964,full_text,0,PASS,PASS
D07693,007F62B0,08C5D964,full_text,0,PASS,PASS
D07693,007F62C0,08C5D964,full_text,0,PASS,PASS
D07694,007F62D0,08C5D975,full_text,0,PASS,PASS
D07694,007F62E0,08C5D975,full_text,0,PASS,PASS
D07694,007F62F0,08C5D975,full_text,0,PASS,PASS
D07694,007F6300,08C5D975,full_text,0,PASS,PASS
D07694,007F6310,08C5D975,full_text,0,PASS,PASS
D07694,007F6320,08C5D975,full_text,0,PASS,PASS
D07694,007F6330,08C5D975,full_text,0,PASS,PASS
D07694,007F6340,08C5D975,full_text,0,PASS,PASS
D07694,007F6350,08C5D975,full_text,0,PASS,PASS
D07694,007F6360,08C5D975,full_text,0,PASS,PASS
D07694,007F6370,08C5D975,full_text,0,PASS,PASS
D07695,007F6380,08C5D986,full_text,0,PASS,PASS
D07695,007F6390,08C5D986,full_text,0,PASS,PASS
D07695,007F63A0,08C5D986,full_text,0,PASS,PASS
D07695,007F63B0,08C5D986,full_text,0,PASS,PASS
D07695,007F63C0,08C5D986,full_text,0,PASS,PASS
D07695,007F63D0,08C5D986,full_text,0,PASS,PASS
D07695,007F63E0,08C5D986,full_text,0,PASS,PASS
D07695,007F63F0,08C5D986,full_text,0,PASS,PASS
D07696,007F6400,08C5D997,full_text,0,PASS,PASS
D07696,007F6410,08C5D997,full_text,0,PASS,PASS
D07696,007F6420,08C5D997,full_text,0,PASS,PASS
D07696,007F6430,08C5D997,full_text,0,PASS,PASS
D07696,007F6440,08C5D997,full_text,0,PASS,PASS
D07696,007F6450,08C5D997,full_text,0,PASS,PASS
D07696,007F6460,08C5D997,full_text,0,PASS,PASS
D07696,007F6470,08C5D997,full_text,0,PASS,PASS
D07697,007F6480,08857398,full_text,0,PASS,PASS
D07698,007F6490,08C5D9A8,full_text,0,PASS,PASS
D07698,007F64A0,08C5D9A8,full_text,0,PASS,PASS
D07698,007F64B0,08C5D9A8,full_text,0,PASS,PASS
D07698,007F64C0,08C5D9A8,full_text,0,PASS,PASS
D07698,007F64D0,08C5D9A8,full_text,0,PASS,PASS
D07698,007F64E0,08C5D9A8,full_text,0,PASS,PASS
D07698,007F64F0,08C5D9A8,full_text,0,PASS,PASS
D07698,007F6500,08C5D9A8,full_text,0,PASS,PASS
D07698,007F6510,08C5D9A8,full_text,0,PASS,PASS
D07699,007F6520,08C5D9B9,full_text,0,PASS,PASS
D07698,007F6530,08C5D9A8,full_text,0,PASS,PASS
D07698,007F6540,08C5D9A8,full_text,0,PASS,PASS
D07700,007F6550,08C5D9CE,full_text,0,PASS,PASS
D07701,007F6560,08C5D9E1,full_text,0,PASS,PASS
D07701,007F6570,08C5D9E1,full_text,0,PASS,PASS
D07701,007F6580,08C5D9E1,full_text,0,PASS,PASS
D07701,007F6590,08C5D9E1,full_text,0,PASS,PASS
D07701,007F65A0,08C5D9E1,full_text,0,PASS,PASS
D07701,007F65B0,08C5D9E1,full_text,0,PASS,PASS
D07701,007F65C0,08C5D9E1,full_text,0,PASS,PASS
D07701,007F65D0,08C5D9E1,full_text,0,PASS,PASS
D07701,007F65E0,08C5D9E1,full_text,0,PASS,PASS
D07702,007F65F0,08C5D9F6,full_text,0,PASS,PASS
D07702,007F6600,08C5D9F6,full_text,0,PASS,PASS
D07702,007F6610,08C5D9F6,full_text,0,PASS,PASS
D07703,007F6620,08C5DA09,full_text,0,PASS,PASS
D07703,007F6630,08C5DA09,full_text,0,PASS,PASS
D07703,007F6640,08C5DA09,full_text,0,PASS,PASS
D07703,007F6650,08C5DA09,full_text,0,PASS,PASS
D07703,007F6660,08C5DA09,full_text,0,PASS,PASS
D07703,007F6670,08C5DA09,full_text,0,PASS,PASS
D07703,007F6680,08C5DA09,full_text,0,PASS,PASS
D07704,007F6690,08C5DA1E,full_text,0,PASS,PASS
D07704,007F66A0,08C5DA1E,full_text,0,PASS,PASS
D07704,007F66B0,08C5DA1E,full_text,0,PASS,PASS
D07704,007F66C0,08C5DA1E,full_text,0,PASS,PASS
D07705,007F66D0,08C5DA31,full_text,0,PASS,PASS
D07705,007F66E0,08C5DA31,full_text,0,PASS,PASS
D07705,007F66F0,08C5DA31,full_text,0,PASS,PASS
D07705,007F6700,08C5DA31,full_text,0,PASS,PASS
D07706,007F6710,088574D5,full_text,0,PASS,PASS
D07707,007F6720,08C5DA46,full_text,0,PASS,PASS
D07707,007F6730,08C5DA46,full_text,0,PASS,PASS
D07707,007F6740,08C5DA46,full_text,0,PASS,PASS
D07707,007F6750,08C5DA46,full_text,0,PASS,PASS
D07707,007F6760,08C5DA46,full_text,0,PASS,PASS
D07707,007F6770,08C5DA46,full_text,0,PASS,PASS
D07707,007F6780,08C5DA46,full_text,0,PASS,PASS
D07707,007F6790,08C5DA46,full_text,0,PASS,PASS
D07708,007F67A0,088574BD,full_text,0,PASS,PASS
D07707,007F67B0,08C5DA46,full_text,0,PASS,PASS
D07707,007F67C0,08C5DA46,full_text,0,PASS,PASS
D07707,007F67D0,08C5DA46,full_text,0,PASS,PASS
D07709,007F67E0,08C5DA55,full_text,0,PASS,PASS
D07709,007F67F0,08C5DA55,full_text,0,PASS,PASS
D07709,007F6800,08C5DA55,full_text,0,PASS,PASS
D07709,007F6810,08C5DA55,full_text,0,PASS,PASS
D07709,007F6820,08C5DA55,full_text,0,PASS,PASS
D07709,007F6830,08C5DA55,full_text,0,PASS,PASS
D07709,007F6840,08C5DA55,full_text,0,PASS,PASS
D07709,007F6850,08C5DA55,full_text,0,PASS,PASS
D07709,007F6860,08C5DA55,full_text,0,PASS,PASS
D07710,007F6870,08C5DA64,full_text,0,PASS,PASS
D07710,007F6880,08C5DA64,full_text,0,PASS,PASS
D07710,007F6890,08C5DA64,full_text,0,PASS,PASS
D07711,007F68A0,0885749E,full_text,0,PASS,PASS
D07710,007F68B0,08C5DA64,full_text,0,PASS,PASS
D07710,007F68C0,08C5DA64,full_text,0,PASS,PASS
D07710,007F68D0,08C5DA64,full_text,0,PASS,PASS
D07710,007F68E0,08C5DA64,full_text,0,PASS,PASS
D07710,007F68F0,08C5DA64,full_text,0,PASS,PASS
D07710,007F6900,08C5DA64,full_text,0,PASS,PASS
D07710,007F6910,08C5DA64,full_text,0,PASS,PASS
D07710,007F6920,08C5DA64,full_text,0,PASS,PASS
D07710,007F6930,08C5DA64,full_text,0,PASS,PASS
D07712,007F6940,08C5DA73,full_text,0,PASS,PASS
D07712,007F6950,08C5DA73,full_text,0,PASS,PASS
D07712,007F6960,08C5DA73,full_text,0,PASS,PASS
D07712,007F6970,08C5DA73,full_text,0,PASS,PASS
D07712,007F6980,08C5DA73,full_text,0,PASS,PASS
D07713,007F6990,08C5DA82,full_text,0,PASS,PASS
D07714,007F69A0,088575AB,full_text,0,PASS,PASS
D07715,007F69B0,08C5DA93,full_text,0,PASS,PASS
D07686,007F69C0,08857597,full_text,0,PASS,PASS
D07686,007F69D0,08857597,full_text,0,PASS,PASS
D07686,007F69E0,08857597,full_text,0,PASS,PASS
D07686,007F69F0,08857597,full_text,0,PASS,PASS
D07716,007F6A00,08C5DAA4,full_text,0,PASS,PASS
D07717,007F6A10,08857577,full_text,0,PASS,PASS
D07718,007F6A20,08C5DABB,full_text,0,PASS,PASS
D07718,007F6A30,08C5DABB,full_text,0,PASS,PASS
D07718,007F6A40,08C5DABB,full_text,0,PASS,PASS
D07718,007F6A50,08C5DABB,full_text,0,PASS,PASS
D07719,007F6A60,08C5DAC8,full_text,0,PASS,PASS
D07720,007F6A70,08C5DAD9,full_text,0,PASS,PASS
D07721,007F6A80,08C5DAE8,full_text,0,PASS,PASS
D07722,007F6A90,08C5DAF5,full_text,0,PASS,PASS
D07722,007F6AA0,08C5DAF5,full_text,0,PASS,PASS
D07722,007F6AB0,08C5DAF5,full_text,0,PASS,PASS
D07723,007F6AC0,08C5DB02,full_text,0,PASS,PASS
D07724,007F6AD0,08857516,full_text,0,PASS,PASS
D07724,007F6AE0,08857516,full_text,0,PASS,PASS
D07724,007F6AF0,08857516,full_text,0,PASS,PASS
D07724,007F6B00,08857516,full_text,0,PASS,PASS
D07724,007F6B10,08857516,full_text,0,PASS,PASS
D07725,007F6B20,08C5DB17,full_text,0,PASS,PASS
D07726,007F6B30,08C5DB28,full_text,0,PASS,PASS
D07727,007F6B40,08C5DB3D,full_text,0,PASS,PASS
D07727,007F6B50,08C5DB3D,full_text,0,PASS,PASS
D07728,007F6B60,088574E4,full_text,0,PASS,PASS
D07728,007F6B70,088574E4,full_text,0,PASS,PASS
D07728,007F6B80,088574E4,full_text,0,PASS,PASS
D07728,007F6B90,088574E4,full_text,0,PASS,PASS
D07728,007F6BA0,088574E4,full_text,0,PASS,PASS
D07728,007F6BB0,088574E4,full_text,0,PASS,PASS
D07728,007F6BC0,088574E4,full_text,0,PASS,PASS
D07728,007F6BD0,088574E4,full_text,0,PASS,PASS
D07728,007F6BE0,088574E4,full_text,0,PASS,PASS
D07729,007F6BF0,08857639,full_text,0,PASS,PASS
D07730,007F6C00,08C5DB48,full_text,0,PASS,PASS
D07730,007F6C10,08C5DB48,full_text,0,PASS,PASS
D07730,007F6C20,08C5DB48,full_text,0,PASS,PASS
D07730,007F6C30,08C5DB48,full_text,0,PASS,PASS
D07730,007F6C40,08C5DB48,full_text,0,PASS,PASS
D07731,007F6C50,08C5DB59,full_text,0,PASS,PASS
D07731,007F6C60,08C5DB59,full_text,0,PASS,PASS
D07731,007F6C70,08C5DB59,full_text,0,PASS,PASS
D07731,007F6C80,08C5DB59,full_text,0,PASS,PASS
D07731,007F6C90,08C5DB59,full_text,0,PASS,PASS
D07732,007F6CA0,08C5DB6A,full_text,0,PASS,PASS
D07732,007F6CB0,08C5DB6A,full_text,0,PASS,PASS
D07732,007F6CC0,08C5DB6A,full_text,0,PASS,PASS
D07732,007F6CD0,08C5DB6A,full_text,0,PASS,PASS
D07733,007F6CE0,08C5DB7B,full_text,0,PASS,PASS
D07733,007F6CF0,08C5DB7B,full_text,0,PASS,PASS
D07733,007F6D00,08C5DB7B,full_text,0,PASS,PASS
D07733,007F6D10,08C5DB7B,full_text,0,PASS,PASS
D07733,007F6D20,08C5DB7B,full_text,0,PASS,PASS
D07733,007F6D30,08C5DB7B,full_text,0,PASS,PASS
D07734,007F6D40,08C5DB92,full_text,0,PASS,PASS
D07735,007F6D50,08C5DBA9,full_text,0,PASS,PASS
D07736,007F6D60,088575BE,full_text,0,PASS,PASS
D07737,007F6D70,08C5DBC0,full_text,0,PASS,PASS
D07738,007F6D80,08C5DBD3,full_text,0,PASS,PASS
D07739,007F6D90,08C5DBE4,full_text,0,PASS,PASS
D07740,007F6DA0,08C5DBF5,full_text,0,PASS,PASS
D07741,007F6DB0,0885764A,full_text,0,PASS,PASS
D07742,007F6DC0,08C5DC06,full_text,0,PASS,PASS
D07743,007F6DD0,08C5DC17,full_text,0,PASS,PASS
D07743,007F6DE0,08C5DC17,full_text,0,PASS,PASS
D07743,007F6DF0,08C5DC17,full_text,0,PASS,PASS
D07743,007F6E00,08C5DC17,full_text,0,PASS,PASS
D07743,007F6E10,08C5DC17,full_text,0,PASS,PASS
D07743,007F6E20,08C5DC17,full_text,0,PASS,PASS
D07743,007F6E30,08C5DC17,full_text,0,PASS,PASS
D07743,007F6E40,08C5DC17,full_text,0,PASS,PASS
D07743,007F6E50,08C5DC17,full_text,0,PASS,PASS
D07743,007F6E60,08C5DC17,full_text,0,PASS,PASS
D07743,007F6E70,08C5DC17,full_text,0,PASS,PASS
D07743,007F6E80,08C5DC17,full_text,0,PASS,PASS
D07743,007F6E90,08C5DC17,full_text,0,PASS,PASS
D07743,007F6EA0,08C5DC17,full_text,0,PASS,PASS
D07743,007F6EB0,08C5DC17,full_text,0,PASS,PASS
D07743,007F6EC0,08C5DC17,full_text,0,PASS,PASS
D07743,007F6ED0,08C5DC17,full_text,0,PASS,PASS
D07743,007F6EE0,08C5DC17,full_text,0,PASS,PASS
D07744,007F6EF0,08C5DC28,full_text,0,PASS,PASS
D07744,007F6F00,08C5DC28,full_text,0,PASS,PASS
D07744,007F6F10,08C5DC28,full_text,0,PASS,PASS
D07744,007F6F20,08C5DC28,full_text,0,PASS,PASS
D07744,007F6F30,08C5DC28,full_text,0,PASS,PASS
D07744,007F6F40,08C5DC28,full_text,0,PASS,PASS
D07744,007F6F50,08C5DC28,full_text,0,PASS,PASS
D07744,007F6F60,08C5DC28,full_text,0,PASS,PASS
D07744,007F6F70,08C5DC28,full_text,0,PASS,PASS
D07744,007F6F80,08C5DC28,full_text,0,PASS,PASS
D07744,007F6F90,08C5DC28,full_text,0,PASS,PASS
D07744,007F6FA0,08C5DC28,full_text,0,PASS,PASS
D07744,007F6FB0,08C5DC28,full_text,0,PASS,PASS
D07744,007F6FC0,08C5DC28,full_text,0,PASS,PASS
D07744,007F6FD0,08C5DC28,full_text,0,PASS,PASS
D07744,007F6FE0,08C5DC28,full_text,0,PASS,PASS
D07744,007F6FF0,08C5DC28,full_text,0,PASS,PASS
D07744,007F7000,08C5DC28,full_text,0,PASS,PASS
D07744,007F7010,08C5DC28,full_text,0,PASS,PASS
D07744,007F7020,08C5DC28,full_text,0,PASS,PASS
D07744,007F7030,08C5DC28,full_text,0,PASS,PASS
D07744,007F7040,08C5DC28,full_text,0,PASS,PASS
D07744,007F7050,08C5DC28,full_text,0,PASS,PASS
D07744,007F7060,08C5DC28,full_text,0,PASS,PASS
D07745,007F7070,08C5DC39,full_text,0,PASS,PASS
D07745,007F7080,08C5DC39,full_text,0,PASS,PASS
D07745,007F7090,08C5DC39,full_text,0,PASS,PASS
D07745,007F70A0,08C5DC39,full_text,0,PASS,PASS
D07745,007F70B0,08C5DC39,full_text,0,PASS,PASS
D07745,007F70C0,08C5DC39,full_text,0,PASS,PASS
D07745,007F70D0,08C5DC39,full_text,0,PASS,PASS
D07745,007F70E0,08C5DC39,full_text,0,PASS,PASS
D07745,007F70F0,08C5DC39,full_text,0,PASS,PASS
D07745,007F7100,08C5DC39,full_text,0,PASS,PASS
D07746,007F7110,08857689,full_text,0,PASS,PASS
D07745,007F7120,08C5DC39,full_text,0,PASS,PASS
D07745,007F7130,08C5DC39,full_text,0,PASS,PASS
D07747,007F7A0C,08C5DC4A,full_text,0,PASS,PASS
D07748,007F7A28,08C5DCCB,full_text,0,PASS,PASS
D07749,007F7A44,08C5DD76,full_text,0,PASS,PASS
D07750,007F7A60,08C5DDC5,full_text,0,PASS,PASS
D07751,007F7A7C,08C5DE3E,full_text,0,PASS,PASS
D07752,007F7A98,08C5DEC3,full_text,0,PASS,PASS
D07753,007F7AB4,08C5DF0C,full_text,0,PASS,PASS
D07754,007F7AD0,08C5DF59,full_text,0,PASS,PASS
D07755,007F7AEC,08C5DF9C,full_text,0,PASS,PASS
D07756,007F7B08,0885CC9B,full_text,0,PASS,PASS
D07757,007F7B24,08C5DFF1,full_text,0,PASS,PASS
D07758,007F7B40,08C5E048,full_text,0,PASS,PASS
D07759,007F7B5C,08C5E0BD,full_text,0,PASS,PASS
D07760,007F7B78,08C5E15A,full_text,0,PASS,PASS
D07761,007F7B94,08C5E1B3,full_text,0,PASS,PASS
D07762,007F7BB0,08C5E216,full_text,0,PASS,PASS
D07763,007F7BCC,08C5E275,full_text,0,PASS,PASS
D07764,007F7BE8,08C5E2D0,full_text,0,PASS,PASS
D07765,007F7C04,08C5E30F,full_text,0,PASS,PASS
D07766,007F7C20,08C5E368,full_text,0,PASS,PASS
D07767,007F7C3C,08C5E3C7,full_text,0,PASS,PASS
D07768,007F7C58,08C5E442,full_text,0,PASS,PASS
D07769,007F7C74,08C5E489,full_text,0,PASS,PASS
D07770,007F7C90,08C5E4E0,full_text,0,PASS,PASS
D07771,007F7CAC,08C5E549,full_text,0,PASS,PASS
D07772,007F7CC8,08C5E580,full_text,0,PASS,PASS
D07773,007F7CE4,08C5E5E1,full_text,0,PASS,PASS
D07774,007F7D00,08C5E628,full_text,0,PASS,PASS
D07775,007F7D1C,08C5E685,full_text,0,PASS,PASS
D07776,007F7D38,08C5E71E,full_text,0,PASS,PASS
D07777,007F7D54,08C5E77F,full_text,0,PASS,PASS
D07778,007F7D70,08C5E7D0,full_text,0,PASS,PASS
D07779,007F7D8C,08C5E831,full_text,0,PASS,PASS
D07780,007F7DA8,08C5E8A6,full_text,0,PASS,PASS
D07781,007F7DC4,08C5E8F5,full_text,0,PASS,PASS
D07782,007F7DE0,08C5E95A,full_text,0,PASS,PASS
D07783,007F7DFC,08C5E9C1,full_text,0,PASS,PASS
D07784,007F7E18,08C5EA3E,full_text,0,PASS,PASS
D07785,007F7E34,08C5EA97,full_text,0,PASS,PASS
D07786,007F7E50,08C5EB16,full_text,0,PASS,PASS
D07787,007F7E6C,08C5EC21,full_text,0,PASS,PASS
D07788,007F7E88,08C5EC74,full_text,0,PASS,PASS
D07789,007F7EA4,08C5ECC7,full_text,0,PASS,PASS
D07790,007F7EC0,08C5ED20,full_text,0,PASS,PASS
D07791,007F7EDC,08C5ED8F,full_text,0,PASS,PASS
D07792,007F7EF8,08C5EDDA,full_text,0,PASS,PASS
D07793,007F7F14,08C5EE33,full_text,0,PASS,PASS
D07794,007F7F30,08C5EE8E,full_text,0,PASS,PASS
D07795,007F7F4C,08C5EEC5,full_text,0,PASS,PASS
D07796,007F7F68,08C5EFC2,full_text,0,PASS,PASS
D07797,007F7F84,08C5F039,full_text,0,PASS,PASS
D07798,007F7FA0,08C5F08C,full_text,0,PASS,PASS
D07799,007F7FBC,08C5F0ED,full_text,0,PASS,PASS
D07800,007F7FD8,08C5F130,full_text,0,PASS,PASS
D07801,007F7FF4,08C5F1A9,full_text,0,PASS,PASS
D07802,007F8010,08C5F21C,full_text,0,PASS,PASS
D07803,007F802C,08C5F29D,full_text,0,PASS,PASS
D07804,007F8048,08C5F2DA,full_text,0,PASS,PASS
D07805,007F8064,08C5F343,full_text,0,PASS,PASS
D07806,007F8080,08C5F44C,full_text,0,PASS,PASS
D07807,007F809C,08C5F54B,full_text,0,PASS,PASS
D07808,007F80B8,08C5F5F4,full_text,0,PASS,PASS
D07809,007F80D4,08C5F63E,full_text,0,PASS,PASS
D07810,007F80F0,08C5F691,full_text,0,PASS,PASS
D07811,007F810C,08C5F6F2,full_text,0,PASS,PASS
D07812,007F8128,08C5F74D,full_text,0,PASS,PASS
D07813,007F8144,08C5F790,full_text,0,PASS,PASS
D07814,007F8160,08C5F7D9,full_text,0,PASS,PASS
D07815,007F817C,08C5F872,full_text,0,PASS,PASS
D07816,007F8198,08C5F8B3,full_text,0,PASS,PASS
D07817,007F81B4,08C5F8FE,full_text,0,PASS,PASS
D07818,007F81D0,08C5F961,full_text,0,PASS,PASS
D07819,007F81EC,08C5FA0A,full_text,0,PASS,PASS
D07820,007F8208,08C5FA47,full_text,0,PASS,PASS
D07821,007F8224,08C5FAB2,full_text,0,PASS,PASS
D07822,007F8240,08C5FB5B,full_text,0,PASS,PASS
D07823,007F825C,08C5FBD4,full_text,0,PASS,PASS
D07824,007F8278,08C5FC35,full_text,0,PASS,PASS
D07825,007F8294,08C5FC8C,full_text,0,PASS,PASS
D07826,007F82B0,08C5FD45,full_text,0,PASS,PASS
D07827,007F82CC,08C5FDBC,full_text,0,PASS,PASS
D07828,007F82E8,08C5FE1B,full_text,0,PASS,PASS
D07829,007F8304,08C5FE76,full_text,0,PASS,PASS
D07830,007F8320,08C5FEC9,full_text,0,PASS,PASS
D07831,007F833C,08C5FF06,full_text,0,PASS,PASS
D07832,007F8358,08C5FF61,full_text,0,PASS,PASS
D07833,007F8374,08C5FF9A,full_text,0,PASS,PASS
D07834,007F8390,08C5FFDD,full_text,0,PASS,PASS
D07835,007F83AC,08C6001C,full_text,0,PASS,PASS
D07836,007F83C8,08C60077,full_text,0,PASS,PASS
D07837,007F83E4,08C600AC,full_text,0,PASS,PASS
D07838,007F8400,08C6011D,full_text,0,PASS,PASS
D07839,007F841C,08C6018E,full_text,0,PASS,PASS
D07840,007F8438,08C601D9,full_text,0,PASS,PASS
D07841,007F8454,08C60248,full_text,0,PASS,PASS
D07842,007F8470,08C602E1,full_text,0,PASS,PASS
D07843,007F848C,08C60378,full_text,0,PASS,PASS
D07844,007F84A8,08C6042D,full_text,0,PASS,PASS
D07845,007F84C4,08C604C4,full_text,0,PASS,PASS
D07846,007F84E0,08C60533,full_text,0,PASS,PASS
D07847,007F84FC,08C6062E,full_text,0,PASS,PASS
D07848,007F8518,08C606C1,full_text,0,PASS,PASS
D07849,007F8534,08C606F2,full_text,0,PASS,PASS
D07850,007F8550,08C60731,full_text,0,PASS,PASS
D07851,007F856C,08C60788,full_text,0,PASS,PASS
D07852,007F8588,08C607FF,full_text,0,PASS,PASS
D07853,007F85A4,08C6083C,full_text,0,PASS,PASS
D07854,007F85C0,08C6088D,full_text,0,PASS,PASS
D07855,007F85DC,08C60906,full_text,0,PASS,PASS
D07856,007F85F8,08C60981,full_text,0,PASS,PASS
D07857,007F8614,08C609CC,full_text,0,PASS,PASS
D07858,007F8630,08C60A67,full_text,0,PASS,PASS
D07859,007F864C,08C60B16,full_text,0,PASS,PASS
D07860,007F8668,08C60B73,full_text,0,PASS,PASS
D07861,007F8684,08C60BDA,full_text,0,PASS,PASS
D07862,007F86A0,08C60C3D,full_text,0,PASS,PASS
D07863,007F86BC,08C60C9C,full_text,0,PASS,PASS
D07864,007F86D8,08C60D01,full_text,0,PASS,PASS
D07865,007F86F4,08C60D64,full_text,0,PASS,PASS
D07866,007F8710,08C60DDD,full_text,0,PASS,PASS
D07867,007F872C,08C60E42,full_text,0,PASS,PASS
D07868,007F8748,08C60EA9,full_text,0,PASS,PASS
D07869,007F8764,08C60F1A,full_text,0,PASS,PASS
D07870,007F8780,08C60FED,full_text,0,PASS,PASS
D07871,007F879C,08C61080,full_text,0,PASS,PASS
D07872,007F87B8,08C610C9,full_text,0,PASS,PASS
D07873,007F87D4,08C61118,full_text,0,PASS,PASS
D07874,007F87F0,08C6114F,full_text,0,PASS,PASS
D07875,007F880C,08C6118C,full_text,0,PASS,PASS
D07876,007F8828,08C611D7,full_text,0,PASS,PASS
D07877,007F8844,08C6124E,full_text,0,PASS,PASS
D07878,007F8860,08C612A9,full_text,0,PASS,PASS
D07879,007F887C,08C612FA,full_text,0,PASS,PASS
D07880,007F8898,08C6135F,full_text,0,PASS,PASS
D07881,007F88B4,08C613C6,full_text,0,PASS,PASS
D07882,007F88D0,08C6143F,full_text,0,PASS,PASS
D07883,007F88EC,08C61494,full_text,0,PASS,PASS
D07884,007F8908,08C61515,full_text,0,PASS,PASS
D07885,007F8924,08C6158E,full_text,0,PASS,PASS
D07886,007F8940,08C61645,full_text,0,PASS,PASS
D07887,007F895C,08C61688,full_text,0,PASS,PASS
D07888,007F8978,08C616E9,full_text,0,PASS,PASS
D07889,007F8994,08C61754,full_text,0,PASS,PASS
D07890,007F89B0,08C617BF,full_text,0,PASS,PASS
D07891,007F89CC,08C61808,full_text,0,PASS,PASS
D07892,007F89E8,08C61869,full_text,0,PASS,PASS
D07893,007F8A04,08C618CA,full_text,0,PASS,PASS
D07894,007F8A20,08C6192B,full_text,0,PASS,PASS
D07895,007F8A3C,08C619A6,full_text,0,PASS,PASS
D07896,007F8A58,08C61A11,full_text,0,PASS,PASS
D07897,007F8A74,08C61A90,full_text,0,PASS,PASS
D07898,007F8A90,08C61B13,full_text,0,PASS,PASS
D07899,007F8AAC,08C61BA6,full_text,0,PASS,PASS
D07900,007F8AC8,08C61C49,full_text,0,PASS,PASS
D07901,007F8AE4,08C61CFA,full_text,0,PASS,PASS
D07902,007F8B00,08C61DB1,full_text,0,PASS,PASS
D07903,007F8B1C,08C61E08,full_text,0,PASS,PASS
D07904,007F8B38,08C61E77,full_text,0,PASS,PASS
D07905,007F8B54,08C61F0C,full_text,0,PASS,PASS
D07906,007F8B70,08C61F97,full_text,0,PASS,PASS
D07907,007F8B8C,08C61FD8,full_text,0,PASS,PASS
D07908,007F8BA8,08C62043,full_text,0,PASS,PASS
D07909,007F8BC4,08C620BE,full_text,0,PASS,PASS
D07910,007F8BE0,08C62133,full_text,0,PASS,PASS
D07911,007F8BFC,08C6217E,full_text,0,PASS,PASS
D07912,007F8C18,08C621FD,full_text,0,PASS,PASS
D07913,007F8C34,08C622A0,full_text,0,PASS,PASS
D07914,007F8C50,08C62313,full_text,0,PASS,PASS
D07915,007F8C6C,08C62384,full_text,0,PASS,PASS
D07916,007F8C88,08C623E3,full_text,0,PASS,PASS
D07917,007F8CA4,08C624AC,full_text,0,PASS,PASS
D07918,007F8CC0,08C62507,full_text,0,PASS,PASS
D07919,007F8CDC,08C6257A,full_text,0,PASS,PASS
D07920,007F8CF8,08C62603,full_text,0,PASS,PASS
D07921,007F8D14,08C62692,full_text,0,PASS,PASS
D07922,007F8D30,08C626E9,full_text,0,PASS,PASS
D07923,007F8D4C,08C6276A,full_text,0,PASS,PASS
D07924,007F8D68,08C627B5,full_text,0,PASS,PASS
D07925,007F8D84,08C62874,full_text,0,PASS,PASS
D07926,007F8DA0,08C628B3,full_text,0,PASS,PASS
D07927,007F8DBC,08C6291C,full_text,0,PASS,PASS
D07928,007F8DD8,08C6295F,full_text,0,PASS,PASS
D07929,007F8DF4,08C629EC,full_text,0,PASS,PASS
D07930,007F8E10,08C62A1F,full_text,0,PASS,PASS
D07931,007F8E2C,08C62A66,full_text,0,PASS,PASS
D07932,007F8E48,08C62ADB,full_text,0,PASS,PASS
D07933,007F8E64,08C62B44,full_text,0,PASS,PASS
D07934,007F8E80,08C62BCD,full_text,0,PASS,PASS
D07935,007F8E9C,08C62C78,full_text,0,PASS,PASS
D07936,007F8EB8,08C62CE9,full_text,0,PASS,PASS
D07937,007F8ED4,08C62D50,full_text,0,PASS,PASS
D07938,007F8EF0,08C62DBF,full_text,0,PASS,PASS
D07939,007F8F0C,08C62DEC,full_text,0,PASS,PASS
D07940,007F8F28,08C62E41,full_text,0,PASS,PASS
D07941,007F8F44,08C62E82,full_text,0,PASS,PASS
D07942,007F8F60,08C62F09,full_text,0,PASS,PASS
D07943,007F8F7C,08C62F92,full_text,0,PASS,PASS
D07944,007F8F98,08C62FEB,full_text,0,PASS,PASS
D07945,007F8FB4,08C63032,full_text,0,PASS,PASS
D07946,007F8FD0,08C630C5,full_text,0,PASS,PASS
D07947,007F8FEC,08C63134,full_text,0,PASS,PASS
D07948,007F90F8,08C631B1,full_text,0,PASS,PASS
D07949,007F9100,08C63250,full_text,0,PASS,PASS
D07950,007F9108,08C632EB,full_text,0,PASS,PASS
D07951,007F9110,08C63356,full_text,0,PASS,PASS
D07952,007F9118,08C6338B,full_text,0,PASS,PASS
D07953,007F9120,08C63402,full_text,0,PASS,PASS
D07954,007F9128,08C63427,full_text,0,PASS,PASS
D07955,007F9130,08C63440,full_text,0,PASS,PASS
D07956,007F9138,08C63463,full_text,0,PASS,PASS
D07957,007F9140,08C6347E,full_text,0,PASS,PASS
D07958,007F9148,08C634CF,full_text,0,PASS,PASS
D07959,007F9150,08C634EC,full_text,0,PASS,PASS
D07960,007F9158,08C6353B,full_text,0,PASS,PASS
D07961,007F9160,08C635BC,full_text,0,PASS,PASS
D07962,007F9168,08C63629,full_text,0,PASS,PASS
D07963,007F9170,08C73176,full_text,0,PASS,PASS
D07964,007F9178,08C63721,full_text,0,PASS,PASS
D07965,007F9184,08C637F6,full_text,0,PASS,PASS
D07966,007F918C,08C6384B,full_text,0,PASS,PASS
D07967,007F9190,08C6387E,full_text,0,PASS,PASS
D07968,007F9194,08C638A1,full_text,0,PASS,PASS
D07969,007F9198,08C638E6,full_text,0,PASS,PASS
D07970,007F91A8,08C6394F,full_text,0,PASS,PASS
D07971,007F91AC,08C63998,full_text,0,PASS,PASS
D07972,007F91B0,08C63A0B,full_text,0,PASS,PASS
D07973,007F91B4,08C63A5E,full_text,0,PASS,PASS
D07974,007F91B8,08C63A89,full_text,0,PASS,PASS
D07975,007F91BC,08C63AEC,full_text,0,PASS,PASS
D07976,007F9214,08C63B97,full_text,0,PASS,PASS
D07977,007F9218,08C63BDA,full_text,0,PASS,PASS
D07978,007F921C,08C63C4D,full_text,0,PASS,PASS
D07979,007F9220,08C63C72,full_text,0,PASS,PASS
D07980,007F9224,08C63CB7,full_text,0,PASS,PASS
D07981,007F9228,08C63D00,full_text,0,PASS,PASS
D07982,007F9238,08C63D7D,full_text,0,PASS,PASS
D07983,007F923C,08C63DD0,full_text,0,PASS,PASS
D07984,007F9240,08C63E39,full_text,0,PASS,PASS
D07985,007F9244,08C63E5A,full_text,0,PASS,PASS
D07986,007F9248,08C63E75,full_text,0,PASS,PASS
D07987,007F924C,08C63EB8,full_text,0,PASS,PASS
D07988,007F9280,08C63F29,full_text,0,PASS,PASS
D07989,007F9288,08C63FBC,full_text,0,PASS,PASS
D07990,007F928C,08C6400D,full_text,0,PASS,PASS
D07991,007F9290,08C64064,full_text,0,PASS,PASS
D07992,007F9294,08C640D7,full_text,0,PASS,PASS
D07993,007F92A4,08C6412E,full_text,0,PASS,PASS
D07994,007F92A8,08C641B5,full_text,0,PASS,PASS
D07995,007F92AC,08C64224,full_text,0,PASS,PASS
D07996,007F92B0,08C64281,full_text,0,PASS,PASS
D07997,007F92B4,08C642BE,full_text,0,PASS,PASS
D07998,007F92B8,08C642F5,full_text,0,PASS,PASS
D07999,007F92C8,08C64388,full_text,0,PASS,PASS
D08000,007F92CC,08C64421,full_text,0,PASS,PASS
D08001,007F92D0,08C644B0,full_text,0,PASS,PASS
D08002,007F92D4,08C644D5,full_text,0,PASS,PASS
D08003,007F92D8,08C64510,full_text,0,PASS,PASS
D08004,007F92DC,08C64599,full_text,0,PASS,PASS
D08005,007F9334,08C6461E,full_text,0,PASS,PASS
D08006,007F933C,08C64689,full_text,0,PASS,PASS
D08007,007F9340,08C646A8,full_text,0,PASS,PASS
D08008,007F9344,08C646C3,full_text,0,PASS,PASS
D08009,007F9348,08C64708,full_text,0,PASS,PASS
D08010,007F937C,08C64747,full_text,0,PASS,PASS
D08011,007F9380,08C64790,full_text,0,PASS,PASS
D08012,007F9384,08C64857,full_text,0,PASS,PASS
D08013,007F9388,08C64880,full_text,0,PASS,PASS
D08014,007F938C,08C648A5,full_text,0,PASS,PASS
D08015,007F9390,08C6490C,full_text,0,PASS,PASS
D08016,007F93A0,08C649B1,full_text,0,PASS,PASS
D08017,007F93A8,08C649F2,full_text,0,PASS,PASS
D08018,007F93AC,08C64A19,full_text,0,PASS,PASS
D08019,007F93B0,08C64A42,full_text,0,PASS,PASS
D08020,007F93B4,08C64A91,full_text,0,PASS,PASS
D08021,007F940C,08C64B00,full_text,0,PASS,PASS
D08022,007F9414,08C64B41,full_text,0,PASS,PASS
D08023,007F9418,08C64B84,full_text,0,PASS,PASS
D08024,007F941C,08C64BAD,full_text,0,PASS,PASS
D08025,007F9420,08C64C1A,full_text,0,PASS,PASS
D08026,007F9430,08C64C4B,full_text,0,PASS,PASS
D08027,007F9438,08C64C8E,full_text,0,PASS,PASS
D08028,007F943C,08C64CBF,full_text,0,PASS,PASS
D08029,007F9440,08C64CFE,full_text,0,PASS,PASS
D08030,007F9444,08C64D57,full_text,0,PASS,PASS
UI_007F95E8_pointer,007F95E8,08C0E0AE,other_declared_pointer,0,ROM,NOT_A_TEXT_ASSERTION
UI_007F95EC_pointer,007F95EC,08C0E0B8,other_declared_pointer,0,ROM,NOT_A_TEXT_ASSERTION
UI_007F95F0_pointer,007F95F0,08C0E0C2,other_declared_pointer,0,ROM,NOT_A_TEXT_ASSERTION
UI_007F95F4_pointer,007F95F4,08C0E0C9,other_declared_pointer,0,ROM,NOT_A_TEXT_ASSERTION
D08031,007F95F8,08C64D8E,full_text,0,PASS,PASS
D08032,007F95FC,08C64DA9,full_text,0,PASS,PASS
D08033,007F9600,08C64DBE,full_text,0,PASS,PASS
D08034,007F9604,0885F21F,full_text,0,PASS,PASS
